# Photometric 3D Solder Metrology Studio Wavefront OBJ
# Unit: Micrometers (um)
v 0.00 0.00 97.60
v 10.00 0.00 100.01
v 20.00 0.00 102.04
v 30.00 0.00 103.82
v 40.00 0.00 105.46
v 50.00 0.00 106.88
v 60.00 0.00 107.51
v 70.00 0.00 107.56
v 80.00 0.00 107.43
v 90.00 0.00 106.71
v 100.00 0.00 106.01
v 110.00 0.00 105.00
v 120.00 0.00 103.52
v 130.00 0.00 102.08
v 140.00 0.00 100.24
v 150.00 0.00 97.52
v 160.00 0.00 93.91
v 170.00 0.00 88.27
v 180.00 0.00 80.54
v 190.00 0.00 76.70
v 200.00 0.00 73.66
v 210.00 0.00 71.73
v 220.00 0.00 72.99
v 230.00 0.00 77.44
v 240.00 0.00 79.41
v 250.00 0.00 79.44
v 260.00 0.00 79.09
v 270.00 0.00 78.26
v 280.00 0.00 77.12
v 290.00 0.00 75.88
v 300.00 0.00 74.57
v 310.00 0.00 73.53
v 320.00 0.00 72.39
v 330.00 0.00 71.26
v 340.00 0.00 70.00
v 350.00 0.00 68.59
v 360.00 0.00 67.31
v 370.00 0.00 65.97
v 380.00 0.00 64.92
v 390.00 0.00 64.05
v 400.00 0.00 62.96
v 410.00 0.00 62.14
v 420.00 0.00 61.61
v 430.00 0.00 60.85
v 440.00 0.00 59.85
v 450.00 0.00 58.93
v 460.00 0.00 58.30
v 470.00 0.00 57.65
v 480.00 0.00 57.07
v 490.00 0.00 56.36
v 500.00 0.00 55.95
v 510.00 0.00 55.81
v 520.00 0.00 55.85
v 530.00 0.00 56.07
v 540.00 0.00 56.56
v 550.00 0.00 57.25
v 560.00 0.00 57.95
v 570.00 0.00 59.07
v 580.00 0.00 60.21
v 590.00 0.00 61.42
v 600.00 0.00 62.77
v 610.00 0.00 64.21
v 620.00 0.00 65.79
v 630.00 0.00 67.59
v 640.00 0.00 69.35
v 650.00 0.00 71.33
v 660.00 0.00 73.59
v 670.00 0.00 75.98
v 680.00 0.00 78.30
v 690.00 0.00 80.87
v 700.00 0.00 83.55
v 710.00 0.00 86.38
v 720.00 0.00 89.36
v 730.00 0.00 91.58
v 740.00 0.00 93.61
v 0.00 10.00 100.52
v 10.00 10.00 102.87
v 20.00 10.00 105.55
v 30.00 10.00 107.95
v 40.00 10.00 110.40
v 50.00 10.00 112.41
v 60.00 10.00 113.29
v 70.00 10.00 112.98
v 80.00 10.00 111.29
v 90.00 10.00 110.00
v 100.00 10.00 108.28
v 110.00 10.00 106.71
v 120.00 10.00 105.36
v 130.00 10.00 104.04
v 140.00 10.00 102.17
v 150.00 10.00 100.02
v 160.00 10.00 97.06
v 170.00 10.00 93.12
v 180.00 10.00 88.89
v 190.00 10.00 85.32
v 200.00 10.00 83.23
v 210.00 10.00 82.76
v 220.00 10.00 83.18
v 230.00 10.00 84.43
v 240.00 10.00 85.79
v 250.00 10.00 86.81
v 260.00 10.00 87.13
v 270.00 10.00 86.89
v 280.00 10.00 86.10
v 290.00 10.00 85.26
v 300.00 10.00 84.41
v 310.00 10.00 83.55
v 320.00 10.00 82.36
v 330.00 10.00 81.35
v 340.00 10.00 80.19
v 350.00 10.00 78.99
v 360.00 10.00 77.75
v 370.00 10.00 76.59
v 380.00 10.00 75.44
v 390.00 10.00 74.48
v 400.00 10.00 73.48
v 410.00 10.00 72.66
v 420.00 10.00 72.10
v 430.00 10.00 71.30
v 440.00 10.00 70.30
v 450.00 10.00 69.40
v 460.00 10.00 68.67
v 470.00 10.00 67.89
v 480.00 10.00 67.00
v 490.00 10.00 66.06
v 500.00 10.00 65.82
v 510.00 10.00 65.25
v 520.00 10.00 65.07
v 530.00 10.00 65.01
v 540.00 10.00 65.17
v 550.00 10.00 65.20
v 560.00 10.00 65.67
v 570.00 10.00 66.14
v 580.00 10.00 66.68
v 590.00 10.00 67.54
v 600.00 10.00 68.45
v 610.00 10.00 69.46
v 620.00 10.00 70.78
v 630.00 10.00 72.36
v 640.00 10.00 73.76
v 650.00 10.00 75.44
v 660.00 10.00 77.43
v 670.00 10.00 79.30
v 680.00 10.00 81.53
v 690.00 10.00 83.85
v 700.00 10.00 86.11
v 710.00 10.00 88.94
v 720.00 10.00 91.83
v 730.00 10.00 95.13
v 740.00 10.00 98.40
v 0.00 20.00 97.57
v 10.00 20.00 100.73
v 20.00 20.00 104.20
v 30.00 20.00 107.45
v 40.00 20.00 110.78
v 50.00 20.00 114.27
v 60.00 20.00 115.76
v 70.00 20.00 114.66
v 80.00 20.00 111.89
v 90.00 20.00 108.56
v 100.00 20.00 106.39
v 110.00 20.00 103.70
v 120.00 20.00 102.80
v 130.00 20.00 101.53
v 140.00 20.00 100.35
v 150.00 20.00 98.10
v 160.00 20.00 96.19
v 170.00 20.00 93.62
v 180.00 20.00 91.16
v 190.00 20.00 89.08
v 200.00 20.00 87.87
v 210.00 20.00 87.44
v 220.00 20.00 87.71
v 230.00 20.00 88.44
v 240.00 20.00 89.47
v 250.00 20.00 90.30
v 260.00 20.00 90.77
v 270.00 20.00 91.08
v 280.00 20.00 89.95
v 290.00 20.00 89.78
v 300.00 20.00 89.34
v 310.00 20.00 88.44
v 320.00 20.00 87.40
v 330.00 20.00 86.70
v 340.00 20.00 85.78
v 350.00 20.00 84.45
v 360.00 20.00 83.27
v 370.00 20.00 82.10
v 380.00 20.00 80.95
v 390.00 20.00 79.80
v 400.00 20.00 78.82
v 410.00 20.00 78.00
v 420.00 20.00 76.84
v 430.00 20.00 75.47
v 440.00 20.00 74.30
v 450.00 20.00 73.15
v 460.00 20.00 72.13
v 470.00 20.00 71.25
v 480.00 20.00 70.33
v 490.00 20.00 69.51
v 500.00 20.00 68.89
v 510.00 20.00 68.28
v 520.00 20.00 67.76
v 530.00 20.00 67.32
v 540.00 20.00 66.66
v 550.00 20.00 66.55
v 560.00 20.00 66.39
v 570.00 20.00 66.38
v 580.00 20.00 66.60
v 590.00 20.00 67.10
v 600.00 20.00 67.63
v 610.00 20.00 68.48
v 620.00 20.00 69.40
v 630.00 20.00 70.29
v 640.00 20.00 71.39
v 650.00 20.00 72.92
v 660.00 20.00 74.20
v 670.00 20.00 76.17
v 680.00 20.00 77.94
v 690.00 20.00 80.01
v 700.00 20.00 82.40
v 710.00 20.00 85.18
v 720.00 20.00 87.78
v 730.00 20.00 91.94
v 740.00 20.00 96.75
v 0.00 30.00 97.85
v 10.00 30.00 102.11
v 20.00 30.00 106.12
v 30.00 30.00 110.59
v 40.00 30.00 115.79
v 50.00 30.00 120.54
v 60.00 30.00 122.30
v 70.00 30.00 119.83
v 80.00 30.00 115.14
v 90.00 30.00 110.49
v 100.00 30.00 107.26
v 110.00 30.00 105.19
v 120.00 30.00 103.90
v 130.00 30.00 102.97
v 140.00 30.00 102.19
v 150.00 30.00 101.26
v 160.00 30.00 100.18
v 170.00 30.00 98.88
v 180.00 30.00 97.45
v 190.00 30.00 96.44
v 200.00 30.00 95.68
v 210.00 30.00 95.80
v 220.00 30.00 96.21
v 230.00 30.00 97.03
v 240.00 30.00 97.92
v 250.00 30.00 98.61
v 260.00 30.00 99.15
v 270.00 30.00 99.38
v 280.00 30.00 99.19
v 290.00 30.00 98.97
v 300.00 30.00 98.52
v 310.00 30.00 97.84
v 320.00 30.00 97.09
v 330.00 30.00 96.41
v 340.00 30.00 95.72
v 350.00 30.00 94.79
v 360.00 30.00 93.69
v 370.00 30.00 92.58
v 380.00 30.00 91.41
v 390.00 30.00 90.39
v 400.00 30.00 89.22
v 410.00 30.00 88.10
v 420.00 30.00 87.12
v 430.00 30.00 85.84
v 440.00 30.00 84.58
v 450.00 30.00 83.40
v 460.00 30.00 82.28
v 470.00 30.00 81.28
v 480.00 30.00 80.07
v 490.00 30.00 79.32
v 500.00 30.00 78.54
v 510.00 30.00 77.73
v 520.00 30.00 76.84
v 530.00 30.00 76.07
v 540.00 30.00 75.34
v 550.00 30.00 74.70
v 560.00 30.00 74.07
v 570.00 30.00 73.56
v 580.00 30.00 73.30
v 590.00 30.00 73.21
v 600.00 30.00 73.38
v 610.00 30.00 73.82
v 620.00 30.00 74.35
v 630.00 30.00 74.99
v 640.00 30.00 75.84
v 650.00 30.00 76.86
v 660.00 30.00 78.03
v 670.00 30.00 79.46
v 680.00 30.00 81.17
v 690.00 30.00 83.09
v 700.00 30.00 85.20
v 710.00 30.00 87.51
v 720.00 30.00 90.22
v 730.00 30.00 93.23
v 740.00 30.00 95.97
v 0.00 40.00 103.16
v 10.00 40.00 105.81
v 20.00 40.00 109.70
v 30.00 40.00 115.17
v 40.00 40.00 121.58
v 50.00 40.00 123.56
v 60.00 40.00 121.75
v 70.00 40.00 119.60
v 80.00 40.00 117.79
v 90.00 40.00 113.42
v 100.00 40.00 109.71
v 110.00 40.00 108.01
v 120.00 40.00 107.48
v 130.00 40.00 107.25
v 140.00 40.00 107.01
v 150.00 40.00 107.13
v 160.00 40.00 106.84
v 170.00 40.00 106.14
v 180.00 40.00 105.72
v 190.00 40.00 105.46
v 200.00 40.00 105.30
v 210.00 40.00 105.77
v 220.00 40.00 106.66
v 230.00 40.00 107.66
v 240.00 40.00 108.73
v 250.00 40.00 109.64
v 260.00 40.00 110.24
v 270.00 40.00 110.42
v 280.00 40.00 110.63
v 290.00 40.00 110.53
v 300.00 40.00 110.09
v 310.00 40.00 109.72
v 320.00 40.00 109.43
v 330.00 40.00 108.72
v 340.00 40.00 107.93
v 350.00 40.00 107.00
v 360.00 40.00 106.08
v 370.00 40.00 105.00
v 380.00 40.00 103.84
v 390.00 40.00 102.76
v 400.00 40.00 101.51
v 410.00 40.00 100.40
v 420.00 40.00 99.07
v 430.00 40.00 97.94
v 440.00 40.00 96.71
v 450.00 40.00 95.59
v 460.00 40.00 94.42
v 470.00 40.00 93.07
v 480.00 40.00 91.95
v 490.00 40.00 91.08
v 500.00 40.00 90.15
v 510.00 40.00 88.78
v 520.00 40.00 87.86
v 530.00 40.00 86.95
v 540.00 40.00 85.92
v 550.00 40.00 84.75
v 560.00 40.00 83.37
v 570.00 40.00 82.55
v 580.00 40.00 81.70
v 590.00 40.00 81.23
v 600.00 40.00 81.09
v 610.00 40.00 81.21
v 620.00 40.00 81.07
v 630.00 40.00 81.59
v 640.00 40.00 81.91
v 650.00 40.00 82.69
v 660.00 40.00 83.58
v 670.00 40.00 84.72
v 680.00 40.00 86.14
v 690.00 40.00 87.82
v 700.00 40.00 89.64
v 710.00 40.00 91.54
v 720.00 40.00 93.85
v 730.00 40.00 96.27
v 740.00 40.00 98.74
v 0.00 50.00 107.28
v 10.00 50.00 108.47
v 20.00 50.00 112.25
v 30.00 50.00 117.68
v 40.00 50.00 120.94
v 50.00 50.00 119.35
v 60.00 50.00 117.60
v 70.00 50.00 115.60
v 80.00 50.00 114.58
v 90.00 50.00 113.14
v 100.00 50.00 110.83
v 110.00 50.00 110.19
v 120.00 50.00 110.72
v 130.00 50.00 111.44
v 140.00 50.00 112.16
v 150.00 50.00 113.08
v 160.00 50.00 113.55
v 170.00 50.00 113.71
v 180.00 50.00 113.88
v 190.00 50.00 114.22
v 200.00 50.00 114.87
v 210.00 50.00 115.88
v 220.00 50.00 117.23
v 230.00 50.00 118.33
v 240.00 50.00 119.73
v 250.00 50.00 120.85
v 260.00 50.00 121.79
v 270.00 50.00 122.38
v 280.00 50.00 122.68
v 290.00 50.00 122.68
v 300.00 50.00 122.42
v 310.00 50.00 122.00
v 320.00 50.00 121.51
v 330.00 50.00 120.95
v 340.00 50.00 120.32
v 350.00 50.00 119.43
v 360.00 50.00 118.42
v 370.00 50.00 117.41
v 380.00 50.00 116.34
v 390.00 50.00 115.30
v 400.00 50.00 114.06
v 410.00 50.00 112.89
v 420.00 50.00 111.57
v 430.00 50.00 110.30
v 440.00 50.00 109.04
v 450.00 50.00 107.65
v 460.00 50.00 106.43
v 470.00 50.00 105.34
v 480.00 50.00 103.76
v 490.00 50.00 102.97
v 500.00 50.00 101.70
v 510.00 50.00 100.15
v 520.00 50.00 98.69
v 530.00 50.00 97.82
v 540.00 50.00 96.27
v 550.00 50.00 94.32
v 560.00 50.00 92.73
v 570.00 50.00 91.40
v 580.00 50.00 90.11
v 590.00 50.00 89.13
v 600.00 50.00 88.57
v 610.00 50.00 88.07
v 620.00 50.00 87.83
v 630.00 50.00 87.91
v 640.00 50.00 87.74
v 650.00 50.00 88.42
v 660.00 50.00 88.97
v 670.00 50.00 89.75
v 680.00 50.00 90.60
v 690.00 50.00 92.33
v 700.00 50.00 93.94
v 710.00 50.00 95.48
v 720.00 50.00 96.98
v 730.00 50.00 99.23
v 740.00 50.00 102.54
v 0.00 60.00 108.59
v 10.00 60.00 109.19
v 20.00 60.00 113.25
v 30.00 60.00 115.75
v 40.00 60.00 116.27
v 50.00 60.00 115.50
v 60.00 60.00 114.09
v 70.00 60.00 112.31
v 80.00 60.00 110.86
v 90.00 60.00 109.96
v 100.00 60.00 110.15
v 110.00 60.00 111.69
v 120.00 60.00 113.36
v 130.00 60.00 115.24
v 140.00 60.00 117.16
v 150.00 60.00 119.31
v 160.00 60.00 120.49
v 170.00 60.00 121.20
v 180.00 60.00 121.91
v 190.00 60.00 123.04
v 200.00 60.00 124.24
v 210.00 60.00 125.80
v 220.00 60.00 127.56
v 230.00 60.00 129.09
v 240.00 60.00 130.82
v 250.00 60.00 132.55
v 260.00 60.00 133.57
v 270.00 60.00 134.51
v 280.00 60.00 134.89
v 290.00 60.00 135.07
v 300.00 60.00 134.47
v 310.00 60.00 134.37
v 320.00 60.00 133.88
v 330.00 60.00 133.41
v 340.00 60.00 132.98
v 350.00 60.00 131.91
v 360.00 60.00 130.74
v 370.00 60.00 129.92
v 380.00 60.00 128.67
v 390.00 60.00 127.74
v 400.00 60.00 126.33
v 410.00 60.00 125.11
v 420.00 60.00 123.72
v 430.00 60.00 122.30
v 440.00 60.00 121.09
v 450.00 60.00 119.71
v 460.00 60.00 118.31
v 470.00 60.00 117.16
v 480.00 60.00 115.48
v 490.00 60.00 114.38
v 500.00 60.00 112.49
v 510.00 60.00 111.03
v 520.00 60.00 109.05
v 530.00 60.00 107.83
v 540.00 60.00 105.50
v 550.00 60.00 103.33
v 560.00 60.00 101.12
v 570.00 60.00 99.21
v 580.00 60.00 97.55
v 590.00 60.00 96.23
v 600.00 60.00 95.35
v 610.00 60.00 94.48
v 620.00 60.00 93.81
v 630.00 60.00 93.63
v 640.00 60.00 93.29
v 650.00 60.00 93.29
v 660.00 60.00 93.43
v 670.00 60.00 93.62
v 680.00 60.00 94.19
v 690.00 60.00 95.41
v 700.00 60.00 96.83
v 710.00 60.00 98.32
v 720.00 60.00 99.56
v 730.00 60.00 101.76
v 740.00 60.00 104.80
v 0.00 70.00 109.19
v 10.00 70.00 109.25
v 20.00 70.00 111.22
v 30.00 70.00 112.71
v 40.00 70.00 111.86
v 50.00 70.00 111.05
v 60.00 70.00 109.97
v 70.00 70.00 108.68
v 80.00 70.00 107.46
v 90.00 70.00 106.41
v 100.00 70.00 109.19
v 110.00 70.00 112.92
v 120.00 70.00 115.99
v 130.00 70.00 119.04
v 140.00 70.00 122.37
v 150.00 70.00 125.25
v 160.00 70.00 127.55
v 170.00 70.00 128.76
v 180.00 70.00 130.03
v 190.00 70.00 131.38
v 200.00 70.00 133.28
v 210.00 70.00 135.51
v 220.00 70.00 137.79
v 230.00 70.00 140.10
v 240.00 70.00 142.51
v 250.00 70.00 144.13
v 260.00 70.00 145.81
v 270.00 70.00 146.45
v 280.00 70.00 147.05
v 290.00 70.00 147.02
v 300.00 70.00 146.87
v 310.00 70.00 146.54
v 320.00 70.00 146.09
v 330.00 70.00 145.76
v 340.00 70.00 145.19
v 350.00 70.00 143.98
v 360.00 70.00 142.74
v 370.00 70.00 142.10
v 380.00 70.00 140.57
v 390.00 70.00 139.70
v 400.00 70.00 138.37
v 410.00 70.00 136.90
v 420.00 70.00 135.28
v 430.00 70.00 134.16
v 440.00 70.00 132.46
v 450.00 70.00 131.15
v 460.00 70.00 129.88
v 470.00 70.00 128.46
v 480.00 70.00 126.59
v 490.00 70.00 124.41
v 500.00 70.00 122.95
v 510.00 70.00 121.06
v 520.00 70.00 119.22
v 530.00 70.00 117.16
v 540.00 70.00 114.46
v 550.00 70.00 111.91
v 560.00 70.00 109.63
v 570.00 70.00 106.98
v 580.00 70.00 104.94
v 590.00 70.00 103.22
v 600.00 70.00 101.73
v 610.00 70.00 100.49
v 620.00 70.00 99.66
v 630.00 70.00 99.30
v 640.00 70.00 98.47
v 650.00 70.00 97.59
v 660.00 70.00 97.10
v 670.00 70.00 96.57
v 680.00 70.00 96.91
v 690.00 70.00 97.77
v 700.00 70.00 99.00
v 710.00 70.00 100.38
v 720.00 70.00 101.68
v 730.00 70.00 103.69
v 740.00 70.00 106.85
v 0.00 80.00 110.25
v 10.00 80.00 110.79
v 20.00 80.00 111.08
v 30.00 80.00 110.70
v 40.00 80.00 108.13
v 50.00 80.00 106.75
v 60.00 80.00 106.03
v 70.00 80.00 104.91
v 80.00 80.00 103.98
v 90.00 80.00 104.53
v 100.00 80.00 109.44
v 110.00 80.00 114.73
v 120.00 80.00 118.77
v 130.00 80.00 122.79
v 140.00 80.00 126.93
v 150.00 80.00 131.37
v 160.00 80.00 134.42
v 170.00 80.00 135.89
v 180.00 80.00 137.30
v 190.00 80.00 139.20
v 200.00 80.00 141.32
v 210.00 80.00 144.20
v 220.00 80.00 147.21
v 230.00 80.00 150.84
v 240.00 80.00 153.81
v 250.00 80.00 155.80
v 260.00 80.00 156.89
v 270.00 80.00 157.64
v 280.00 80.00 158.30
v 290.00 80.00 158.31
v 300.00 80.00 157.98
v 310.00 80.00 157.74
v 320.00 80.00 157.59
v 330.00 80.00 157.37
v 340.00 80.00 156.28
v 350.00 80.00 155.15
v 360.00 80.00 154.08
v 370.00 80.00 153.38
v 380.00 80.00 152.05
v 390.00 80.00 150.83
v 400.00 80.00 149.18
v 410.00 80.00 148.11
v 420.00 80.00 146.63
v 430.00 80.00 144.81
v 440.00 80.00 143.24
v 450.00 80.00 142.15
v 460.00 80.00 140.78
v 470.00 80.00 138.55
v 480.00 80.00 136.21
v 490.00 80.00 134.45
v 500.00 80.00 132.47
v 510.00 80.00 130.28
v 520.00 80.00 128.09
v 530.00 80.00 125.68
v 540.00 80.00 123.21
v 550.00 80.00 120.24
v 560.00 80.00 116.76
v 570.00 80.00 113.34
v 580.00 80.00 110.77
v 590.00 80.00 108.36
v 600.00 80.00 106.79
v 610.00 80.00 105.87
v 620.00 80.00 104.97
v 630.00 80.00 104.36
v 640.00 80.00 103.42
v 650.00 80.00 101.42
v 660.00 80.00 99.58
v 670.00 80.00 98.47
v 680.00 80.00 98.69
v 690.00 80.00 99.36
v 700.00 80.00 100.68
v 710.00 80.00 102.29
v 720.00 80.00 103.94
v 730.00 80.00 105.81
v 740.00 80.00 108.51
v 0.00 90.00 113.29
v 10.00 90.00 113.01
v 20.00 90.00 112.12
v 30.00 90.00 110.18
v 40.00 90.00 106.37
v 50.00 90.00 103.39
v 60.00 90.00 101.90
v 70.00 90.00 101.32
v 80.00 90.00 101.78
v 90.00 90.00 105.50
v 100.00 90.00 111.58
v 110.00 90.00 116.63
v 120.00 90.00 121.26
v 130.00 90.00 125.46
v 140.00 90.00 130.43
v 150.00 90.00 135.73
v 160.00 90.00 136.02
v 170.00 90.00 136.59
v 180.00 90.00 138.00
v 190.00 90.00 140.19
v 200.00 90.00 142.95
v 210.00 90.00 146.08
v 220.00 90.00 149.94
v 230.00 90.00 154.53
v 240.00 90.00 158.98
v 250.00 90.00 161.24
v 260.00 90.00 161.87
v 270.00 90.00 162.14
v 280.00 90.00 163.62
v 290.00 90.00 164.24
v 300.00 90.00 163.15
v 310.00 90.00 162.07
v 320.00 90.00 162.46
v 330.00 90.00 162.23
v 340.00 90.00 161.04
v 350.00 90.00 159.36
v 360.00 90.00 158.89
v 370.00 90.00 158.61
v 380.00 90.00 157.01
v 390.00 90.00 154.99
v 400.00 90.00 153.88
v 410.00 90.00 153.36
v 420.00 90.00 151.76
v 430.00 90.00 149.26
v 440.00 90.00 147.63
v 450.00 90.00 147.23
v 460.00 90.00 145.55
v 470.00 90.00 142.57
v 480.00 90.00 139.88
v 490.00 90.00 138.80
v 500.00 90.00 137.20
v 510.00 90.00 134.44
v 520.00 90.00 131.31
v 530.00 90.00 129.40
v 540.00 90.00 127.61
v 550.00 90.00 123.64
v 560.00 90.00 118.25
v 570.00 90.00 113.41
v 580.00 90.00 109.93
v 590.00 90.00 107.47
v 600.00 90.00 105.84
v 610.00 90.00 104.93
v 620.00 90.00 104.28
v 630.00 90.00 103.99
v 640.00 90.00 103.87
v 650.00 90.00 102.37
v 660.00 90.00 100.33
v 670.00 90.00 99.98
v 680.00 90.00 100.20
v 690.00 90.00 100.91
v 700.00 90.00 102.35
v 710.00 90.00 104.04
v 720.00 90.00 105.78
v 730.00 90.00 107.54
v 740.00 90.00 110.33
v 0.00 100.00 117.12
v 10.00 100.00 116.35
v 20.00 100.00 114.11
v 30.00 100.00 111.32
v 40.00 100.00 107.82
v 50.00 100.00 103.62
v 60.00 100.00 100.92
v 70.00 100.00 100.49
v 80.00 100.00 102.44
v 90.00 100.00 108.72
v 100.00 100.00 114.74
v 110.00 100.00 119.34
v 120.00 100.00 123.88
v 130.00 100.00 128.28
v 140.00 100.00 132.49
v 150.00 100.00 135.16
v 160.00 100.00 133.34
v 170.00 100.00 133.87
v 180.00 100.00 135.86
v 190.00 100.00 138.45
v 200.00 100.00 141.33
v 210.00 100.00 144.72
v 220.00 100.00 149.31
v 230.00 100.00 155.13
v 240.00 100.00 160.62
v 250.00 100.00 161.85
v 260.00 100.00 161.54
v 270.00 100.00 162.04
v 280.00 100.00 164.55
v 290.00 100.00 164.15
v 300.00 100.00 162.13
v 310.00 100.00 160.67
v 320.00 100.00 162.34
v 330.00 100.00 161.74
v 340.00 100.00 159.51
v 350.00 100.00 157.98
v 360.00 100.00 158.17
v 370.00 100.00 157.94
v 380.00 100.00 155.47
v 390.00 100.00 153.60
v 400.00 100.00 152.68
v 410.00 100.00 152.89
v 420.00 100.00 150.24
v 430.00 100.00 147.27
v 440.00 100.00 146.28
v 450.00 100.00 146.40
v 460.00 100.00 144.03
v 470.00 100.00 140.46
v 480.00 100.00 138.02
v 490.00 100.00 138.13
v 500.00 100.00 135.92
v 510.00 100.00 131.90
v 520.00 100.00 128.94
v 530.00 100.00 128.41
v 540.00 100.00 126.05
v 550.00 100.00 120.87
v 560.00 100.00 114.50
v 570.00 100.00 109.32
v 580.00 100.00 105.84
v 590.00 100.00 103.12
v 600.00 100.00 101.04
v 610.00 100.00 99.96
v 620.00 100.00 99.68
v 630.00 100.00 99.89
v 640.00 100.00 100.61
v 650.00 100.00 100.37
v 660.00 100.00 100.60
v 670.00 100.00 101.12
v 680.00 100.00 101.39
v 690.00 100.00 102.41
v 700.00 100.00 103.76
v 710.00 100.00 105.58
v 720.00 100.00 107.06
v 730.00 100.00 108.90
v 740.00 100.00 112.49
v 0.00 110.00 120.96
v 10.00 110.00 120.36
v 20.00 110.00 116.66
v 30.00 110.00 113.53
v 40.00 110.00 110.51
v 50.00 110.00 107.46
v 60.00 110.00 105.84
v 70.00 110.00 106.17
v 80.00 110.00 108.75
v 90.00 110.00 113.24
v 100.00 110.00 118.19
v 110.00 110.00 122.69
v 120.00 110.00 126.95
v 130.00 110.00 131.25
v 140.00 110.00 134.94
v 150.00 110.00 137.19
v 160.00 110.00 136.77
v 170.00 110.00 138.79
v 180.00 110.00 141.62
v 190.00 110.00 144.74
v 200.00 110.00 148.04
v 210.00 110.00 151.57
v 220.00 110.00 156.31
v 230.00 110.00 160.78
v 240.00 110.00 163.56
v 250.00 110.00 163.68
v 260.00 110.00 163.22
v 270.00 110.00 165.05
v 280.00 110.00 165.82
v 290.00 110.00 164.63
v 300.00 110.00 162.63
v 310.00 110.00 163.12
v 320.00 110.00 163.62
v 330.00 110.00 161.77
v 340.00 110.00 159.14
v 350.00 110.00 158.28
v 360.00 110.00 158.93
v 370.00 110.00 157.48
v 380.00 110.00 154.88
v 390.00 110.00 153.61
v 400.00 110.00 153.27
v 410.00 110.00 152.38
v 420.00 110.00 149.45
v 430.00 110.00 147.04
v 440.00 110.00 146.68
v 450.00 110.00 146.07
v 460.00 110.00 143.15
v 470.00 110.00 140.00
v 480.00 110.00 139.62
v 490.00 110.00 138.26
v 500.00 110.00 135.13
v 510.00 110.00 131.39
v 520.00 110.00 129.63
v 530.00 110.00 128.50
v 540.00 110.00 125.21
v 550.00 110.00 120.03
v 560.00 110.00 114.89
v 570.00 110.00 111.67
v 580.00 110.00 108.89
v 590.00 110.00 106.36
v 600.00 110.00 104.85
v 610.00 110.00 103.53
v 620.00 110.00 102.99
v 630.00 110.00 103.08
v 640.00 110.00 103.39
v 650.00 110.00 101.42
v 660.00 110.00 101.51
v 670.00 110.00 101.72
v 680.00 110.00 102.50
v 690.00 110.00 103.62
v 700.00 110.00 104.42
v 710.00 110.00 105.56
v 720.00 110.00 107.35
v 730.00 110.00 109.68
v 740.00 110.00 114.19
v 0.00 120.00 120.36
v 10.00 120.00 120.25
v 20.00 120.00 118.34
v 30.00 120.00 115.65
v 40.00 120.00 113.66
v 50.00 120.00 112.62
v 60.00 120.00 112.24
v 70.00 120.00 112.71
v 80.00 120.00 114.73
v 90.00 120.00 118.27
v 100.00 120.00 122.07
v 110.00 120.00 126.28
v 120.00 120.00 130.06
v 130.00 120.00 133.97
v 140.00 120.00 137.72
v 150.00 120.00 140.32
v 160.00 120.00 140.75
v 170.00 120.00 143.61
v 180.00 120.00 147.20
v 190.00 120.00 150.76
v 200.00 120.00 154.76
v 210.00 120.00 158.73
v 220.00 120.00 162.61
v 230.00 120.00 165.64
v 240.00 120.00 166.78
v 250.00 120.00 166.06
v 260.00 120.00 164.94
v 270.00 120.00 166.13
v 280.00 120.00 166.34
v 290.00 120.00 165.07
v 300.00 120.00 163.13
v 310.00 120.00 163.74
v 320.00 120.00 163.56
v 330.00 120.00 161.79
v 340.00 120.00 159.25
v 350.00 120.00 158.55
v 360.00 120.00 158.37
v 370.00 120.00 157.13
v 380.00 120.00 154.35
v 390.00 120.00 152.85
v 400.00 120.00 152.44
v 410.00 120.00 151.58
v 420.00 120.00 148.57
v 430.00 120.00 146.37
v 440.00 120.00 145.88
v 450.00 120.00 145.10
v 460.00 120.00 142.25
v 470.00 120.00 139.50
v 480.00 120.00 138.41
v 490.00 120.00 137.69
v 500.00 120.00 134.44
v 510.00 120.00 130.67
v 520.00 120.00 128.60
v 530.00 120.00 127.95
v 540.00 120.00 124.70
v 550.00 120.00 120.05
v 560.00 120.00 116.06
v 570.00 120.00 114.03
v 580.00 120.00 111.97
v 590.00 120.00 110.03
v 600.00 120.00 108.71
v 610.00 120.00 107.43
v 620.00 120.00 106.35
v 630.00 120.00 106.00
v 640.00 120.00 105.92
v 650.00 120.00 103.13
v 660.00 120.00 102.63
v 670.00 120.00 103.10
v 680.00 120.00 103.89
v 690.00 120.00 104.53
v 700.00 120.00 105.18
v 710.00 120.00 106.18
v 720.00 120.00 107.90
v 730.00 120.00 110.14
v 740.00 120.00 114.76
v 0.00 130.00 119.27
v 10.00 130.00 118.70
v 20.00 130.00 117.50
v 30.00 130.00 116.60
v 40.00 130.00 116.41
v 50.00 130.00 116.37
v 60.00 130.00 116.44
v 70.00 130.00 117.57
v 80.00 130.00 119.46
v 90.00 130.00 122.40
v 100.00 130.00 125.80
v 110.00 130.00 129.16
v 120.00 130.00 133.10
v 130.00 130.00 136.97
v 140.00 130.00 140.99
v 150.00 130.00 143.79
v 160.00 130.00 144.88
v 170.00 130.00 148.42
v 180.00 130.00 152.51
v 190.00 130.00 156.97
v 200.00 130.00 161.09
v 210.00 130.00 164.98
v 220.00 130.00 168.00
v 230.00 130.00 169.62
v 240.00 130.00 169.75
v 250.00 130.00 168.33
v 260.00 130.00 166.76
v 270.00 130.00 166.32
v 280.00 130.00 166.14
v 290.00 130.00 165.18
v 300.00 130.00 163.17
v 310.00 130.00 163.04
v 320.00 130.00 162.75
v 330.00 130.00 161.20
v 340.00 130.00 158.81
v 350.00 130.00 158.21
v 360.00 130.00 158.25
v 370.00 130.00 156.16
v 380.00 130.00 153.41
v 390.00 130.00 151.86
v 400.00 130.00 151.36
v 410.00 130.00 149.89
v 420.00 130.00 147.26
v 430.00 130.00 145.09
v 440.00 130.00 144.97
v 450.00 130.00 143.55
v 460.00 130.00 140.99
v 470.00 130.00 138.37
v 480.00 130.00 137.61
v 490.00 130.00 136.75
v 500.00 130.00 133.37
v 510.00 130.00 129.90
v 520.00 130.00 128.07
v 530.00 130.00 127.16
v 540.00 130.00 124.37
v 550.00 130.00 120.51
v 560.00 130.00 117.89
v 570.00 130.00 116.67
v 580.00 130.00 115.64
v 590.00 130.00 114.18
v 600.00 130.00 112.64
v 610.00 130.00 111.23
v 620.00 130.00 109.56
v 630.00 130.00 108.51
v 640.00 130.00 107.91
v 650.00 130.00 104.82
v 660.00 130.00 103.88
v 670.00 130.00 104.05
v 680.00 130.00 104.64
v 690.00 130.00 105.26
v 700.00 130.00 105.73
v 710.00 130.00 107.09
v 720.00 130.00 108.36
v 730.00 130.00 110.18
v 740.00 130.00 114.39
v 0.00 140.00 118.29
v 10.00 140.00 116.94
v 20.00 140.00 116.23
v 30.00 140.00 117.44
v 40.00 140.00 118.83
v 50.00 140.00 119.68
v 60.00 140.00 120.30
v 70.00 140.00 121.20
v 80.00 140.00 122.91
v 90.00 140.00 125.37
v 100.00 140.00 128.43
v 110.00 140.00 132.15
v 120.00 140.00 135.84
v 130.00 140.00 140.08
v 140.00 140.00 144.14
v 150.00 140.00 147.52
v 160.00 140.00 149.31
v 170.00 140.00 153.57
v 180.00 140.00 158.20
v 190.00 140.00 162.74
v 200.00 140.00 167.52
v 210.00 140.00 171.62
v 220.00 140.00 174.01
v 230.00 140.00 174.47
v 240.00 140.00 173.52
v 250.00 140.00 170.47
v 260.00 140.00 168.08
v 270.00 140.00 167.30
v 280.00 140.00 167.48
v 290.00 140.00 165.42
v 300.00 140.00 163.04
v 310.00 140.00 162.92
v 320.00 140.00 161.91
v 330.00 140.00 160.04
v 340.00 140.00 157.82
v 350.00 140.00 156.57
v 360.00 140.00 156.58
v 370.00 140.00 154.90
v 380.00 140.00 152.06
v 390.00 140.00 150.21
v 400.00 140.00 149.52
v 410.00 140.00 148.18
v 420.00 140.00 145.65
v 430.00 140.00 143.59
v 440.00 140.00 143.09
v 450.00 140.00 142.22
v 460.00 140.00 139.41
v 470.00 140.00 136.93
v 480.00 140.00 135.85
v 490.00 140.00 134.35
v 500.00 140.00 131.80
v 510.00 140.00 128.80
v 520.00 140.00 127.50
v 530.00 140.00 127.02
v 540.00 140.00 124.08
v 550.00 140.00 120.78
v 560.00 140.00 118.73
v 570.00 140.00 119.22
v 580.00 140.00 119.63
v 590.00 140.00 117.92
v 600.00 140.00 115.98
v 610.00 140.00 114.31
v 620.00 140.00 112.39
v 630.00 140.00 110.99
v 640.00 140.00 109.64
v 650.00 140.00 106.20
v 660.00 140.00 105.05
v 670.00 140.00 105.39
v 680.00 140.00 105.83
v 690.00 140.00 105.98
v 700.00 140.00 106.37
v 710.00 140.00 107.60
v 720.00 140.00 108.67
v 730.00 140.00 109.99
v 740.00 140.00 113.69
v 0.00 150.00 117.06
v 10.00 150.00 115.50
v 20.00 150.00 115.32
v 30.00 150.00 119.09
v 40.00 150.00 121.54
v 50.00 150.00 123.00
v 60.00 150.00 123.56
v 70.00 150.00 124.46
v 80.00 150.00 125.93
v 90.00 150.00 127.90
v 100.00 150.00 130.83
v 110.00 150.00 134.32
v 120.00 150.00 138.24
v 130.00 150.00 142.69
v 140.00 150.00 147.18
v 150.00 150.00 151.20
v 160.00 150.00 153.44
v 170.00 150.00 158.44
v 180.00 150.00 163.56
v 190.00 150.00 168.04
v 200.00 150.00 173.18
v 210.00 150.00 178.29
v 220.00 150.00 179.66
v 230.00 150.00 178.75
v 240.00 150.00 175.28
v 250.00 150.00 171.34
v 260.00 150.00 168.95
v 270.00 150.00 167.80
v 280.00 150.00 166.44
v 290.00 150.00 164.18
v 300.00 150.00 162.26
v 310.00 150.00 161.42
v 320.00 150.00 160.15
v 330.00 150.00 157.90
v 340.00 150.00 156.33
v 350.00 150.00 155.20
v 360.00 150.00 154.32
v 370.00 150.00 152.27
v 380.00 150.00 150.21
v 390.00 150.00 148.70
v 400.00 150.00 147.57
v 410.00 150.00 145.42
v 420.00 150.00 143.38
v 430.00 150.00 141.65
v 440.00 150.00 140.77
v 450.00 150.00 139.15
v 460.00 150.00 136.85
v 470.00 150.00 134.80
v 480.00 150.00 133.26
v 490.00 150.00 131.87
v 500.00 150.00 129.20
v 510.00 150.00 127.14
v 520.00 150.00 126.43
v 530.00 150.00 125.02
v 540.00 150.00 122.51
v 550.00 150.00 120.18
v 560.00 150.00 119.61
v 570.00 150.00 121.66
v 580.00 150.00 122.10
v 590.00 150.00 120.51
v 600.00 150.00 118.27
v 610.00 150.00 116.43
v 620.00 150.00 114.94
v 630.00 150.00 113.05
v 640.00 150.00 111.15
v 650.00 150.00 107.17
v 660.00 150.00 105.73
v 670.00 150.00 105.55
v 680.00 150.00 105.75
v 690.00 150.00 105.75
v 700.00 150.00 105.68
v 710.00 150.00 106.99
v 720.00 150.00 108.25
v 730.00 150.00 109.47
v 740.00 150.00 112.72
v 0.00 160.00 115.26
v 10.00 160.00 114.03
v 20.00 160.00 117.79
v 30.00 160.00 122.66
v 40.00 160.00 125.44
v 50.00 160.00 126.73
v 60.00 160.00 127.42
v 70.00 160.00 127.79
v 80.00 160.00 128.92
v 90.00 160.00 130.90
v 100.00 160.00 133.42
v 110.00 160.00 136.59
v 120.00 160.00 140.67
v 130.00 160.00 145.04
v 140.00 160.00 149.63
v 150.00 160.00 154.55
v 160.00 160.00 157.56
v 170.00 160.00 162.99
v 180.00 160.00 168.10
v 190.00 160.00 172.43
v 200.00 160.00 176.78
v 210.00 160.00 178.78
v 220.00 160.00 179.22
v 230.00 160.00 177.60
v 240.00 160.00 173.93
v 250.00 160.00 170.96
v 260.00 160.00 168.35
v 270.00 160.00 166.24
v 280.00 160.00 164.18
v 290.00 160.00 162.33
v 300.00 160.00 160.52
v 310.00 160.00 158.91
v 320.00 160.00 157.25
v 330.00 160.00 155.50
v 340.00 160.00 153.91
v 350.00 160.00 152.50
v 360.00 160.00 151.31
v 370.00 160.00 149.41
v 380.00 160.00 147.56
v 390.00 160.00 145.97
v 400.00 160.00 144.48
v 410.00 160.00 142.79
v 420.00 160.00 140.68
v 430.00 160.00 139.09
v 440.00 160.00 137.74
v 450.00 160.00 135.83
v 460.00 160.00 133.80
v 470.00 160.00 132.03
v 480.00 160.00 130.02
v 490.00 160.00 128.02
v 500.00 160.00 126.24
v 510.00 160.00 124.54
v 520.00 160.00 123.32
v 530.00 160.00 121.89
v 540.00 160.00 120.06
v 550.00 160.00 118.33
v 560.00 160.00 117.92
v 570.00 160.00 118.57
v 580.00 160.00 119.31
v 590.00 160.00 118.69
v 600.00 160.00 118.65
v 610.00 160.00 117.60
v 620.00 160.00 116.16
v 630.00 160.00 114.84
v 640.00 160.00 112.21
v 650.00 160.00 107.67
v 660.00 160.00 105.51
v 670.00 160.00 104.86
v 680.00 160.00 105.08
v 690.00 160.00 105.19
v 700.00 160.00 105.33
v 710.00 160.00 106.37
v 720.00 160.00 107.60
v 730.00 160.00 108.96
v 740.00 160.00 111.91
v 0.00 170.00 114.30
v 10.00 170.00 116.81
v 20.00 170.00 123.12
v 30.00 170.00 128.19
v 40.00 170.00 130.71
v 50.00 170.00 130.97
v 60.00 170.00 130.28
v 70.00 170.00 129.82
v 80.00 170.00 130.71
v 90.00 170.00 132.70
v 100.00 170.00 134.94
v 110.00 170.00 138.25
v 120.00 170.00 142.23
v 130.00 170.00 146.70
v 140.00 170.00 151.95
v 150.00 170.00 157.38
v 160.00 170.00 161.96
v 170.00 170.00 168.01
v 180.00 170.00 172.41
v 190.00 170.00 176.01
v 200.00 170.00 178.16
v 210.00 170.00 177.02
v 220.00 170.00 176.76
v 230.00 170.00 175.95
v 240.00 170.00 172.76
v 250.00 170.00 169.97
v 260.00 170.00 167.04
v 270.00 170.00 164.55
v 280.00 170.00 162.42
v 290.00 170.00 160.29
v 300.00 170.00 158.36
v 310.00 170.00 156.56
v 320.00 170.00 155.01
v 330.00 170.00 153.29
v 340.00 170.00 151.46
v 350.00 170.00 150.17
v 360.00 170.00 148.55
v 370.00 170.00 146.89
v 380.00 170.00 144.98
v 390.00 170.00 143.34
v 400.00 170.00 141.59
v 410.00 170.00 139.72
v 420.00 170.00 137.98
v 430.00 170.00 136.14
v 440.00 170.00 134.35
v 450.00 170.00 132.53
v 460.00 170.00 130.88
v 470.00 170.00 128.92
v 480.00 170.00 126.88
v 490.00 170.00 124.95
v 500.00 170.00 123.28
v 510.00 170.00 121.64
v 520.00 170.00 120.21
v 530.00 170.00 118.72
v 540.00 170.00 117.15
v 550.00 170.00 115.72
v 560.00 170.00 115.02
v 570.00 170.00 114.58
v 580.00 170.00 115.11
v 590.00 170.00 116.04
v 600.00 170.00 118.10
v 610.00 170.00 118.95
v 620.00 170.00 117.74
v 630.00 170.00 115.86
v 640.00 170.00 112.64
v 650.00 170.00 107.31
v 660.00 170.00 105.47
v 670.00 170.00 104.40
v 680.00 170.00 103.86
v 690.00 170.00 103.94
v 700.00 170.00 104.50
v 710.00 170.00 105.57
v 720.00 170.00 106.43
v 730.00 170.00 108.06
v 740.00 170.00 111.33
v 0.00 180.00 116.72
v 10.00 180.00 120.39
v 20.00 180.00 126.85
v 30.00 180.00 129.71
v 40.00 180.00 130.91
v 50.00 180.00 131.61
v 60.00 180.00 130.80
v 70.00 180.00 130.09
v 80.00 180.00 131.22
v 90.00 180.00 133.29
v 100.00 180.00 135.86
v 110.00 180.00 138.97
v 120.00 180.00 143.00
v 130.00 180.00 147.79
v 140.00 180.00 152.95
v 150.00 180.00 158.41
v 160.00 180.00 165.60
v 170.00 180.00 171.28
v 180.00 180.00 175.14
v 190.00 180.00 177.29
v 200.00 180.00 177.45
v 210.00 180.00 175.35
v 220.00 180.00 174.27
v 230.00 180.00 173.95
v 240.00 180.00 171.35
v 250.00 180.00 168.61
v 260.00 180.00 165.85
v 270.00 180.00 163.32
v 280.00 180.00 161.10
v 290.00 180.00 158.96
v 300.00 180.00 156.96
v 310.00 180.00 155.08
v 320.00 180.00 153.38
v 330.00 180.00 151.71
v 340.00 180.00 149.79
v 350.00 180.00 148.15
v 360.00 180.00 146.39
v 370.00 180.00 144.50
v 380.00 180.00 142.70
v 390.00 180.00 140.94
v 400.00 180.00 139.16
v 410.00 180.00 137.41
v 420.00 180.00 135.60
v 430.00 180.00 133.71
v 440.00 180.00 131.86
v 450.00 180.00 130.02
v 460.00 180.00 128.19
v 470.00 180.00 126.29
v 480.00 180.00 124.25
v 490.00 180.00 122.28
v 500.00 180.00 120.44
v 510.00 180.00 118.73
v 520.00 180.00 117.26
v 530.00 180.00 116.02
v 540.00 180.00 114.46
v 550.00 180.00 113.04
v 560.00 180.00 111.86
v 570.00 180.00 111.17
v 580.00 180.00 110.67
v 590.00 180.00 112.69
v 600.00 180.00 115.31
v 610.00 180.00 116.52
v 620.00 180.00 116.81
v 630.00 180.00 115.71
v 640.00 180.00 112.10
v 650.00 180.00 105.96
v 660.00 180.00 103.87
v 670.00 180.00 102.76
v 680.00 180.00 102.26
v 690.00 180.00 102.11
v 700.00 180.00 102.88
v 710.00 180.00 103.98
v 720.00 180.00 105.28
v 730.00 180.00 107.42
v 740.00 180.00 111.35
v 0.00 190.00 118.24
v 10.00 190.00 122.03
v 20.00 190.00 123.50
v 30.00 190.00 124.21
v 40.00 190.00 124.96
v 50.00 190.00 126.72
v 60.00 190.00 127.80
v 70.00 190.00 128.08
v 80.00 190.00 129.91
v 90.00 190.00 132.77
v 100.00 190.00 136.08
v 110.00 190.00 139.45
v 120.00 190.00 143.18
v 130.00 190.00 147.78
v 140.00 190.00 153.07
v 150.00 190.00 158.99
v 160.00 190.00 164.35
v 170.00 190.00 167.55
v 180.00 190.00 170.15
v 190.00 190.00 171.73
v 200.00 190.00 172.21
v 210.00 190.00 171.79
v 220.00 190.00 171.51
v 230.00 190.00 171.77
v 240.00 190.00 169.84
v 250.00 190.00 167.09
v 260.00 190.00 164.39
v 270.00 190.00 161.92
v 280.00 190.00 159.81
v 290.00 190.00 157.70
v 300.00 190.00 155.52
v 310.00 190.00 153.54
v 320.00 190.00 151.76
v 330.00 190.00 149.96
v 340.00 190.00 147.96
v 350.00 190.00 146.19
v 360.00 190.00 144.36
v 370.00 190.00 142.12
v 380.00 190.00 140.37
v 390.00 190.00 138.55
v 400.00 190.00 136.66
v 410.00 190.00 134.99
v 420.00 190.00 133.11
v 430.00 190.00 131.21
v 440.00 190.00 129.42
v 450.00 190.00 127.57
v 460.00 190.00 125.70
v 470.00 190.00 123.77
v 480.00 190.00 121.72
v 490.00 190.00 119.54
v 500.00 190.00 117.78
v 510.00 190.00 115.99
v 520.00 190.00 114.40
v 530.00 190.00 112.91
v 540.00 190.00 111.55
v 550.00 190.00 110.25
v 560.00 190.00 108.94
v 570.00 190.00 107.52
v 580.00 190.00 106.33
v 590.00 190.00 107.71
v 600.00 190.00 109.16
v 610.00 190.00 109.60
v 620.00 190.00 110.27
v 630.00 190.00 109.07
v 640.00 190.00 106.08
v 650.00 190.00 102.17
v 660.00 190.00 100.37
v 670.00 190.00 99.35
v 680.00 190.00 99.47
v 690.00 190.00 99.86
v 700.00 190.00 100.72
v 710.00 190.00 102.08
v 720.00 190.00 103.80
v 730.00 190.00 106.92
v 740.00 190.00 111.40
v 0.00 200.00 117.67
v 10.00 200.00 119.05
v 20.00 200.00 118.54
v 30.00 200.00 118.70
v 40.00 200.00 118.97
v 50.00 200.00 120.21
v 60.00 200.00 122.14
v 70.00 200.00 124.14
v 80.00 200.00 127.92
v 90.00 200.00 131.51
v 100.00 200.00 134.85
v 110.00 200.00 139.03
v 120.00 200.00 143.25
v 130.00 200.00 148.00
v 140.00 200.00 152.48
v 150.00 200.00 157.89
v 160.00 200.00 161.13
v 170.00 200.00 163.01
v 180.00 200.00 164.54
v 190.00 200.00 165.62
v 200.00 200.00 166.93
v 210.00 200.00 168.19
v 220.00 200.00 169.11
v 230.00 200.00 170.05
v 240.00 200.00 168.18
v 250.00 200.00 165.56
v 260.00 200.00 162.88
v 270.00 200.00 160.45
v 280.00 200.00 158.29
v 290.00 200.00 156.05
v 300.00 200.00 154.06
v 310.00 200.00 152.10
v 320.00 200.00 150.11
v 330.00 200.00 148.09
v 340.00 200.00 146.03
v 350.00 200.00 144.13
v 360.00 200.00 142.20
v 370.00 200.00 140.01
v 380.00 200.00 138.11
v 390.00 200.00 136.22
v 400.00 200.00 134.21
v 410.00 200.00 132.43
v 420.00 200.00 130.67
v 430.00 200.00 128.91
v 440.00 200.00 127.05
v 450.00 200.00 125.12
v 460.00 200.00 123.22
v 470.00 200.00 121.19
v 480.00 200.00 119.23
v 490.00 200.00 117.16
v 500.00 200.00 115.20
v 510.00 200.00 113.51
v 520.00 200.00 111.57
v 530.00 200.00 109.96
v 540.00 200.00 108.46
v 550.00 200.00 107.14
v 560.00 200.00 105.72
v 570.00 200.00 103.98
v 580.00 200.00 102.21
v 590.00 200.00 102.54
v 600.00 200.00 102.72
v 610.00 200.00 102.83
v 620.00 200.00 102.63
v 630.00 200.00 101.44
v 640.00 200.00 99.18
v 650.00 200.00 96.26
v 660.00 200.00 96.07
v 670.00 200.00 96.57
v 680.00 200.00 97.45
v 690.00 200.00 98.06
v 700.00 200.00 98.90
v 710.00 200.00 100.43
v 720.00 200.00 102.65
v 730.00 200.00 105.77
v 740.00 200.00 110.34
v 0.00 210.00 113.18
v 10.00 210.00 112.21
v 20.00 210.00 112.52
v 30.00 210.00 113.74
v 40.00 210.00 114.40
v 50.00 210.00 114.67
v 60.00 210.00 116.11
v 70.00 210.00 119.82
v 80.00 210.00 125.22
v 90.00 210.00 129.53
v 100.00 210.00 133.91
v 110.00 210.00 138.15
v 120.00 210.00 142.49
v 130.00 210.00 146.92
v 140.00 210.00 151.92
v 150.00 210.00 156.70
v 160.00 210.00 157.94
v 170.00 210.00 158.73
v 180.00 210.00 160.06
v 190.00 210.00 161.05
v 200.00 210.00 163.87
v 210.00 210.00 167.48
v 220.00 210.00 167.47
v 230.00 210.00 168.21
v 240.00 210.00 166.45
v 250.00 210.00 163.97
v 260.00 210.00 161.27
v 270.00 210.00 158.95
v 280.00 210.00 156.69
v 290.00 210.00 154.53
v 300.00 210.00 152.47
v 310.00 210.00 150.39
v 320.00 210.00 148.31
v 330.00 210.00 146.20
v 340.00 210.00 144.08
v 350.00 210.00 142.04
v 360.00 210.00 140.00
v 370.00 210.00 137.98
v 380.00 210.00 136.01
v 390.00 210.00 133.96
v 400.00 210.00 132.03
v 410.00 210.00 130.10
v 420.00 210.00 128.23
v 430.00 210.00 126.64
v 440.00 210.00 124.68
v 450.00 210.00 122.69
v 460.00 210.00 120.78
v 470.00 210.00 118.96
v 480.00 210.00 116.78
v 490.00 210.00 114.67
v 500.00 210.00 112.67
v 510.00 210.00 110.77
v 520.00 210.00 108.83
v 530.00 210.00 107.00
v 540.00 210.00 105.37
v 550.00 210.00 103.78
v 560.00 210.00 102.16
v 570.00 210.00 100.29
v 580.00 210.00 98.18
v 590.00 210.00 97.76
v 600.00 210.00 96.41
v 610.00 210.00 96.99
v 620.00 210.00 96.38
v 630.00 210.00 94.34
v 640.00 210.00 93.03
v 650.00 210.00 91.70
v 660.00 210.00 93.16
v 670.00 210.00 94.36
v 680.00 210.00 95.27
v 690.00 210.00 96.06
v 700.00 210.00 97.49
v 710.00 210.00 99.74
v 720.00 210.00 101.65
v 730.00 210.00 103.82
v 740.00 210.00 107.67
v 0.00 220.00 107.94
v 10.00 220.00 105.62
v 20.00 220.00 105.29
v 30.00 220.00 106.84
v 40.00 220.00 107.77
v 50.00 220.00 108.46
v 60.00 220.00 110.50
v 70.00 220.00 117.15
v 80.00 220.00 122.85
v 90.00 220.00 127.89
v 100.00 220.00 133.00
v 110.00 220.00 137.39
v 120.00 220.00 141.49
v 130.00 220.00 145.84
v 140.00 220.00 150.59
v 150.00 220.00 154.77
v 160.00 220.00 155.51
v 170.00 220.00 156.90
v 180.00 220.00 158.69
v 190.00 220.00 161.49
v 200.00 220.00 164.43
v 210.00 220.00 166.32
v 220.00 220.00 165.60
v 230.00 220.00 166.14
v 240.00 220.00 164.66
v 250.00 220.00 162.23
v 260.00 220.00 159.60
v 270.00 220.00 157.19
v 280.00 220.00 154.97
v 290.00 220.00 152.80
v 300.00 220.00 150.64
v 310.00 220.00 148.49
v 320.00 220.00 146.43
v 330.00 220.00 144.40
v 340.00 220.00 142.23
v 350.00 220.00 140.16
v 360.00 220.00 138.03
v 370.00 220.00 136.09
v 380.00 220.00 134.08
v 390.00 220.00 131.98
v 400.00 220.00 129.88
v 410.00 220.00 127.79
v 420.00 220.00 125.89
v 430.00 220.00 124.03
v 440.00 220.00 122.19
v 450.00 220.00 120.25
v 460.00 220.00 118.31
v 470.00 220.00 116.44
v 480.00 220.00 114.41
v 490.00 220.00 112.26
v 500.00 220.00 110.20
v 510.00 220.00 108.21
v 520.00 220.00 106.22
v 530.00 220.00 104.23
v 540.00 220.00 102.39
v 550.00 220.00 100.51
v 560.00 220.00 98.68
v 570.00 220.00 96.74
v 580.00 220.00 94.39
v 590.00 220.00 93.71
v 600.00 220.00 93.52
v 610.00 220.00 93.86
v 620.00 220.00 91.97
v 630.00 220.00 90.93
v 640.00 220.00 89.63
v 650.00 220.00 89.17
v 660.00 220.00 90.91
v 670.00 220.00 92.12
v 680.00 220.00 93.49
v 690.00 220.00 94.37
v 700.00 220.00 95.89
v 710.00 220.00 98.25
v 720.00 220.00 99.72
v 730.00 220.00 101.49
v 740.00 220.00 104.45
v 0.00 230.00 103.89
v 10.00 230.00 102.02
v 20.00 230.00 100.50
v 30.00 230.00 100.67
v 40.00 230.00 101.64
v 50.00 230.00 104.00
v 60.00 230.00 109.64
v 70.00 230.00 116.68
v 80.00 230.00 122.22
v 90.00 230.00 127.18
v 100.00 230.00 132.12
v 110.00 230.00 136.52
v 120.00 230.00 140.50
v 130.00 230.00 144.32
v 140.00 230.00 148.69
v 150.00 230.00 152.81
v 160.00 230.00 156.94
v 170.00 230.00 158.65
v 180.00 230.00 159.95
v 190.00 230.00 160.88
v 200.00 230.00 162.26
v 210.00 230.00 162.68
v 220.00 230.00 163.15
v 230.00 230.00 163.76
v 240.00 230.00 162.57
v 250.00 230.00 160.32
v 260.00 230.00 157.73
v 270.00 230.00 155.26
v 280.00 230.00 152.99
v 290.00 230.00 150.89
v 300.00 230.00 148.67
v 310.00 230.00 146.53
v 320.00 230.00 144.40
v 330.00 230.00 142.35
v 340.00 230.00 140.23
v 350.00 230.00 138.19
v 360.00 230.00 136.19
v 370.00 230.00 134.23
v 380.00 230.00 132.20
v 390.00 230.00 129.92
v 400.00 230.00 127.71
v 410.00 230.00 125.43
v 420.00 230.00 123.48
v 430.00 230.00 121.60
v 440.00 230.00 119.73
v 450.00 230.00 117.79
v 460.00 230.00 115.80
v 470.00 230.00 113.93
v 480.00 230.00 111.88
v 490.00 230.00 109.84
v 500.00 230.00 107.63
v 510.00 230.00 105.62
v 520.00 230.00 103.53
v 530.00 230.00 101.56
v 540.00 230.00 99.46
v 550.00 230.00 97.43
v 560.00 230.00 95.43
v 570.00 230.00 93.25
v 580.00 230.00 90.99
v 590.00 230.00 90.54
v 600.00 230.00 90.44
v 610.00 230.00 90.73
v 620.00 230.00 91.19
v 630.00 230.00 91.02
v 640.00 230.00 90.04
v 650.00 230.00 88.23
v 660.00 230.00 88.28
v 670.00 230.00 89.55
v 680.00 230.00 91.02
v 690.00 230.00 92.15
v 700.00 230.00 93.73
v 710.00 230.00 96.03
v 720.00 230.00 97.64
v 730.00 230.00 99.32
v 740.00 230.00 101.73
v 0.00 240.00 102.22
v 10.00 240.00 102.33
v 20.00 240.00 101.96
v 30.00 240.00 102.08
v 40.00 240.00 103.39
v 50.00 240.00 107.00
v 60.00 240.00 112.00
v 70.00 240.00 117.31
v 80.00 240.00 122.07
v 90.00 240.00 127.09
v 100.00 240.00 131.06
v 110.00 240.00 135.07
v 120.00 240.00 138.88
v 130.00 240.00 142.67
v 140.00 240.00 146.64
v 150.00 240.00 151.03
v 160.00 240.00 153.99
v 170.00 240.00 154.91
v 180.00 240.00 155.78
v 190.00 240.00 157.30
v 200.00 240.00 158.88
v 210.00 240.00 159.59
v 220.00 240.00 160.65
v 230.00 240.00 161.58
v 240.00 240.00 160.56
v 250.00 240.00 158.28
v 260.00 240.00 155.65
v 270.00 240.00 153.22
v 280.00 240.00 150.91
v 290.00 240.00 148.80
v 300.00 240.00 146.74
v 310.00 240.00 144.39
v 320.00 240.00 142.21
v 330.00 240.00 140.26
v 340.00 240.00 138.16
v 350.00 240.00 136.17
v 360.00 240.00 134.16
v 370.00 240.00 132.13
v 380.00 240.00 130.04
v 390.00 240.00 127.74
v 400.00 240.00 125.37
v 410.00 240.00 123.03
v 420.00 240.00 121.04
v 430.00 240.00 119.29
v 440.00 240.00 117.32
v 450.00 240.00 115.31
v 460.00 240.00 113.30
v 470.00 240.00 111.40
v 480.00 240.00 109.29
v 490.00 240.00 107.07
v 500.00 240.00 105.14
v 510.00 240.00 102.98
v 520.00 240.00 100.78
v 530.00 240.00 98.64
v 540.00 240.00 96.61
v 550.00 240.00 94.47
v 560.00 240.00 92.32
v 570.00 240.00 89.86
v 580.00 240.00 87.56
v 590.00 240.00 87.03
v 600.00 240.00 86.45
v 610.00 240.00 85.97
v 620.00 240.00 86.54
v 630.00 240.00 86.36
v 640.00 240.00 85.09
v 650.00 240.00 83.23
v 660.00 240.00 84.36
v 670.00 240.00 86.14
v 680.00 240.00 87.89
v 690.00 240.00 89.41
v 700.00 240.00 91.59
v 710.00 240.00 93.75
v 720.00 240.00 95.62
v 730.00 240.00 97.34
v 740.00 240.00 100.01
v 0.00 250.00 103.69
v 10.00 250.00 105.31
v 20.00 250.00 106.10
v 30.00 250.00 107.06
v 40.00 250.00 108.74
v 50.00 250.00 111.56
v 60.00 250.00 115.15
v 70.00 250.00 118.94
v 80.00 250.00 122.50
v 90.00 250.00 126.64
v 100.00 250.00 130.02
v 110.00 250.00 133.26
v 120.00 250.00 137.03
v 130.00 250.00 140.70
v 140.00 250.00 144.53
v 150.00 250.00 148.36
v 160.00 250.00 150.39
v 170.00 250.00 151.16
v 180.00 250.00 151.55
v 190.00 250.00 152.50
v 200.00 250.00 154.93
v 210.00 250.00 157.13
v 220.00 250.00 158.53
v 230.00 250.00 159.83
v 240.00 250.00 158.71
v 250.00 250.00 156.15
v 260.00 250.00 153.57
v 270.00 250.00 151.06
v 280.00 250.00 148.75
v 290.00 250.00 146.75
v 300.00 250.00 144.70
v 310.00 250.00 142.26
v 320.00 250.00 140.09
v 330.00 250.00 138.05
v 340.00 250.00 135.91
v 350.00 250.00 133.89
v 360.00 250.00 131.91
v 370.00 250.00 129.87
v 380.00 250.00 127.79
v 390.00 250.00 125.53
v 400.00 250.00 123.08
v 410.00 250.00 120.68
v 420.00 250.00 118.70
v 430.00 250.00 116.77
v 440.00 250.00 114.84
v 450.00 250.00 112.82
v 460.00 250.00 110.82
v 470.00 250.00 108.91
v 480.00 250.00 106.68
v 490.00 250.00 104.40
v 500.00 250.00 102.54
v 510.00 250.00 100.24
v 520.00 250.00 98.06
v 530.00 250.00 95.93
v 540.00 250.00 93.79
v 550.00 250.00 91.58
v 560.00 250.00 89.16
v 570.00 250.00 86.65
v 580.00 250.00 84.28
v 590.00 250.00 83.40
v 600.00 250.00 81.72
v 610.00 250.00 81.13
v 620.00 250.00 81.28
v 630.00 250.00 81.11
v 640.00 250.00 79.80
v 650.00 250.00 77.84
v 660.00 250.00 79.14
v 670.00 250.00 81.54
v 680.00 250.00 84.54
v 690.00 250.00 86.78
v 700.00 250.00 89.53
v 710.00 250.00 92.18
v 720.00 250.00 93.96
v 730.00 250.00 96.34
v 740.00 250.00 100.03
v 0.00 260.00 105.73
v 10.00 260.00 108.17
v 20.00 260.00 110.40
v 30.00 260.00 112.30
v 40.00 260.00 114.16
v 50.00 260.00 115.96
v 60.00 260.00 118.17
v 70.00 260.00 120.42
v 80.00 260.00 123.00
v 90.00 260.00 126.23
v 100.00 260.00 129.06
v 110.00 260.00 131.98
v 120.00 260.00 135.19
v 130.00 260.00 138.56
v 140.00 260.00 142.06
v 150.00 260.00 145.27
v 160.00 260.00 146.80
v 170.00 260.00 147.87
v 180.00 260.00 147.88
v 190.00 260.00 148.91
v 200.00 260.00 152.48
v 210.00 260.00 157.31
v 220.00 260.00 156.78
v 230.00 260.00 157.93
v 240.00 260.00 156.64
v 250.00 260.00 154.07
v 260.00 260.00 151.53
v 270.00 260.00 148.94
v 280.00 260.00 146.76
v 290.00 260.00 144.68
v 300.00 260.00 142.40
v 310.00 260.00 140.22
v 320.00 260.00 137.81
v 330.00 260.00 135.66
v 340.00 260.00 133.54
v 350.00 260.00 131.52
v 360.00 260.00 129.66
v 370.00 260.00 127.66
v 380.00 260.00 125.51
v 390.00 260.00 123.27
v 400.00 260.00 120.83
v 410.00 260.00 118.46
v 420.00 260.00 116.45
v 430.00 260.00 114.38
v 440.00 260.00 112.42
v 450.00 260.00 110.34
v 460.00 260.00 108.25
v 470.00 260.00 106.27
v 480.00 260.00 104.00
v 490.00 260.00 101.77
v 500.00 260.00 99.88
v 510.00 260.00 97.61
v 520.00 260.00 95.54
v 530.00 260.00 93.35
v 540.00 260.00 91.09
v 550.00 260.00 88.72
v 560.00 260.00 86.29
v 570.00 260.00 83.80
v 580.00 260.00 81.47
v 590.00 260.00 80.36
v 600.00 260.00 78.61
v 610.00 260.00 79.34
v 620.00 260.00 78.32
v 630.00 260.00 76.24
v 640.00 260.00 74.61
v 650.00 260.00 74.78
v 660.00 260.00 76.14
v 670.00 260.00 78.62
v 680.00 260.00 81.71
v 690.00 260.00 84.41
v 700.00 260.00 87.67
v 710.00 260.00 90.71
v 720.00 260.00 92.78
v 730.00 260.00 96.03
v 740.00 260.00 100.54
v 0.00 270.00 107.48
v 10.00 270.00 111.11
v 20.00 270.00 114.89
v 30.00 270.00 117.84
v 40.00 270.00 119.35
v 50.00 270.00 119.87
v 60.00 270.00 120.43
v 70.00 270.00 121.54
v 80.00 270.00 122.98
v 90.00 270.00 125.76
v 100.00 270.00 128.27
v 110.00 270.00 131.06
v 120.00 270.00 134.20
v 130.00 270.00 137.50
v 140.00 270.00 141.46
v 150.00 270.00 145.39
v 160.00 270.00 146.90
v 170.00 270.00 147.56
v 180.00 270.00 147.57
v 190.00 270.00 148.83
v 200.00 270.00 151.07
v 210.00 270.00 154.77
v 220.00 270.00 154.31
v 230.00 270.00 155.42
v 240.00 270.00 154.23
v 250.00 270.00 151.96
v 260.00 270.00 149.34
v 270.00 270.00 146.96
v 280.00 270.00 144.75
v 290.00 270.00 142.51
v 300.00 270.00 140.12
v 310.00 270.00 138.30
v 320.00 270.00 135.74
v 330.00 270.00 133.31
v 340.00 270.00 131.14
v 350.00 270.00 129.11
v 360.00 270.00 127.35
v 370.00 270.00 125.32
v 380.00 270.00 123.27
v 390.00 270.00 120.99
v 400.00 270.00 118.53
v 410.00 270.00 116.33
v 420.00 270.00 114.18
v 430.00 270.00 111.99
v 440.00 270.00 109.94
v 450.00 270.00 107.81
v 460.00 270.00 105.64
v 470.00 270.00 103.62
v 480.00 270.00 101.45
v 490.00 270.00 99.18
v 500.00 270.00 97.26
v 510.00 270.00 95.19
v 520.00 270.00 93.06
v 530.00 270.00 90.76
v 540.00 270.00 88.40
v 550.00 270.00 86.04
v 560.00 270.00 83.59
v 570.00 270.00 81.00
v 580.00 270.00 78.79
v 590.00 270.00 77.90
v 600.00 270.00 77.50
v 610.00 270.00 78.01
v 620.00 270.00 76.49
v 630.00 270.00 75.54
v 640.00 270.00 75.34
v 650.00 270.00 74.47
v 660.00 270.00 75.09
v 670.00 270.00 77.28
v 680.00 270.00 79.94
v 690.00 270.00 82.58
v 700.00 270.00 85.92
v 710.00 270.00 89.06
v 720.00 270.00 91.80
v 730.00 270.00 95.88
v 740.00 270.00 101.14
v 0.00 280.00 108.60
v 10.00 280.00 113.64
v 20.00 280.00 119.12
v 30.00 280.00 123.20
v 40.00 280.00 124.44
v 50.00 280.00 123.87
v 60.00 280.00 122.52
v 70.00 280.00 122.07
v 80.00 280.00 122.57
v 90.00 280.00 124.34
v 100.00 280.00 126.66
v 110.00 280.00 129.61
v 120.00 280.00 133.09
v 130.00 280.00 136.62
v 140.00 280.00 140.41
v 150.00 280.00 144.45
v 160.00 280.00 146.83
v 170.00 280.00 146.99
v 180.00 280.00 147.32
v 190.00 280.00 148.65
v 200.00 280.00 149.61
v 210.00 280.00 150.69
v 220.00 280.00 151.62
v 230.00 280.00 152.87
v 240.00 280.00 151.62
v 250.00 280.00 149.66
v 260.00 280.00 147.20
v 270.00 280.00 144.85
v 280.00 280.00 142.60
v 290.00 280.00 140.37
v 300.00 280.00 138.16
v 310.00 280.00 135.99
v 320.00 280.00 133.56
v 330.00 280.00 131.07
v 340.00 280.00 128.76
v 350.00 280.00 126.82
v 360.00 280.00 124.99
v 370.00 280.00 122.96
v 380.00 280.00 120.85
v 390.00 280.00 118.64
v 400.00 280.00 116.36
v 410.00 280.00 114.11
v 420.00 280.00 111.88
v 430.00 280.00 109.65
v 440.00 280.00 107.45
v 450.00 280.00 105.27
v 460.00 280.00 103.15
v 470.00 280.00 101.13
v 480.00 280.00 98.97
v 490.00 280.00 96.81
v 500.00 280.00 94.67
v 510.00 280.00 92.53
v 520.00 280.00 90.34
v 530.00 280.00 88.23
v 540.00 280.00 85.73
v 550.00 280.00 83.35
v 560.00 280.00 80.76
v 570.00 280.00 78.33
v 580.00 280.00 76.09
v 590.00 280.00 75.10
v 600.00 280.00 74.85
v 610.00 280.00 74.54
v 620.00 280.00 74.54
v 630.00 280.00 74.46
v 640.00 280.00 74.17
v 650.00 280.00 72.71
v 660.00 280.00 73.39
v 670.00 280.00 75.32
v 680.00 280.00 77.83
v 690.00 280.00 80.79
v 700.00 280.00 84.08
v 710.00 280.00 87.54
v 720.00 280.00 90.88
v 730.00 280.00 95.29
v 740.00 280.00 101.34
v 0.00 290.00 108.77
v 10.00 290.00 114.89
v 20.00 290.00 120.68
v 30.00 290.00 122.73
v 40.00 290.00 123.38
v 50.00 290.00 124.11
v 60.00 290.00 122.58
v 70.00 290.00 120.95
v 80.00 290.00 121.33
v 90.00 290.00 122.96
v 100.00 290.00 125.44
v 110.00 290.00 128.22
v 120.00 290.00 131.70
v 130.00 290.00 134.86
v 140.00 290.00 138.72
v 150.00 290.00 142.55
v 160.00 290.00 143.77
v 170.00 290.00 143.94
v 180.00 290.00 144.20
v 190.00 290.00 145.43
v 200.00 290.00 146.96
v 210.00 290.00 147.95
v 220.00 290.00 149.09
v 230.00 290.00 150.14
v 240.00 290.00 149.21
v 250.00 290.00 147.23
v 260.00 290.00 144.94
v 270.00 290.00 142.65
v 280.00 290.00 140.44
v 290.00 290.00 138.24
v 300.00 290.00 136.11
v 310.00 290.00 133.74
v 320.00 290.00 131.34
v 330.00 290.00 128.89
v 340.00 290.00 126.43
v 350.00 290.00 124.46
v 360.00 290.00 122.57
v 370.00 290.00 120.66
v 380.00 290.00 118.51
v 390.00 290.00 116.30
v 400.00 290.00 114.10
v 410.00 290.00 111.89
v 420.00 290.00 109.68
v 430.00 290.00 107.27
v 440.00 290.00 104.94
v 450.00 290.00 102.67
v 460.00 290.00 100.71
v 470.00 290.00 98.69
v 480.00 290.00 96.56
v 490.00 290.00 94.30
v 500.00 290.00 92.20
v 510.00 290.00 89.89
v 520.00 290.00 87.63
v 530.00 290.00 85.40
v 540.00 290.00 83.03
v 550.00 290.00 80.49
v 560.00 290.00 77.79
v 570.00 290.00 75.24
v 580.00 290.00 72.82
v 590.00 290.00 72.00
v 600.00 290.00 71.75
v 610.00 290.00 70.88
v 620.00 290.00 70.97
v 630.00 290.00 70.63
v 640.00 290.00 69.82
v 650.00 290.00 68.68
v 660.00 290.00 70.69
v 670.00 290.00 73.33
v 680.00 290.00 76.00
v 690.00 290.00 78.66
v 700.00 290.00 81.74
v 710.00 290.00 85.85
v 720.00 290.00 89.27
v 730.00 290.00 94.27
v 740.00 290.00 100.79
v 0.00 300.00 107.54
v 10.00 300.00 113.54
v 20.00 300.00 115.76
v 30.00 300.00 116.30
v 40.00 300.00 116.84
v 50.00 300.00 118.15
v 60.00 300.00 118.61
v 70.00 300.00 118.19
v 80.00 300.00 118.92
v 90.00 300.00 120.54
v 100.00 300.00 123.57
v 110.00 300.00 126.39
v 120.00 300.00 129.58
v 130.00 300.00 132.84
v 140.00 300.00 135.96
v 150.00 300.00 139.05
v 160.00 300.00 140.10
v 170.00 300.00 140.42
v 180.00 300.00 140.64
v 190.00 300.00 141.31
v 200.00 300.00 143.69
v 210.00 300.00 145.82
v 220.00 300.00 146.92
v 230.00 300.00 147.99
v 240.00 300.00 146.77
v 250.00 300.00 144.83
v 260.00 300.00 142.56
v 270.00 300.00 140.38
v 280.00 300.00 138.22
v 290.00 300.00 136.11
v 300.00 300.00 133.84
v 310.00 300.00 131.50
v 320.00 300.00 129.17
v 330.00 300.00 126.77
v 340.00 300.00 124.33
v 350.00 300.00 122.14
v 360.00 300.00 120.21
v 370.00 300.00 118.30
v 380.00 300.00 116.17
v 390.00 300.00 113.96
v 400.00 300.00 111.82
v 410.00 300.00 109.69
v 420.00 300.00 107.49
v 430.00 300.00 105.07
v 440.00 300.00 102.67
v 450.00 300.00 100.23
v 460.00 300.00 98.19
v 470.00 300.00 96.13
v 480.00 300.00 93.97
v 490.00 300.00 91.73
v 500.00 300.00 89.46
v 510.00 300.00 87.20
v 520.00 300.00 84.98
v 530.00 300.00 82.65
v 540.00 300.00 80.25
v 550.00 300.00 77.65
v 560.00 300.00 75.13
v 570.00 300.00 72.50
v 580.00 300.00 69.84
v 590.00 300.00 68.88
v 600.00 300.00 68.11
v 610.00 300.00 67.45
v 620.00 300.00 67.01
v 630.00 300.00 66.44
v 640.00 300.00 65.83
v 650.00 300.00 65.22
v 660.00 300.00 68.09
v 670.00 300.00 71.11
v 680.00 300.00 73.79
v 690.00 300.00 76.57
v 700.00 300.00 80.00
v 710.00 300.00 83.87
v 720.00 300.00 87.32
v 730.00 300.00 92.62
v 740.00 300.00 99.27
v 0.00 310.00 104.80
v 10.00 310.00 108.50
v 20.00 310.00 109.25
v 30.00 310.00 109.73
v 40.00 310.00 110.08
v 50.00 310.00 110.62
v 60.00 310.00 111.74
v 70.00 310.00 112.98
v 80.00 310.00 115.68
v 90.00 310.00 117.91
v 100.00 310.00 120.68
v 110.00 310.00 124.17
v 120.00 310.00 127.21
v 130.00 310.00 130.32
v 140.00 310.00 133.10
v 150.00 310.00 135.64
v 160.00 310.00 137.31
v 170.00 310.00 137.74
v 180.00 310.00 138.06
v 190.00 310.00 138.95
v 200.00 310.00 142.76
v 210.00 310.00 144.43
v 220.00 310.00 144.69
v 230.00 310.00 145.69
v 240.00 310.00 144.34
v 250.00 310.00 142.37
v 260.00 310.00 140.22
v 270.00 310.00 138.13
v 280.00 310.00 136.04
v 290.00 310.00 133.96
v 300.00 310.00 131.53
v 310.00 310.00 129.12
v 320.00 310.00 126.89
v 330.00 310.00 124.63
v 340.00 310.00 122.35
v 350.00 310.00 119.80
v 360.00 310.00 118.01
v 370.00 310.00 115.95
v 380.00 310.00 113.80
v 390.00 310.00 111.60
v 400.00 310.00 109.46
v 410.00 310.00 107.43
v 420.00 310.00 105.20
v 430.00 310.00 102.92
v 440.00 310.00 100.36
v 450.00 310.00 98.03
v 460.00 310.00 95.71
v 470.00 310.00 93.74
v 480.00 310.00 91.40
v 490.00 310.00 89.00
v 500.00 310.00 86.79
v 510.00 310.00 84.46
v 520.00 310.00 82.33
v 530.00 310.00 79.98
v 540.00 310.00 77.47
v 550.00 310.00 74.96
v 560.00 310.00 72.45
v 570.00 310.00 69.79
v 580.00 310.00 67.19
v 590.00 310.00 65.89
v 600.00 310.00 64.86
v 610.00 310.00 65.12
v 620.00 310.00 64.96
v 630.00 310.00 63.34
v 640.00 310.00 62.38
v 650.00 310.00 63.40
v 660.00 310.00 66.14
v 670.00 310.00 69.20
v 680.00 310.00 71.69
v 690.00 310.00 74.65
v 700.00 310.00 77.89
v 710.00 310.00 81.95
v 720.00 310.00 85.24
v 730.00 310.00 90.49
v 740.00 310.00 96.69
v 0.00 320.00 99.04
v 10.00 320.00 101.13
v 20.00 320.00 102.16
v 30.00 320.00 102.95
v 40.00 320.00 103.11
v 50.00 320.00 103.76
v 60.00 320.00 104.66
v 70.00 320.00 108.06
v 80.00 320.00 111.38
v 90.00 320.00 114.35
v 100.00 320.00 118.04
v 110.00 320.00 121.22
v 120.00 320.00 124.63
v 130.00 320.00 128.11
v 140.00 320.00 131.46
v 150.00 320.00 135.11
v 160.00 320.00 137.83
v 170.00 320.00 137.24
v 180.00 320.00 138.11
v 190.00 320.00 138.68
v 200.00 320.00 141.24
v 210.00 320.00 141.44
v 220.00 320.00 142.19
v 230.00 320.00 143.24
v 240.00 320.00 142.05
v 250.00 320.00 140.08
v 260.00 320.00 137.96
v 270.00 320.00 136.04
v 280.00 320.00 133.84
v 290.00 320.00 131.69
v 300.00 320.00 129.32
v 310.00 320.00 126.78
v 320.00 320.00 124.61
v 330.00 320.00 122.40
v 340.00 320.00 120.14
v 350.00 320.00 117.77
v 360.00 320.00 115.78
v 370.00 320.00 113.65
v 380.00 320.00 111.61
v 390.00 320.00 109.43
v 400.00 320.00 107.29
v 410.00 320.00 105.15
v 420.00 320.00 103.06
v 430.00 320.00 100.67
v 440.00 320.00 98.11
v 450.00 320.00 95.79
v 460.00 320.00 93.38
v 470.00 320.00 91.37
v 480.00 320.00 89.05
v 490.00 320.00 86.44
v 500.00 320.00 84.21
v 510.00 320.00 81.87
v 520.00 320.00 79.59
v 530.00 320.00 77.25
v 540.00 320.00 74.90
v 550.00 320.00 72.42
v 560.00 320.00 69.79
v 570.00 320.00 67.17
v 580.00 320.00 64.65
v 590.00 320.00 63.91
v 600.00 320.00 63.50
v 610.00 320.00 64.71
v 620.00 320.00 63.85
v 630.00 320.00 63.41
v 640.00 320.00 63.67
v 650.00 320.00 63.14
v 660.00 320.00 64.29
v 670.00 320.00 67.24
v 680.00 320.00 69.96
v 690.00 320.00 73.08
v 700.00 320.00 76.15
v 710.00 320.00 80.01
v 720.00 320.00 83.20
v 730.00 320.00 87.90
v 740.00 320.00 93.11
v 0.00 330.00 93.44
v 10.00 330.00 94.28
v 20.00 330.00 95.03
v 30.00 330.00 96.34
v 40.00 330.00 96.09
v 50.00 330.00 96.70
v 60.00 330.00 97.50
v 70.00 330.00 102.69
v 80.00 330.00 106.94
v 90.00 330.00 111.36
v 100.00 330.00 115.03
v 110.00 330.00 119.16
v 120.00 330.00 122.63
v 130.00 330.00 125.98
v 140.00 330.00 129.58
v 150.00 330.00 133.64
v 160.00 330.00 135.76
v 170.00 330.00 135.67
v 180.00 330.00 136.09
v 190.00 330.00 137.16
v 200.00 330.00 138.09
v 210.00 330.00 138.52
v 220.00 330.00 139.71
v 230.00 330.00 140.77
v 240.00 330.00 139.59
v 250.00 330.00 137.93
v 260.00 330.00 135.54
v 270.00 330.00 133.80
v 280.00 330.00 131.49
v 290.00 330.00 129.10
v 300.00 330.00 126.95
v 310.00 330.00 124.55
v 320.00 330.00 122.35
v 330.00 330.00 120.18
v 340.00 330.00 117.98
v 350.00 330.00 115.77
v 360.00 330.00 113.60
v 370.00 330.00 111.43
v 380.00 330.00 109.28
v 390.00 330.00 107.06
v 400.00 330.00 104.98
v 410.00 330.00 102.78
v 420.00 330.00 100.66
v 430.00 330.00 98.55
v 440.00 330.00 95.93
v 450.00 330.00 93.70
v 460.00 330.00 91.13
v 470.00 330.00 88.86
v 480.00 330.00 86.64
v 490.00 330.00 84.08
v 500.00 330.00 81.71
v 510.00 330.00 79.32
v 520.00 330.00 76.95
v 530.00 330.00 74.55
v 540.00 330.00 72.32
v 550.00 330.00 69.88
v 560.00 330.00 67.14
v 570.00 330.00 64.57
v 580.00 330.00 62.09
v 590.00 330.00 61.45
v 600.00 330.00 61.53
v 610.00 330.00 61.21
v 620.00 330.00 61.80
v 630.00 330.00 61.84
v 640.00 330.00 61.68
v 650.00 330.00 60.53
v 660.00 330.00 62.07
v 670.00 330.00 65.00
v 680.00 330.00 67.98
v 690.00 330.00 71.12
v 700.00 330.00 74.43
v 710.00 330.00 77.87
v 720.00 330.00 81.07
v 730.00 330.00 85.28
v 740.00 330.00 89.81
v 0.00 340.00 92.36
v 10.00 340.00 91.97
v 20.00 340.00 90.11
v 30.00 340.00 89.71
v 40.00 340.00 89.49
v 50.00 340.00 90.14
v 60.00 340.00 93.85
v 70.00 340.00 99.33
v 80.00 340.00 104.67
v 90.00 340.00 109.03
v 100.00 340.00 112.92
v 110.00 340.00 116.48
v 120.00 340.00 120.14
v 130.00 340.00 123.80
v 140.00 340.00 127.08
v 150.00 340.00 130.79
v 160.00 340.00 132.38
v 170.00 340.00 132.88
v 180.00 340.00 133.28
v 190.00 340.00 134.38
v 200.00 340.00 134.94
v 210.00 340.00 136.04
v 220.00 340.00 137.28
v 230.00 340.00 138.34
v 240.00 340.00 137.48
v 250.00 340.00 135.53
v 260.00 340.00 133.27
v 270.00 340.00 131.40
v 280.00 340.00 129.30
v 290.00 340.00 126.95
v 300.00 340.00 124.51
v 310.00 340.00 122.25
v 320.00 340.00 120.09
v 330.00 340.00 117.93
v 340.00 340.00 115.76
v 350.00 340.00 113.56
v 360.00 340.00 111.40
v 370.00 340.00 109.15
v 380.00 340.00 106.95
v 390.00 340.00 104.77
v 400.00 340.00 102.64
v 410.00 340.00 100.50
v 420.00 340.00 98.35
v 430.00 340.00 96.15
v 440.00 340.00 93.83
v 450.00 340.00 91.45
v 460.00 340.00 88.85
v 470.00 340.00 86.45
v 480.00 340.00 84.13
v 490.00 340.00 81.72
v 500.00 340.00 79.28
v 510.00 340.00 76.86
v 520.00 340.00 74.53
v 530.00 340.00 72.03
v 540.00 340.00 69.76
v 550.00 340.00 67.24
v 560.00 340.00 64.55
v 570.00 340.00 62.17
v 580.00 340.00 59.58
v 590.00 340.00 58.50
v 600.00 340.00 58.33
v 610.00 340.00 57.99
v 620.00 340.00 58.24
v 630.00 340.00 58.45
v 640.00 340.00 57.75
v 650.00 340.00 57.00
v 660.00 340.00 59.56
v 670.00 340.00 62.67
v 680.00 340.00 65.87
v 690.00 340.00 69.28
v 700.00 340.00 72.50
v 710.00 340.00 76.11
v 720.00 340.00 79.29
v 730.00 340.00 83.23
v 740.00 340.00 87.96
v 0.00 350.00 93.29
v 10.00 350.00 94.29
v 20.00 350.00 92.59
v 30.00 350.00 89.93
v 40.00 350.00 89.27
v 50.00 350.00 90.33
v 60.00 350.00 94.06
v 70.00 350.00 98.33
v 80.00 350.00 102.92
v 90.00 350.00 106.72
v 100.00 350.00 110.44
v 110.00 350.00 114.10
v 120.00 350.00 117.80
v 130.00 350.00 121.51
v 140.00 350.00 124.59
v 150.00 350.00 127.17
v 160.00 350.00 128.62
v 170.00 350.00 129.42
v 180.00 350.00 130.49
v 190.00 350.00 131.11
v 200.00 350.00 131.56
v 210.00 350.00 134.19
v 220.00 350.00 135.00
v 230.00 350.00 136.03
v 240.00 350.00 135.25
v 250.00 350.00 133.19
v 260.00 350.00 130.94
v 270.00 350.00 128.98
v 280.00 350.00 126.87
v 290.00 350.00 124.60
v 300.00 350.00 122.17
v 310.00 350.00 119.90
v 320.00 350.00 117.79
v 330.00 350.00 115.64
v 340.00 350.00 113.43
v 350.00 350.00 111.27
v 360.00 350.00 109.04
v 370.00 350.00 106.85
v 380.00 350.00 104.64
v 390.00 350.00 102.40
v 400.00 350.00 100.30
v 410.00 350.00 98.19
v 420.00 350.00 96.01
v 430.00 350.00 93.79
v 440.00 350.00 91.52
v 450.00 350.00 89.10
v 460.00 350.00 86.54
v 470.00 350.00 84.20
v 480.00 350.00 81.78
v 490.00 350.00 79.28
v 500.00 350.00 76.92
v 510.00 350.00 74.58
v 520.00 350.00 72.11
v 530.00 350.00 69.67
v 540.00 350.00 67.22
v 550.00 350.00 64.65
v 560.00 350.00 62.03
v 570.00 350.00 59.56
v 580.00 350.00 57.04
v 590.00 350.00 55.80
v 600.00 350.00 54.49
v 610.00 350.00 54.94
v 620.00 350.00 55.54
v 630.00 350.00 54.64
v 640.00 350.00 53.62
v 650.00 350.00 53.69
v 660.00 350.00 57.37
v 670.00 350.00 60.82
v 680.00 350.00 64.21
v 690.00 350.00 67.21
v 700.00 350.00 70.14
v 710.00 350.00 73.86
v 720.00 350.00 77.25
v 730.00 350.00 81.79
v 740.00 350.00 87.27
v 0.00 360.00 95.51
v 10.00 360.00 98.27
v 20.00 360.00 98.00
v 30.00 360.00 96.28
v 40.00 360.00 93.90
v 50.00 360.00 93.62
v 60.00 360.00 95.27
v 70.00 360.00 98.20
v 80.00 360.00 101.13
v 90.00 360.00 105.01
v 100.00 360.00 108.33
v 110.00 360.00 112.15
v 120.00 360.00 116.03
v 130.00 360.00 119.46
v 140.00 360.00 122.64
v 150.00 360.00 125.89
v 160.00 360.00 127.18
v 170.00 360.00 127.36
v 180.00 360.00 128.58
v 190.00 360.00 129.35
v 200.00 360.00 130.50
v 210.00 360.00 132.27
v 220.00 360.00 132.61
v 230.00 360.00 133.94
v 240.00 360.00 133.11
v 250.00 360.00 131.02
v 260.00 360.00 128.91
v 270.00 360.00 126.79
v 280.00 360.00 124.57
v 290.00 360.00 122.39
v 300.00 360.00 119.86
v 310.00 360.00 117.56
v 320.00 360.00 115.45
v 330.00 360.00 113.34
v 340.00 360.00 111.27
v 350.00 360.00 108.91
v 360.00 360.00 106.63
v 370.00 360.00 104.49
v 380.00 360.00 102.30
v 390.00 360.00 100.12
v 400.00 360.00 97.97
v 410.00 360.00 95.83
v 420.00 360.00 93.73
v 430.00 360.00 91.45
v 440.00 360.00 89.20
v 450.00 360.00 86.90
v 460.00 360.00 84.35
v 470.00 360.00 82.05
v 480.00 360.00 79.56
v 490.00 360.00 76.94
v 500.00 360.00 74.44
v 510.00 360.00 72.19
v 520.00 360.00 69.89
v 530.00 360.00 67.37
v 540.00 360.00 64.85
v 550.00 360.00 62.34
v 560.00 360.00 59.82
v 570.00 360.00 57.28
v 580.00 360.00 54.42
v 590.00 360.00 53.75
v 600.00 360.00 52.87
v 610.00 360.00 54.56
v 620.00 360.00 54.45
v 630.00 360.00 53.34
v 640.00 360.00 52.40
v 650.00 360.00 53.32
v 660.00 360.00 55.43
v 670.00 360.00 58.48
v 680.00 360.00 61.88
v 690.00 360.00 64.83
v 700.00 360.00 67.95
v 710.00 360.00 72.08
v 720.00 360.00 75.40
v 730.00 360.00 80.27
v 740.00 360.00 86.87
v 0.00 370.00 94.24
v 10.00 370.00 96.57
v 20.00 370.00 97.22
v 30.00 370.00 97.15
v 40.00 370.00 96.32
v 50.00 370.00 94.79
v 60.00 370.00 95.22
v 70.00 370.00 97.19
v 80.00 370.00 99.82
v 90.00 370.00 103.11
v 100.00 370.00 106.55
v 110.00 370.00 110.19
v 120.00 370.00 113.93
v 130.00 370.00 117.41
v 140.00 370.00 121.18
v 150.00 370.00 125.00
v 160.00 370.00 127.87
v 170.00 370.00 128.08
v 180.00 370.00 127.95
v 190.00 370.00 128.34
v 200.00 370.00 128.98
v 210.00 370.00 129.67
v 220.00 370.00 130.21
v 230.00 370.00 131.76
v 240.00 370.00 130.97
v 250.00 370.00 128.96
v 260.00 370.00 126.79
v 270.00 370.00 124.63
v 280.00 370.00 122.29
v 290.00 370.00 120.21
v 300.00 370.00 117.78
v 310.00 370.00 115.26
v 320.00 370.00 113.14
v 330.00 370.00 111.07
v 340.00 370.00 109.03
v 350.00 370.00 106.81
v 360.00 370.00 104.30
v 370.00 370.00 102.21
v 380.00 370.00 100.02
v 390.00 370.00 97.80
v 400.00 370.00 95.65
v 410.00 370.00 93.38
v 420.00 370.00 91.40
v 430.00 370.00 89.10
v 440.00 370.00 86.87
v 450.00 370.00 84.50
v 460.00 370.00 82.22
v 470.00 370.00 79.86
v 480.00 370.00 77.37
v 490.00 370.00 74.58
v 500.00 370.00 72.30
v 510.00 370.00 70.10
v 520.00 370.00 67.62
v 530.00 370.00 65.16
v 540.00 370.00 62.62
v 550.00 370.00 60.17
v 560.00 370.00 57.45
v 570.00 370.00 54.91
v 580.00 370.00 52.50
v 590.00 370.00 51.63
v 600.00 370.00 51.99
v 610.00 370.00 52.10
v 620.00 370.00 52.32
v 630.00 370.00 52.09
v 640.00 370.00 52.19
v 650.00 370.00 52.11
v 660.00 370.00 53.55
v 670.00 370.00 56.00
v 680.00 370.00 58.97
v 690.00 370.00 62.02
v 700.00 370.00 65.32
v 710.00 370.00 69.68
v 720.00 370.00 73.21
v 730.00 370.00 78.42
v 740.00 370.00 85.43
v 0.00 380.00 90.76
v 10.00 380.00 91.88
v 20.00 380.00 92.60
v 30.00 380.00 92.88
v 40.00 380.00 93.48
v 50.00 380.00 94.04
v 60.00 380.00 93.93
v 70.00 380.00 95.28
v 80.00 380.00 97.62
v 90.00 380.00 100.70
v 100.00 380.00 104.33
v 110.00 380.00 107.91
v 120.00 380.00 111.78
v 130.00 380.00 115.26
v 140.00 380.00 119.14
v 150.00 380.00 123.36
v 160.00 380.00 124.45
v 170.00 380.00 124.27
v 180.00 380.00 124.35
v 190.00 380.00 125.08
v 200.00 380.00 126.19
v 210.00 380.00 126.88
v 220.00 380.00 128.09
v 230.00 380.00 129.36
v 240.00 380.00 128.69
v 250.00 380.00 126.72
v 260.00 380.00 124.58
v 270.00 380.00 122.42
v 280.00 380.00 120.14
v 290.00 380.00 118.09
v 300.00 380.00 115.62
v 310.00 380.00 113.06
v 320.00 380.00 110.83
v 330.00 380.00 108.82
v 340.00 380.00 106.78
v 350.00 380.00 104.62
v 360.00 380.00 102.21
v 370.00 380.00 100.04
v 380.00 380.00 97.80
v 390.00 380.00 95.56
v 400.00 380.00 93.39
v 410.00 380.00 91.31
v 420.00 380.00 89.07
v 430.00 380.00 86.91
v 440.00 380.00 84.61
v 450.00 380.00 82.25
v 460.00 380.00 79.96
v 470.00 380.00 77.68
v 480.00 380.00 75.05
v 490.00 380.00 72.37
v 500.00 380.00 70.21
v 510.00 380.00 67.79
v 520.00 380.00 65.35
v 530.00 380.00 62.81
v 540.00 380.00 60.51
v 550.00 380.00 57.95
v 560.00 380.00 55.24
v 570.00 380.00 52.42
v 580.00 380.00 49.80
v 590.00 380.00 49.40
v 600.00 380.00 49.03
v 610.00 380.00 48.47
v 620.00 380.00 48.96
v 630.00 380.00 48.94
v 640.00 380.00 48.45
v 650.00 380.00 48.23
v 660.00 380.00 50.33
v 670.00 380.00 52.70
v 680.00 380.00 55.49
v 690.00 380.00 59.10
v 700.00 380.00 63.00
v 710.00 380.00 67.20
v 720.00 380.00 70.84
v 730.00 380.00 75.67
v 740.00 380.00 82.76
v 0.00 390.00 86.54
v 10.00 390.00 87.22
v 20.00 390.00 88.22
v 30.00 390.00 88.64
v 40.00 390.00 88.89
v 50.00 390.00 89.73
v 60.00 390.00 91.27
v 70.00 390.00 92.30
v 80.00 390.00 94.90
v 90.00 390.00 98.24
v 100.00 390.00 101.88
v 110.00 390.00 105.64
v 120.00 390.00 109.09
v 130.00 390.00 112.63
v 140.00 390.00 116.15
v 150.00 390.00 118.95
v 160.00 390.00 120.16
v 170.00 390.00 120.25
v 180.00 390.00 120.51
v 190.00 390.00 121.46
v 200.00 390.00 122.79
v 210.00 390.00 125.21
v 220.00 390.00 126.22
v 230.00 390.00 127.16
v 240.00 390.00 126.33
v 250.00 390.00 124.35
v 260.00 390.00 122.20
v 270.00 390.00 120.05
v 280.00 390.00 117.88
v 290.00 390.00 115.81
v 300.00 390.00 113.43
v 310.00 390.00 110.91
v 320.00 390.00 108.68
v 330.00 390.00 106.51
v 340.00 390.00 104.53
v 350.00 390.00 102.29
v 360.00 390.00 100.01
v 370.00 390.00 97.79
v 380.00 390.00 95.64
v 390.00 390.00 93.45
v 400.00 390.00 91.25
v 410.00 390.00 89.13
v 420.00 390.00 87.06
v 430.00 390.00 84.75
v 440.00 390.00 82.27
v 450.00 390.00 79.97
v 460.00 390.00 77.66
v 470.00 390.00 75.38
v 480.00 390.00 72.78
v 490.00 390.00 70.17
v 500.00 390.00 67.82
v 510.00 390.00 65.70
v 520.00 390.00 63.12
v 530.00 390.00 60.62
v 540.00 390.00 58.07
v 550.00 390.00 55.64
v 560.00 390.00 52.95
v 570.00 390.00 50.14
v 580.00 390.00 47.57
v 590.00 390.00 46.56
v 600.00 390.00 45.24
v 610.00 390.00 45.25
v 620.00 390.00 45.33
v 630.00 390.00 45.30
v 640.00 390.00 44.84
v 650.00 390.00 44.38
v 660.00 390.00 46.84
v 670.00 390.00 49.73
v 680.00 390.00 52.63
v 690.00 390.00 55.92
v 700.00 390.00 59.99
v 710.00 390.00 64.41
v 720.00 390.00 67.87
v 730.00 390.00 72.71
v 740.00 390.00 79.15
v 0.00 400.00 81.99
v 10.00 400.00 82.24
v 20.00 400.00 83.14
v 30.00 400.00 83.91
v 40.00 400.00 83.95
v 50.00 400.00 84.21
v 60.00 400.00 86.12
v 70.00 400.00 88.83
v 80.00 400.00 91.73
v 90.00 400.00 95.50
v 100.00 400.00 99.26
v 110.00 400.00 103.01
v 120.00 400.00 106.50
v 130.00 400.00 110.10
v 140.00 400.00 113.24
v 150.00 400.00 116.18
v 160.00 400.00 116.79
v 170.00 400.00 118.12
v 180.00 400.00 118.10
v 190.00 400.00 118.20
v 200.00 400.00 121.82
v 210.00 400.00 124.26
v 220.00 400.00 124.21
v 230.00 400.00 125.47
v 240.00 400.00 124.18
v 250.00 400.00 121.97
v 260.00 400.00 119.78
v 270.00 400.00 117.71
v 280.00 400.00 115.54
v 290.00 400.00 113.37
v 300.00 400.00 111.14
v 310.00 400.00 108.80
v 320.00 400.00 106.51
v 330.00 400.00 104.30
v 340.00 400.00 102.19
v 350.00 400.00 100.01
v 360.00 400.00 97.80
v 370.00 400.00 95.54
v 380.00 400.00 93.35
v 390.00 400.00 91.12
v 400.00 400.00 88.97
v 410.00 400.00 86.86
v 420.00 400.00 84.74
v 430.00 400.00 82.45
v 440.00 400.00 80.00
v 450.00 400.00 77.70
v 460.00 400.00 75.38
v 470.00 400.00 73.07
v 480.00 400.00 70.48
v 490.00 400.00 68.03
v 500.00 400.00 65.89
v 510.00 400.00 63.54
v 520.00 400.00 61.01
v 530.00 400.00 58.48
v 540.00 400.00 55.85
v 550.00 400.00 53.39
v 560.00 400.00 50.71
v 570.00 400.00 48.16
v 580.00 400.00 45.63
v 590.00 400.00 44.91
v 600.00 400.00 44.10
v 610.00 400.00 44.45
v 620.00 400.00 43.73
v 630.00 400.00 42.57
v 640.00 400.00 42.03
v 650.00 400.00 41.36
v 660.00 400.00 43.93
v 670.00 400.00 46.95
v 680.00 400.00 49.62
v 690.00 400.00 52.66
v 700.00 400.00 56.57
v 710.00 400.00 60.99
v 720.00 400.00 64.44
v 730.00 400.00 69.24
v 740.00 400.00 75.45
v 0.00 410.00 76.88
v 10.00 410.00 76.98
v 20.00 410.00 77.36
v 30.00 410.00 78.19
v 40.00 410.00 78.31
v 50.00 410.00 78.19
v 60.00 410.00 80.06
v 70.00 410.00 84.06
v 80.00 410.00 88.24
v 90.00 410.00 92.26
v 100.00 410.00 95.96
v 110.00 410.00 100.05
v 120.00 410.00 104.02
v 130.00 410.00 107.64
v 140.00 410.00 111.21
v 150.00 410.00 115.24
v 160.00 410.00 118.82
v 170.00 410.00 118.93
v 180.00 410.00 118.14
v 190.00 410.00 119.11
v 200.00 410.00 120.75
v 210.00 410.00 121.72
v 220.00 410.00 122.26
v 230.00 410.00 123.29
v 240.00 410.00 121.74
v 250.00 410.00 119.70
v 260.00 410.00 117.51
v 270.00 410.00 115.28
v 280.00 410.00 113.20
v 290.00 410.00 110.97
v 300.00 410.00 108.74
v 310.00 410.00 106.48
v 320.00 410.00 104.29
v 330.00 410.00 102.10
v 340.00 410.00 99.93
v 350.00 410.00 97.80
v 360.00 410.00 95.62
v 370.00 410.00 93.21
v 380.00 410.00 90.97
v 390.00 410.00 88.85
v 400.00 410.00 86.63
v 410.00 410.00 84.62
v 420.00 410.00 82.39
v 430.00 410.00 80.08
v 440.00 410.00 77.74
v 450.00 410.00 75.41
v 460.00 410.00 73.02
v 470.00 410.00 70.69
v 480.00 410.00 68.35
v 490.00 410.00 66.05
v 500.00 410.00 63.85
v 510.00 410.00 61.51
v 520.00 410.00 58.99
v 530.00 410.00 56.41
v 540.00 410.00 53.91
v 550.00 410.00 51.27
v 560.00 410.00 48.57
v 570.00 410.00 46.16
v 580.00 410.00 43.76
v 590.00 410.00 43.70
v 600.00 410.00 43.77
v 610.00 410.00 44.11
v 620.00 410.00 43.08
v 630.00 410.00 42.48
v 640.00 410.00 41.56
v 650.00 410.00 40.47
v 660.00 410.00 41.80
v 670.00 410.00 44.25
v 680.00 410.00 46.96
v 690.00 410.00 49.75
v 700.00 410.00 53.44
v 710.00 410.00 57.72
v 720.00 410.00 60.35
v 730.00 410.00 65.20
v 740.00 410.00 70.93
v 0.00 420.00 71.80
v 10.00 420.00 71.10
v 20.00 420.00 71.33
v 30.00 420.00 71.90
v 40.00 420.00 71.94
v 50.00 420.00 71.84
v 60.00 420.00 74.30
v 70.00 420.00 79.67
v 80.00 420.00 84.48
v 90.00 420.00 89.06
v 100.00 420.00 93.26
v 110.00 420.00 97.30
v 120.00 420.00 101.25
v 130.00 420.00 105.36
v 140.00 420.00 109.35
v 150.00 420.00 113.45
v 160.00 420.00 115.72
v 170.00 420.00 116.08
v 180.00 420.00 116.52
v 190.00 420.00 117.44
v 200.00 420.00 118.22
v 210.00 420.00 118.59
v 220.00 420.00 119.69
v 230.00 420.00 120.65
v 240.00 420.00 119.64
v 250.00 420.00 117.44
v 260.00 420.00 115.26
v 270.00 420.00 113.01
v 280.00 420.00 110.84
v 290.00 420.00 108.61
v 300.00 420.00 106.39
v 310.00 420.00 104.19
v 320.00 420.00 102.00
v 330.00 420.00 99.85
v 340.00 420.00 97.73
v 350.00 420.00 95.59
v 360.00 420.00 93.45
v 370.00 420.00 91.03
v 380.00 420.00 88.66
v 390.00 420.00 86.61
v 400.00 420.00 84.43
v 410.00 420.00 82.28
v 420.00 420.00 80.08
v 430.00 420.00 77.82
v 440.00 420.00 75.51
v 450.00 420.00 73.30
v 460.00 420.00 70.88
v 470.00 420.00 68.54
v 480.00 420.00 66.28
v 490.00 420.00 64.13
v 500.00 420.00 61.79
v 510.00 420.00 59.42
v 520.00 420.00 56.98
v 530.00 420.00 54.44
v 540.00 420.00 51.82
v 550.00 420.00 49.29
v 560.00 420.00 46.57
v 570.00 420.00 44.07
v 580.00 420.00 41.69
v 590.00 420.00 41.60
v 600.00 420.00 41.65
v 610.00 420.00 41.03
v 620.00 420.00 41.07
v 630.00 420.00 40.55
v 640.00 420.00 39.28
v 650.00 420.00 38.23
v 660.00 420.00 39.70
v 670.00 420.00 42.24
v 680.00 420.00 44.62
v 690.00 420.00 46.99
v 700.00 420.00 50.59
v 710.00 420.00 54.57
v 720.00 420.00 56.91
v 730.00 420.00 61.35
v 740.00 420.00 66.66
v 0.00 430.00 66.76
v 10.00 430.00 65.39
v 20.00 430.00 64.99
v 30.00 430.00 65.09
v 40.00 430.00 65.11
v 50.00 430.00 65.27
v 60.00 430.00 69.33
v 70.00 430.00 75.66
v 80.00 430.00 80.72
v 90.00 430.00 85.71
v 100.00 430.00 90.22
v 110.00 430.00 94.31
v 120.00 430.00 97.83
v 130.00 430.00 101.66
v 140.00 430.00 105.42
v 150.00 430.00 109.68
v 160.00 430.00 111.68
v 170.00 430.00 112.80
v 180.00 430.00 113.67
v 190.00 430.00 114.40
v 200.00 430.00 115.42
v 210.00 430.00 115.99
v 220.00 430.00 117.17
v 230.00 430.00 118.43
v 240.00 430.00 117.47
v 250.00 430.00 115.26
v 260.00 430.00 113.10
v 270.00 430.00 110.72
v 280.00 430.00 108.45
v 290.00 430.00 106.25
v 300.00 430.00 104.02
v 310.00 430.00 101.87
v 320.00 430.00 99.71
v 330.00 430.00 97.62
v 340.00 430.00 95.48
v 350.00 430.00 93.39
v 360.00 430.00 91.22
v 370.00 430.00 88.86
v 380.00 430.00 86.51
v 390.00 430.00 84.39
v 400.00 430.00 82.19
v 410.00 430.00 80.01
v 420.00 430.00 77.82
v 430.00 430.00 75.52
v 440.00 430.00 73.31
v 450.00 430.00 71.19
v 460.00 430.00 68.82
v 470.00 430.00 66.49
v 480.00 430.00 64.24
v 490.00 430.00 61.99
v 500.00 430.00 59.71
v 510.00 430.00 57.17
v 520.00 430.00 54.90
v 530.00 430.00 52.37
v 540.00 430.00 49.90
v 550.00 430.00 47.07
v 560.00 430.00 44.17
v 570.00 430.00 41.76
v 580.00 430.00 39.28
v 590.00 430.00 39.22
v 600.00 430.00 38.93
v 610.00 430.00 38.33
v 620.00 430.00 37.99
v 630.00 430.00 37.12
v 640.00 430.00 36.02
v 650.00 430.00 34.88
v 660.00 430.00 37.15
v 670.00 430.00 39.77
v 680.00 430.00 42.23
v 690.00 430.00 44.60
v 700.00 430.00 47.93
v 710.00 430.00 51.33
v 720.00 430.00 53.81
v 730.00 430.00 57.65
v 740.00 430.00 62.02
v 0.00 440.00 61.35
v 10.00 440.00 59.32
v 20.00 440.00 58.45
v 30.00 440.00 58.16
v 40.00 440.00 58.22
v 50.00 440.00 59.82
v 60.00 440.00 65.92
v 70.00 440.00 72.22
v 80.00 440.00 77.87
v 90.00 440.00 83.27
v 100.00 440.00 87.90
v 110.00 440.00 92.13
v 120.00 440.00 95.73
v 130.00 440.00 99.12
v 140.00 440.00 102.53
v 150.00 440.00 106.13
v 160.00 440.00 108.19
v 170.00 440.00 109.68
v 180.00 440.00 110.40
v 190.00 440.00 111.01
v 200.00 440.00 112.90
v 210.00 440.00 114.26
v 220.00 440.00 115.21
v 230.00 440.00 116.14
v 240.00 440.00 115.11
v 250.00 440.00 113.09
v 260.00 440.00 111.01
v 270.00 440.00 108.59
v 280.00 440.00 106.15
v 290.00 440.00 103.88
v 300.00 440.00 101.71
v 310.00 440.00 99.55
v 320.00 440.00 97.41
v 330.00 440.00 95.28
v 340.00 440.00 93.29
v 350.00 440.00 91.13
v 360.00 440.00 89.02
v 370.00 440.00 86.72
v 380.00 440.00 84.44
v 390.00 440.00 82.30
v 400.00 440.00 80.09
v 410.00 440.00 77.87
v 420.00 440.00 75.60
v 430.00 440.00 73.40
v 440.00 440.00 71.25
v 450.00 440.00 68.97
v 460.00 440.00 66.66
v 470.00 440.00 64.44
v 480.00 440.00 62.14
v 490.00 440.00 59.86
v 500.00 440.00 57.66
v 510.00 440.00 55.22
v 520.00 440.00 52.76
v 530.00 440.00 50.35
v 540.00 440.00 47.85
v 550.00 440.00 44.94
v 560.00 440.00 41.91
v 570.00 440.00 39.43
v 580.00 440.00 37.23
v 590.00 440.00 36.60
v 600.00 440.00 36.06
v 610.00 440.00 35.82
v 620.00 440.00 34.98
v 630.00 440.00 34.03
v 640.00 440.00 32.32
v 650.00 440.00 31.75
v 660.00 440.00 34.39
v 670.00 440.00 37.17
v 680.00 440.00 39.84
v 690.00 440.00 42.58
v 700.00 440.00 45.84
v 710.00 440.00 48.92
v 720.00 440.00 50.85
v 730.00 440.00 53.81
v 740.00 440.00 57.37
v 0.00 450.00 55.04
v 10.00 450.00 52.53
v 20.00 450.00 51.38
v 30.00 450.00 51.25
v 40.00 450.00 53.37
v 50.00 450.00 58.57
v 60.00 450.00 64.40
v 70.00 450.00 70.21
v 80.00 450.00 75.99
v 90.00 450.00 81.26
v 100.00 450.00 85.53
v 110.00 450.00 89.50
v 120.00 450.00 93.82
v 130.00 450.00 97.60
v 140.00 450.00 101.58
v 150.00 450.00 105.81
v 160.00 450.00 108.00
v 170.00 450.00 108.87
v 180.00 450.00 107.91
v 190.00 450.00 108.50
v 200.00 450.00 110.43
v 210.00 450.00 111.96
v 220.00 450.00 112.60
v 230.00 450.00 113.82
v 240.00 450.00 112.74
v 250.00 450.00 110.84
v 260.00 450.00 108.74
v 270.00 450.00 106.53
v 280.00 450.00 104.13
v 290.00 450.00 101.74
v 300.00 450.00 99.38
v 310.00 450.00 97.21
v 320.00 450.00 95.08
v 330.00 450.00 93.00
v 340.00 450.00 90.92
v 350.00 450.00 88.87
v 360.00 450.00 86.70
v 370.00 450.00 84.67
v 380.00 450.00 82.41
v 390.00 450.00 80.36
v 400.00 450.00 78.23
v 410.00 450.00 75.85
v 420.00 450.00 73.42
v 430.00 450.00 71.25
v 440.00 450.00 69.21
v 450.00 450.00 66.75
v 460.00 450.00 64.55
v 470.00 450.00 62.39
v 480.00 450.00 59.99
v 490.00 450.00 57.81
v 500.00 450.00 55.57
v 510.00 450.00 53.25
v 520.00 450.00 50.78
v 530.00 450.00 48.40
v 540.00 450.00 45.76
v 550.00 450.00 42.95
v 560.00 450.00 40.07
v 570.00 450.00 37.32
v 580.00 450.00 35.11
v 590.00 450.00 34.53
v 600.00 450.00 33.65
v 610.00 450.00 33.26
v 620.00 450.00 32.74
v 630.00 450.00 32.25
v 640.00 450.00 31.43
v 650.00 450.00 31.23
v 660.00 450.00 32.65
v 670.00 450.00 35.41
v 680.00 450.00 37.93
v 690.00 450.00 40.37
v 700.00 450.00 43.29
v 710.00 450.00 46.51
v 720.00 450.00 47.80
v 730.00 450.00 50.05
v 740.00 450.00 52.73
v 0.00 460.00 49.83
v 10.00 460.00 46.89
v 20.00 460.00 46.12
v 30.00 460.00 47.61
v 40.00 460.00 51.20
v 50.00 460.00 56.55
v 60.00 460.00 63.38
v 70.00 460.00 69.41
v 80.00 460.00 74.63
v 90.00 460.00 79.59
v 100.00 460.00 83.82
v 110.00 460.00 88.24
v 120.00 460.00 92.25
v 130.00 460.00 96.37
v 140.00 460.00 101.30
v 150.00 460.00 106.27
v 160.00 460.00 107.72
v 170.00 460.00 106.73
v 180.00 460.00 106.21
v 190.00 460.00 106.51
v 200.00 460.00 107.93
v 210.00 460.00 108.74
v 220.00 460.00 109.80
v 230.00 460.00 111.15
v 240.00 460.00 110.35
v 250.00 460.00 108.53
v 260.00 460.00 106.32
v 270.00 460.00 104.21
v 280.00 460.00 101.91
v 290.00 460.00 99.65
v 300.00 460.00 97.40
v 310.00 460.00 94.98
v 320.00 460.00 92.82
v 330.00 460.00 90.71
v 340.00 460.00 88.64
v 350.00 460.00 86.53
v 360.00 460.00 84.44
v 370.00 460.00 82.43
v 380.00 460.00 80.40
v 390.00 460.00 78.43
v 400.00 460.00 76.03
v 410.00 460.00 73.87
v 420.00 460.00 71.46
v 430.00 460.00 69.19
v 440.00 460.00 67.12
v 450.00 460.00 64.71
v 460.00 460.00 62.52
v 470.00 460.00 60.36
v 480.00 460.00 58.04
v 490.00 460.00 55.69
v 500.00 460.00 53.48
v 510.00 460.00 51.05
v 520.00 460.00 48.66
v 530.00 460.00 46.12
v 540.00 460.00 43.54
v 550.00 460.00 40.89
v 560.00 460.00 38.19
v 570.00 460.00 35.25
v 580.00 460.00 32.54
v 590.00 460.00 32.13
v 600.00 460.00 31.56
v 610.00 460.00 30.46
v 620.00 460.00 30.23
v 630.00 460.00 29.79
v 640.00 460.00 29.21
v 650.00 460.00 28.71
v 660.00 460.00 30.87
v 670.00 460.00 33.46
v 680.00 460.00 36.23
v 690.00 460.00 38.62
v 700.00 460.00 40.88
v 710.00 460.00 43.98
v 720.00 460.00 45.14
v 730.00 460.00 46.88
v 740.00 460.00 49.05
v 0.00 470.00 48.60
v 10.00 470.00 46.65
v 20.00 470.00 46.43
v 30.00 470.00 48.22
v 40.00 470.00 51.91
v 50.00 470.00 57.83
v 60.00 470.00 63.74
v 70.00 470.00 68.98
v 80.00 470.00 73.92
v 90.00 470.00 78.51
v 100.00 470.00 82.69
v 110.00 470.00 86.77
v 120.00 470.00 90.91
v 130.00 470.00 94.96
v 140.00 470.00 99.61
v 150.00 470.00 103.24
v 160.00 470.00 104.17
v 170.00 470.00 103.58
v 180.00 470.00 103.15
v 190.00 470.00 103.60
v 200.00 470.00 104.68
v 210.00 470.00 105.82
v 220.00 470.00 107.52
v 230.00 470.00 108.87
v 240.00 470.00 108.09
v 250.00 470.00 106.08
v 260.00 470.00 103.97
v 270.00 470.00 101.86
v 280.00 470.00 99.80
v 290.00 470.00 97.52
v 300.00 470.00 95.29
v 310.00 470.00 93.09
v 320.00 470.00 90.73
v 330.00 470.00 88.49
v 340.00 470.00 86.41
v 350.00 470.00 84.34
v 360.00 470.00 82.27
v 370.00 470.00 80.27
v 380.00 470.00 78.36
v 390.00 470.00 76.25
v 400.00 470.00 74.13
v 410.00 470.00 71.78
v 420.00 470.00 69.33
v 430.00 470.00 67.17
v 440.00 470.00 65.07
v 450.00 470.00 62.56
v 460.00 470.00 60.42
v 470.00 470.00 58.21
v 480.00 470.00 56.00
v 490.00 470.00 53.60
v 500.00 470.00 51.28
v 510.00 470.00 48.91
v 520.00 470.00 46.44
v 530.00 470.00 43.94
v 540.00 470.00 41.37
v 550.00 470.00 38.78
v 560.00 470.00 36.06
v 570.00 470.00 33.08
v 580.00 470.00 30.62
v 590.00 470.00 29.64
v 600.00 470.00 29.03
v 610.00 470.00 27.83
v 620.00 470.00 27.25
v 630.00 470.00 26.80
v 640.00 470.00 26.23
v 650.00 470.00 25.69
v 660.00 470.00 28.02
v 670.00 470.00 31.21
v 680.00 470.00 34.49
v 690.00 470.00 36.86
v 700.00 470.00 39.17
v 710.00 470.00 42.16
v 720.00 470.00 43.21
v 730.00 470.00 44.89
v 740.00 470.00 46.96
v 0.00 480.00 49.20
v 10.00 480.00 49.03
v 20.00 480.00 49.41
v 30.00 480.00 51.19
v 40.00 480.00 54.80
v 50.00 480.00 59.96
v 60.00 480.00 64.47
v 70.00 480.00 69.10
v 80.00 480.00 73.45
v 90.00 480.00 77.54
v 100.00 480.00 81.31
v 110.00 480.00 85.28
v 120.00 480.00 89.09
v 130.00 480.00 93.28
v 140.00 480.00 96.89
v 150.00 480.00 99.45
v 160.00 480.00 100.38
v 170.00 480.00 100.23
v 180.00 480.00 100.35
v 190.00 480.00 100.53
v 200.00 480.00 101.06
v 210.00 480.00 104.08
v 220.00 480.00 105.59
v 230.00 480.00 106.74
v 240.00 480.00 105.88
v 250.00 480.00 103.73
v 260.00 480.00 101.57
v 270.00 480.00 99.50
v 280.00 480.00 97.53
v 290.00 480.00 95.32
v 300.00 480.00 93.07
v 310.00 480.00 90.91
v 320.00 480.00 88.69
v 330.00 480.00 86.52
v 340.00 480.00 84.42
v 350.00 480.00 82.28
v 360.00 480.00 80.23
v 370.00 480.00 78.17
v 380.00 480.00 76.28
v 390.00 480.00 74.29
v 400.00 480.00 72.22
v 410.00 480.00 69.87
v 420.00 480.00 67.50
v 430.00 480.00 65.23
v 440.00 480.00 63.01
v 450.00 480.00 60.58
v 460.00 480.00 58.26
v 470.00 480.00 56.13
v 480.00 480.00 53.82
v 490.00 480.00 51.48
v 500.00 480.00 49.15
v 510.00 480.00 46.78
v 520.00 480.00 44.31
v 530.00 480.00 41.79
v 540.00 480.00 39.28
v 550.00 480.00 36.59
v 560.00 480.00 33.91
v 570.00 480.00 31.27
v 580.00 480.00 28.77
v 590.00 480.00 27.56
v 600.00 480.00 26.36
v 610.00 480.00 25.55
v 620.00 480.00 24.17
v 630.00 480.00 23.39
v 640.00 480.00 23.08
v 650.00 480.00 23.45
v 660.00 480.00 26.27
v 670.00 480.00 29.24
v 680.00 480.00 32.69
v 690.00 480.00 34.90
v 700.00 480.00 37.77
v 710.00 480.00 40.39
v 720.00 480.00 41.69
v 730.00 480.00 43.65
v 740.00 480.00 46.41
v 0.00 490.00 49.66
v 10.00 490.00 50.61
v 20.00 490.00 51.79
v 30.00 490.00 53.83
v 40.00 490.00 57.56
v 50.00 490.00 61.31
v 60.00 490.00 65.23
v 70.00 490.00 69.06
v 80.00 490.00 73.11
v 90.00 490.00 76.67
v 100.00 490.00 80.60
v 110.00 490.00 84.31
v 120.00 490.00 87.98
v 130.00 490.00 91.32
v 140.00 490.00 94.20
v 150.00 490.00 96.69
v 160.00 490.00 98.31
v 170.00 490.00 99.48
v 180.00 490.00 99.46
v 190.00 490.00 100.49
v 200.00 490.00 101.95
v 210.00 490.00 102.91
v 220.00 490.00 103.45
v 230.00 490.00 104.60
v 240.00 490.00 103.48
v 250.00 490.00 101.39
v 260.00 490.00 99.13
v 270.00 490.00 97.16
v 280.00 490.00 95.07
v 290.00 490.00 93.01
v 300.00 490.00 90.74
v 310.00 490.00 88.59
v 320.00 490.00 86.45
v 330.00 490.00 84.33
v 340.00 490.00 82.27
v 350.00 490.00 80.22
v 360.00 490.00 78.22
v 370.00 490.00 76.05
v 380.00 490.00 74.13
v 390.00 490.00 72.08
v 400.00 490.00 69.98
v 410.00 490.00 67.80
v 420.00 490.00 65.58
v 430.00 490.00 63.21
v 440.00 490.00 60.99
v 450.00 490.00 58.51
v 460.00 490.00 56.01
v 470.00 490.00 53.90
v 480.00 490.00 51.70
v 490.00 490.00 49.40
v 500.00 490.00 47.08
v 510.00 490.00 44.71
v 520.00 490.00 42.25
v 530.00 490.00 39.73
v 540.00 490.00 37.16
v 550.00 490.00 34.55
v 560.00 490.00 31.88
v 570.00 490.00 29.24
v 580.00 490.00 26.98
v 590.00 490.00 25.99
v 600.00 490.00 25.04
v 610.00 490.00 25.26
v 620.00 490.00 25.26
v 630.00 490.00 24.96
v 640.00 490.00 24.54
v 650.00 490.00 23.41
v 660.00 490.00 25.15
v 670.00 490.00 27.88
v 680.00 490.00 31.24
v 690.00 490.00 33.80
v 700.00 490.00 36.54
v 710.00 490.00 38.96
v 720.00 490.00 40.03
v 730.00 490.00 42.46
v 740.00 490.00 45.79
v 0.00 500.00 50.44
v 10.00 500.00 51.81
v 20.00 500.00 53.51
v 30.00 500.00 56.05
v 40.00 500.00 59.27
v 50.00 500.00 62.78
v 60.00 500.00 66.11
v 70.00 500.00 69.46
v 80.00 500.00 72.98
v 90.00 500.00 76.37
v 100.00 500.00 79.87
v 110.00 500.00 83.23
v 120.00 500.00 86.50
v 130.00 500.00 89.17
v 140.00 500.00 92.64
v 150.00 500.00 96.59
v 160.00 500.00 98.50
v 170.00 500.00 98.54
v 180.00 500.00 98.61
v 190.00 500.00 99.46
v 200.00 500.00 100.34
v 210.00 500.00 100.57
v 220.00 500.00 101.05
v 230.00 500.00 102.37
v 240.00 500.00 101.18
v 250.00 500.00 99.16
v 260.00 500.00 96.84
v 270.00 500.00 94.69
v 280.00 500.00 92.64
v 290.00 500.00 90.56
v 300.00 500.00 88.27
v 310.00 500.00 86.20
v 320.00 500.00 84.11
v 330.00 500.00 82.03
v 340.00 500.00 80.00
v 350.00 500.00 78.00
v 360.00 500.00 76.01
v 370.00 500.00 73.96
v 380.00 500.00 71.91
v 390.00 500.00 69.84
v 400.00 500.00 67.76
v 410.00 500.00 65.74
v 420.00 500.00 63.40
v 430.00 500.00 61.24
v 440.00 500.00 58.91
v 450.00 500.00 56.50
v 460.00 500.00 54.01
v 470.00 500.00 51.76
v 480.00 500.00 49.61
v 490.00 500.00 47.32
v 500.00 500.00 45.06
v 510.00 500.00 42.70
v 520.00 500.00 40.26
v 530.00 500.00 37.76
v 540.00 500.00 35.25
v 550.00 500.00 32.65
v 560.00 500.00 29.93
v 570.00 500.00 27.18
v 580.00 500.00 25.04
v 590.00 500.00 24.45
v 600.00 500.00 24.40
v 610.00 500.00 24.43
v 620.00 500.00 25.05
v 630.00 500.00 25.28
v 640.00 500.00 24.92
v 650.00 500.00 23.92
v 660.00 500.00 24.45
v 670.00 500.00 27.21
v 680.00 500.00 30.59
v 690.00 500.00 33.08
v 700.00 500.00 35.63
v 710.00 500.00 38.44
v 720.00 500.00 39.84
v 730.00 500.00 42.40
v 740.00 500.00 46.18
v 0.00 510.00 51.19
v 10.00 510.00 53.28
v 20.00 510.00 55.16
v 30.00 510.00 57.58
v 40.00 510.00 60.67
v 50.00 510.00 64.02
v 60.00 510.00 67.05
v 70.00 510.00 69.91
v 80.00 510.00 73.21
v 90.00 510.00 76.31
v 100.00 510.00 79.70
v 110.00 510.00 82.60
v 120.00 510.00 85.58
v 130.00 510.00 88.83
v 140.00 510.00 92.06
v 150.00 510.00 95.41
v 160.00 510.00 96.14
v 170.00 510.00 95.51
v 180.00 510.00 95.34
v 190.00 510.00 96.20
v 200.00 510.00 97.22
v 210.00 510.00 97.78
v 220.00 510.00 98.61
v 230.00 510.00 100.19
v 240.00 510.00 98.90
v 250.00 510.00 96.82
v 260.00 510.00 94.56
v 270.00 510.00 92.38
v 280.00 510.00 90.29
v 290.00 510.00 87.93
v 300.00 510.00 85.77
v 310.00 510.00 83.82
v 320.00 510.00 81.79
v 330.00 510.00 79.67
v 340.00 510.00 77.63
v 350.00 510.00 75.79
v 360.00 510.00 73.87
v 370.00 510.00 71.84
v 380.00 510.00 69.75
v 390.00 510.00 67.68
v 400.00 510.00 65.59
v 410.00 510.00 63.67
v 420.00 510.00 61.39
v 430.00 510.00 59.18
v 440.00 510.00 56.90
v 450.00 510.00 54.53
v 460.00 510.00 52.15
v 470.00 510.00 49.78
v 480.00 510.00 47.64
v 490.00 510.00 45.33
v 500.00 510.00 43.04
v 510.00 510.00 40.73
v 520.00 510.00 38.34
v 530.00 510.00 35.87
v 540.00 510.00 33.38
v 550.00 510.00 30.83
v 560.00 510.00 28.30
v 570.00 510.00 25.80
v 580.00 510.00 23.55
v 590.00 510.00 22.57
v 600.00 510.00 22.43
v 610.00 510.00 21.89
v 620.00 510.00 22.54
v 630.00 510.00 22.81
v 640.00 510.00 22.34
v 650.00 510.00 21.14
v 660.00 510.00 22.86
v 670.00 510.00 26.15
v 680.00 510.00 29.32
v 690.00 510.00 32.30
v 700.00 510.00 34.91
v 710.00 510.00 38.18
v 720.00 510.00 39.96
v 730.00 510.00 42.75
v 740.00 510.00 46.55
v 0.00 520.00 51.56
v 10.00 520.00 54.14
v 20.00 520.00 56.39
v 30.00 520.00 58.82
v 40.00 520.00 61.84
v 50.00 520.00 65.03
v 60.00 520.00 67.67
v 70.00 520.00 70.50
v 80.00 520.00 73.28
v 90.00 520.00 75.99
v 100.00 520.00 78.64
v 110.00 520.00 81.81
v 120.00 520.00 84.87
v 130.00 520.00 87.87
v 140.00 520.00 90.76
v 150.00 520.00 93.00
v 160.00 520.00 92.89
v 170.00 520.00 91.87
v 180.00 520.00 91.63
v 190.00 520.00 91.77
v 200.00 520.00 93.72
v 210.00 520.00 95.60
v 220.00 520.00 96.63
v 230.00 520.00 97.66
v 240.00 520.00 96.46
v 250.00 520.00 94.55
v 260.00 520.00 92.29
v 270.00 520.00 90.15
v 280.00 520.00 87.90
v 290.00 520.00 85.52
v 300.00 520.00 83.28
v 310.00 520.00 81.43
v 320.00 520.00 79.49
v 330.00 520.00 77.61
v 340.00 520.00 75.68
v 350.00 520.00 73.73
v 360.00 520.00 71.74
v 370.00 520.00 69.85
v 380.00 520.00 67.76
v 390.00 520.00 65.72
v 400.00 520.00 63.68
v 410.00 520.00 61.64
v 420.00 520.00 59.50
v 430.00 520.00 57.16
v 440.00 520.00 54.96
v 450.00 520.00 52.72
v 460.00 520.00 50.31
v 470.00 520.00 47.97
v 480.00 520.00 45.72
v 490.00 520.00 43.41
v 500.00 520.00 41.12
v 510.00 520.00 38.77
v 520.00 520.00 36.44
v 530.00 520.00 34.05
v 540.00 520.00 31.59
v 550.00 520.00 28.99
v 560.00 520.00 26.45
v 570.00 520.00 23.95
v 580.00 520.00 21.96
v 590.00 520.00 21.06
v 600.00 520.00 19.73
v 610.00 520.00 19.41
v 620.00 520.00 19.34
v 630.00 520.00 19.62
v 640.00 520.00 19.65
v 650.00 520.00 19.02
v 660.00 520.00 21.77
v 670.00 520.00 25.09
v 680.00 520.00 28.55
v 690.00 520.00 31.20
v 700.00 520.00 34.23
v 710.00 520.00 37.63
v 720.00 520.00 39.72
v 730.00 520.00 42.35
v 740.00 520.00 46.71
v 0.00 530.00 52.37
v 10.00 530.00 55.28
v 20.00 530.00 57.49
v 30.00 530.00 59.80
v 40.00 530.00 62.98
v 50.00 530.00 65.94
v 60.00 530.00 68.37
v 70.00 530.00 70.84
v 80.00 530.00 73.31
v 90.00 530.00 75.72
v 100.00 530.00 78.34
v 110.00 530.00 81.05
v 120.00 530.00 84.05
v 130.00 530.00 86.53
v 140.00 530.00 88.88
v 150.00 530.00 90.54
v 160.00 530.00 89.89
v 170.00 530.00 88.80
v 180.00 530.00 89.15
v 190.00 530.00 89.99
v 200.00 530.00 91.91
v 210.00 530.00 94.53
v 220.00 530.00 94.98
v 230.00 530.00 95.38
v 240.00 530.00 93.87
v 250.00 530.00 92.01
v 260.00 530.00 89.80
v 270.00 530.00 87.70
v 280.00 530.00 85.55
v 290.00 530.00 83.13
v 300.00 530.00 80.92
v 310.00 530.00 79.02
v 320.00 530.00 77.10
v 330.00 530.00 75.21
v 340.00 530.00 73.35
v 350.00 530.00 71.41
v 360.00 530.00 69.50
v 370.00 530.00 67.59
v 380.00 530.00 65.60
v 390.00 530.00 63.60
v 400.00 530.00 61.55
v 410.00 530.00 59.61
v 420.00 530.00 57.41
v 430.00 530.00 55.21
v 440.00 530.00 52.98
v 450.00 530.00 50.70
v 460.00 530.00 48.41
v 470.00 530.00 46.15
v 480.00 530.00 43.85
v 490.00 530.00 41.51
v 500.00 530.00 39.15
v 510.00 530.00 36.86
v 520.00 530.00 34.55
v 530.00 530.00 32.23
v 540.00 530.00 29.90
v 550.00 530.00 27.40
v 560.00 530.00 24.87
v 570.00 530.00 22.36
v 580.00 530.00 20.04
v 590.00 530.00 18.88
v 600.00 530.00 17.57
v 610.00 530.00 18.38
v 620.00 530.00 17.99
v 630.00 530.00 17.75
v 640.00 530.00 16.90
v 650.00 530.00 18.18
v 660.00 530.00 20.74
v 670.00 530.00 24.33
v 680.00 530.00 27.70
v 690.00 530.00 30.49
v 700.00 530.00 33.61
v 710.00 530.00 36.65
v 720.00 530.00 38.73
v 730.00 530.00 42.27
v 740.00 530.00 47.14
v 0.00 540.00 53.12
v 10.00 540.00 56.08
v 20.00 540.00 58.29
v 30.00 540.00 60.96
v 40.00 540.00 63.98
v 50.00 540.00 67.14
v 60.00 540.00 69.48
v 70.00 540.00 71.61
v 80.00 540.00 73.83
v 90.00 540.00 75.98
v 100.00 540.00 78.09
v 110.00 540.00 80.42
v 120.00 540.00 83.10
v 130.00 540.00 85.26
v 140.00 540.00 87.62
v 150.00 540.00 89.70
v 160.00 540.00 90.43
v 170.00 540.00 90.98
v 180.00 540.00 90.39
v 190.00 540.00 89.93
v 200.00 540.00 90.88
v 210.00 540.00 92.59
v 220.00 540.00 92.42
v 230.00 540.00 92.76
v 240.00 540.00 91.22
v 250.00 540.00 89.37
v 260.00 540.00 87.25
v 270.00 540.00 85.18
v 280.00 540.00 83.13
v 290.00 540.00 80.76
v 300.00 540.00 78.55
v 310.00 540.00 76.65
v 320.00 540.00 74.77
v 330.00 540.00 72.88
v 340.00 540.00 71.03
v 350.00 540.00 69.13
v 360.00 540.00 67.23
v 370.00 540.00 65.36
v 380.00 540.00 63.41
v 390.00 540.00 61.51
v 400.00 540.00 59.48
v 410.00 540.00 57.57
v 420.00 540.00 55.35
v 430.00 540.00 53.12
v 440.00 540.00 50.95
v 450.00 540.00 48.74
v 460.00 540.00 46.54
v 470.00 540.00 44.28
v 480.00 540.00 42.02
v 490.00 540.00 39.66
v 500.00 540.00 37.23
v 510.00 540.00 34.88
v 520.00 540.00 32.72
v 530.00 540.00 30.42
v 540.00 540.00 28.05
v 550.00 540.00 25.68
v 560.00 540.00 23.21
v 570.00 540.00 20.73
v 580.00 540.00 18.49
v 590.00 540.00 17.91
v 600.00 540.00 18.12
v 610.00 540.00 19.27
v 620.00 540.00 18.49
v 630.00 540.00 18.27
v 640.00 540.00 18.21
v 650.00 540.00 18.68
v 660.00 540.00 20.39
v 670.00 540.00 23.36
v 680.00 540.00 26.95
v 690.00 540.00 29.78
v 700.00 540.00 33.18
v 710.00 540.00 36.59
v 720.00 540.00 39.03
v 730.00 540.00 42.80
v 740.00 540.00 47.61
v 0.00 550.00 54.02
v 10.00 550.00 56.65
v 20.00 550.00 58.76
v 30.00 550.00 61.99
v 40.00 550.00 65.11
v 50.00 550.00 68.13
v 60.00 550.00 70.24
v 70.00 550.00 72.31
v 80.00 550.00 74.10
v 90.00 550.00 76.05
v 100.00 550.00 78.06
v 110.00 550.00 80.14
v 120.00 550.00 82.29
v 130.00 550.00 84.07
v 140.00 550.00 86.22
v 150.00 550.00 88.49
v 160.00 550.00 89.98
v 170.00 550.00 89.18
v 180.00 550.00 88.11
v 190.00 550.00 88.11
v 200.00 550.00 88.40
v 210.00 550.00 88.61
v 220.00 550.00 89.18
v 230.00 550.00 89.99
v 240.00 550.00 88.31
v 250.00 550.00 86.55
v 260.00 550.00 84.57
v 270.00 550.00 82.51
v 280.00 550.00 80.44
v 290.00 550.00 78.40
v 300.00 550.00 76.20
v 310.00 550.00 74.29
v 320.00 550.00 72.42
v 330.00 550.00 70.57
v 340.00 550.00 68.69
v 350.00 550.00 66.85
v 360.00 550.00 64.97
v 370.00 550.00 63.10
v 380.00 550.00 61.25
v 390.00 550.00 59.38
v 400.00 550.00 57.44
v 410.00 550.00 55.55
v 420.00 550.00 53.32
v 430.00 550.00 51.00
v 440.00 550.00 48.98
v 450.00 550.00 46.81
v 460.00 550.00 44.66
v 470.00 550.00 42.45
v 480.00 550.00 40.24
v 490.00 550.00 37.94
v 500.00 550.00 35.33
v 510.00 550.00 32.92
v 520.00 550.00 30.97
v 530.00 550.00 28.66
v 540.00 550.00 26.23
v 550.00 550.00 23.82
v 560.00 550.00 21.48
v 570.00 550.00 19.07
v 580.00 550.00 16.99
v 590.00 550.00 16.36
v 600.00 550.00 16.93
v 610.00 550.00 17.04
v 620.00 550.00 17.78
v 630.00 550.00 18.21
v 640.00 550.00 18.48
v 650.00 550.00 17.76
v 660.00 550.00 19.67
v 670.00 550.00 22.73
v 680.00 550.00 26.53
v 690.00 550.00 29.52
v 700.00 550.00 33.31
v 710.00 550.00 36.51
v 720.00 550.00 39.43
v 730.00 550.00 43.56
v 740.00 550.00 48.44
v 0.00 560.00 54.91
v 10.00 560.00 57.32
v 20.00 560.00 59.64
v 30.00 560.00 63.12
v 40.00 560.00 66.24
v 50.00 560.00 69.19
v 60.00 560.00 70.90
v 70.00 560.00 72.84
v 80.00 560.00 74.72
v 90.00 560.00 76.34
v 100.00 560.00 78.20
v 110.00 560.00 79.39
v 120.00 560.00 81.83
v 130.00 560.00 83.38
v 140.00 560.00 84.91
v 150.00 560.00 86.82
v 160.00 560.00 87.04
v 170.00 560.00 85.60
v 180.00 560.00 84.33
v 190.00 560.00 83.99
v 200.00 560.00 84.19
v 210.00 560.00 85.14
v 220.00 560.00 85.97
v 230.00 560.00 87.18
v 240.00 560.00 85.56
v 250.00 560.00 83.56
v 260.00 560.00 81.87
v 270.00 560.00 79.85
v 280.00 560.00 77.89
v 290.00 560.00 75.76
v 300.00 560.00 73.79
v 310.00 560.00 71.95
v 320.00 560.00 70.10
v 330.00 560.00 68.30
v 340.00 560.00 66.45
v 350.00 560.00 64.58
v 360.00 560.00 62.70
v 370.00 560.00 60.93
v 380.00 560.00 59.10
v 390.00 560.00 57.17
v 400.00 560.00 55.44
v 410.00 560.00 53.52
v 420.00 560.00 51.27
v 430.00 560.00 49.06
v 440.00 560.00 47.01
v 450.00 560.00 44.90
v 460.00 560.00 42.81
v 470.00 560.00 40.65
v 480.00 560.00 38.48
v 490.00 560.00 36.20
v 500.00 560.00 33.63
v 510.00 560.00 31.44
v 520.00 560.00 29.28
v 530.00 560.00 26.88
v 540.00 560.00 24.44
v 550.00 560.00 22.38
v 560.00 560.00 19.68
v 570.00 560.00 17.18
v 580.00 560.00 15.08
v 590.00 560.00 14.61
v 600.00 560.00 14.80
v 610.00 560.00 14.78
v 620.00 560.00 15.33
v 630.00 560.00 15.79
v 640.00 560.00 16.05
v 650.00 560.00 16.04
v 660.00 560.00 18.82
v 670.00 560.00 22.59
v 680.00 560.00 26.22
v 690.00 560.00 29.59
v 700.00 560.00 33.79
v 710.00 560.00 37.34
v 720.00 560.00 40.68
v 730.00 560.00 44.62
v 740.00 560.00 49.21
v 0.00 570.00 55.98
v 10.00 570.00 58.64
v 20.00 570.00 60.87
v 30.00 570.00 64.28
v 40.00 570.00 67.34
v 50.00 570.00 70.11
v 60.00 570.00 72.02
v 70.00 570.00 73.67
v 80.00 570.00 75.22
v 90.00 570.00 76.77
v 100.00 570.00 78.04
v 110.00 570.00 79.33
v 120.00 570.00 81.10
v 130.00 570.00 82.38
v 140.00 570.00 83.43
v 150.00 570.00 84.37
v 160.00 570.00 83.28
v 170.00 570.00 81.35
v 180.00 570.00 80.50
v 190.00 570.00 79.45
v 200.00 570.00 79.91
v 210.00 570.00 82.71
v 220.00 570.00 83.48
v 230.00 570.00 84.41
v 240.00 570.00 82.76
v 250.00 570.00 80.94
v 260.00 570.00 79.14
v 270.00 570.00 77.18
v 280.00 570.00 75.22
v 290.00 570.00 73.32
v 300.00 570.00 71.44
v 310.00 570.00 69.60
v 320.00 570.00 67.80
v 330.00 570.00 65.95
v 340.00 570.00 64.20
v 350.00 570.00 62.31
v 360.00 570.00 60.44
v 370.00 570.00 58.76
v 380.00 570.00 56.98
v 390.00 570.00 55.16
v 400.00 570.00 53.38
v 410.00 570.00 51.55
v 420.00 570.00 49.44
v 430.00 570.00 47.11
v 440.00 570.00 45.01
v 450.00 570.00 42.98
v 460.00 570.00 40.98
v 470.00 570.00 38.93
v 480.00 570.00 36.70
v 490.00 570.00 34.42
v 500.00 570.00 32.16
v 510.00 570.00 29.99
v 520.00 570.00 27.72
v 530.00 570.00 25.23
v 540.00 570.00 22.48
v 550.00 570.00 20.80
v 560.00 570.00 18.19
v 570.00 570.00 15.50
v 580.00 570.00 13.18
v 590.00 570.00 12.18
v 600.00 570.00 12.11
v 610.00 570.00 12.58
v 620.00 570.00 12.85
v 630.00 570.00 12.61
v 640.00 570.00 12.89
v 650.00 570.00 14.43
v 660.00 570.00 18.16
v 670.00 570.00 22.30
v 680.00 570.00 26.51
v 690.00 570.00 29.85
v 700.00 570.00 34.21
v 710.00 570.00 37.98
v 720.00 570.00 41.68
v 730.00 570.00 45.56
v 740.00 570.00 50.27
v 0.00 580.00 57.49
v 10.00 580.00 60.35
v 20.00 580.00 62.58
v 30.00 580.00 65.41
v 40.00 580.00 68.49
v 50.00 580.00 71.39
v 60.00 580.00 73.10
v 70.00 580.00 74.56
v 80.00 580.00 76.07
v 90.00 580.00 77.25
v 100.00 580.00 78.54
v 110.00 580.00 79.47
v 120.00 580.00 80.44
v 130.00 580.00 81.37
v 140.00 580.00 82.30
v 150.00 580.00 83.33
v 160.00 580.00 81.82
v 170.00 580.00 80.90
v 180.00 580.00 79.68
v 190.00 580.00 78.90
v 200.00 580.00 79.25
v 210.00 580.00 80.78
v 220.00 580.00 80.33
v 230.00 580.00 81.09
v 240.00 580.00 79.91
v 250.00 580.00 78.25
v 260.00 580.00 76.55
v 270.00 580.00 74.70
v 280.00 580.00 72.80
v 290.00 580.00 70.83
v 300.00 580.00 69.06
v 310.00 580.00 66.98
v 320.00 580.00 65.51
v 330.00 580.00 63.68
v 340.00 580.00 61.89
v 350.00 580.00 60.02
v 360.00 580.00 58.20
v 370.00 580.00 56.51
v 380.00 580.00 54.85
v 390.00 580.00 53.14
v 400.00 580.00 51.39
v 410.00 580.00 49.57
v 420.00 580.00 47.62
v 430.00 580.00 45.40
v 440.00 580.00 43.21
v 450.00 580.00 41.23
v 460.00 580.00 39.09
v 470.00 580.00 37.38
v 480.00 580.00 35.02
v 490.00 580.00 32.93
v 500.00 580.00 30.63
v 510.00 580.00 28.62
v 520.00 580.00 26.20
v 530.00 580.00 23.69
v 540.00 580.00 21.24
v 550.00 580.00 18.87
v 560.00 580.00 16.51
v 570.00 580.00 13.96
v 580.00 580.00 11.91
v 590.00 580.00 11.06
v 600.00 580.00 11.37
v 610.00 580.00 13.41
v 620.00 580.00 13.65
v 630.00 580.00 13.23
v 640.00 580.00 13.89
v 650.00 580.00 14.69
v 660.00 580.00 18.04
v 670.00 580.00 22.31
v 680.00 580.00 26.77
v 690.00 580.00 30.28
v 700.00 580.00 34.89
v 710.00 580.00 38.91
v 720.00 580.00 42.55
v 730.00 580.00 46.72
v 740.00 580.00 51.74
v 0.00 590.00 59.32
v 10.00 590.00 61.94
v 20.00 590.00 64.49
v 30.00 590.00 67.08
v 40.00 590.00 69.98
v 50.00 590.00 72.47
v 60.00 590.00 74.17
v 70.00 590.00 75.52
v 80.00 590.00 76.71
v 90.00 590.00 77.89
v 100.00 590.00 79.06
v 110.00 590.00 79.50
v 120.00 590.00 79.92
v 130.00 590.00 80.49
v 140.00 590.00 80.97
v 150.00 590.00 81.36
v 160.00 590.00 81.81
v 170.00 590.00 79.65
v 180.00 590.00 77.55
v 190.00 590.00 76.62
v 200.00 590.00 76.48
v 210.00 590.00 76.19
v 220.00 590.00 76.20
v 230.00 590.00 77.22
v 240.00 590.00 76.83
v 250.00 590.00 75.54
v 260.00 590.00 74.00
v 270.00 590.00 72.17
v 280.00 590.00 70.45
v 290.00 590.00 68.49
v 300.00 590.00 66.48
v 310.00 590.00 64.79
v 320.00 590.00 63.28
v 330.00 590.00 61.74
v 340.00 590.00 59.91
v 350.00 590.00 57.98
v 360.00 590.00 56.03
v 370.00 590.00 54.26
v 380.00 590.00 52.72
v 390.00 590.00 51.00
v 400.00 590.00 49.46
v 410.00 590.00 47.65
v 420.00 590.00 45.71
v 430.00 590.00 43.52
v 440.00 590.00 41.80
v 450.00 590.00 39.55
v 460.00 590.00 37.43
v 470.00 590.00 35.83
v 480.00 590.00 33.67
v 490.00 590.00 31.34
v 500.00 590.00 29.23
v 510.00 590.00 27.05
v 520.00 590.00 24.77
v 530.00 590.00 22.25
v 540.00 590.00 19.75
v 550.00 590.00 17.25
v 560.00 590.00 14.84
v 570.00 590.00 12.27
v 580.00 590.00 10.54
v 590.00 590.00 10.56
v 600.00 590.00 10.94
v 610.00 590.00 12.01
v 620.00 590.00 13.37
v 630.00 590.00 14.74
v 640.00 590.00 16.27
v 650.00 590.00 16.65
v 660.00 590.00 18.65
v 670.00 590.00 22.95
v 680.00 590.00 27.34
v 690.00 590.00 30.91
v 700.00 590.00 35.52
v 710.00 590.00 40.14
v 720.00 590.00 43.60
v 730.00 590.00 47.82
v 740.00 590.00 53.34
v 0.00 600.00 60.96
v 10.00 600.00 63.67
v 20.00 600.00 66.11
v 30.00 600.00 68.95
v 40.00 600.00 71.51
v 50.00 600.00 73.81
v 60.00 600.00 75.39
v 70.00 600.00 76.59
v 80.00 600.00 77.60
v 90.00 600.00 78.28
v 100.00 600.00 78.79
v 110.00 600.00 79.12
v 120.00 600.00 79.73
v 130.00 600.00 79.86
v 140.00 600.00 80.16
v 150.00 600.00 80.28
v 160.00 600.00 78.33
v 170.00 600.00 74.88
v 180.00 600.00 72.62
v 190.00 600.00 71.53
v 200.00 600.00 71.23
v 210.00 600.00 70.87
v 220.00 600.00 71.60
v 230.00 600.00 72.80
v 240.00 600.00 73.30
v 250.00 600.00 72.94
v 260.00 600.00 71.69
v 270.00 600.00 69.69
v 280.00 600.00 67.77
v 290.00 600.00 65.82
v 300.00 600.00 63.94
v 310.00 600.00 62.01
v 320.00 600.00 60.54
v 330.00 600.00 59.49
v 340.00 600.00 57.41
v 350.00 600.00 55.52
v 360.00 600.00 53.83
v 370.00 600.00 51.96
v 380.00 600.00 50.27
v 390.00 600.00 48.81
v 400.00 600.00 47.25
v 410.00 600.00 45.61
v 420.00 600.00 43.71
v 430.00 600.00 41.65
v 440.00 600.00 39.82
v 450.00 600.00 37.76
v 460.00 600.00 35.54
v 470.00 600.00 33.72
v 480.00 600.00 32.23
v 490.00 600.00 30.13
v 500.00 600.00 28.15
v 510.00 600.00 25.62
v 520.00 600.00 23.39
v 530.00 600.00 21.06
v 540.00 600.00 18.42
v 550.00 600.00 15.42
v 560.00 600.00 12.66
v 570.00 600.00 10.33
v 580.00 600.00 9.83
v 590.00 600.00 9.57
v 600.00 600.00 8.94
v 610.00 600.00 8.87
v 620.00 600.00 10.36
v 630.00 600.00 12.08
v 640.00 600.00 13.63
v 650.00 600.00 14.89
v 660.00 600.00 18.94
v 670.00 600.00 23.35
v 680.00 600.00 28.06
v 690.00 600.00 31.69
v 700.00 600.00 36.40
v 710.00 600.00 40.89
v 720.00 600.00 44.74
v 730.00 600.00 49.51
v 740.00 600.00 55.13
v 0.00 610.00 63.05
v 10.00 610.00 66.01
v 20.00 610.00 68.55
v 30.00 610.00 71.13
v 40.00 610.00 73.40
v 50.00 610.00 75.56
v 60.00 610.00 77.03
v 70.00 610.00 78.00
v 80.00 610.00 78.54
v 90.00 610.00 78.95
v 100.00 610.00 79.02
v 110.00 610.00 79.21
v 120.00 610.00 79.57
v 130.00 610.00 79.20
v 140.00 610.00 78.93
v 150.00 610.00 77.88
v 160.00 610.00 73.51
v 170.00 610.00 69.21
v 180.00 610.00 66.47
v 190.00 610.00 64.86
v 200.00 610.00 65.89
v 210.00 610.00 66.03
v 220.00 610.00 66.70
v 230.00 610.00 67.60
v 240.00 610.00 68.64
v 250.00 610.00 69.51
v 260.00 610.00 68.79
v 270.00 610.00 66.68
v 280.00 610.00 64.17
v 290.00 610.00 62.59
v 300.00 610.00 60.32
v 310.00 610.00 57.61
v 320.00 610.00 56.62
v 330.00 610.00 55.91
v 340.00 610.00 53.96
v 350.00 610.00 51.64
v 360.00 610.00 50.57
v 370.00 610.00 48.51
v 380.00 610.00 46.17
v 390.00 610.00 45.79
v 400.00 610.00 44.35
v 410.00 610.00 42.58
v 420.00 610.00 40.95
v 430.00 610.00 38.71
v 440.00 610.00 36.49
v 450.00 610.00 35.01
v 460.00 610.00 32.82
v 470.00 610.00 30.06
v 480.00 610.00 29.00
v 490.00 610.00 28.11
v 500.00 610.00 25.85
v 510.00 610.00 23.50
v 520.00 610.00 21.51
v 530.00 610.00 18.98
v 540.00 610.00 16.75
v 550.00 610.00 13.62
v 560.00 610.00 9.39
v 570.00 610.00 8.33
v 580.00 610.00 9.24
v 590.00 610.00 8.15
v 600.00 610.00 5.41
v 610.00 610.00 4.69
v 620.00 610.00 6.29
v 630.00 610.00 8.33
v 640.00 610.00 10.87
v 650.00 610.00 13.41
v 660.00 610.00 18.56
v 670.00 610.00 23.98
v 680.00 610.00 28.91
v 690.00 610.00 33.14
v 700.00 610.00 38.02
v 710.00 610.00 42.50
v 720.00 610.00 46.51
v 730.00 610.00 51.37
v 740.00 610.00 57.10
v 0.00 620.00 65.22
v 10.00 620.00 68.11
v 20.00 620.00 70.89
v 30.00 620.00 73.53
v 40.00 620.00 75.83
v 50.00 620.00 77.85
v 60.00 620.00 79.20
v 70.00 620.00 79.82
v 80.00 620.00 80.05
v 90.00 620.00 80.02
v 100.00 620.00 79.75
v 110.00 620.00 79.80
v 120.00 620.00 79.49
v 130.00 620.00 78.72
v 140.00 620.00 77.96
v 150.00 620.00 75.59
v 160.00 620.00 67.95
v 170.00 620.00 62.61
v 180.00 620.00 59.17
v 190.00 620.00 58.54
v 200.00 620.00 60.95
v 210.00 620.00 61.95
v 220.00 620.00 62.24
v 230.00 620.00 63.36
v 240.00 620.00 65.12
v 250.00 620.00 65.32
v 260.00 620.00 64.52
v 270.00 620.00 62.72
v 280.00 620.00 61.85
v 290.00 620.00 59.41
v 300.00 620.00 55.79
v 310.00 620.00 53.67
v 320.00 620.00 54.10
v 330.00 620.00 51.78
v 340.00 620.00 48.99
v 350.00 620.00 46.54
v 360.00 620.00 47.39
v 370.00 620.00 45.03
v 380.00 620.00 42.61
v 390.00 620.00 40.59
v 400.00 620.00 39.68
v 410.00 620.00 39.40
v 420.00 620.00 37.32
v 430.00 620.00 34.41
v 440.00 620.00 32.14
v 450.00 620.00 31.15
v 460.00 620.00 29.54
v 470.00 620.00 27.56
v 480.00 620.00 26.21
v 490.00 620.00 24.87
v 500.00 620.00 23.48
v 510.00 620.00 20.62
v 520.00 620.00 18.64
v 530.00 620.00 16.54
v 540.00 620.00 14.99
v 550.00 620.00 10.73
v 560.00 620.00 8.91
v 570.00 620.00 7.28
v 580.00 620.00 6.80
v 590.00 620.00 6.67
v 600.00 620.00 1.57
v 610.00 620.00 1.72
v 620.00 620.00 3.44
v 630.00 620.00 5.33
v 640.00 620.00 8.56
v 650.00 620.00 14.36
v 660.00 620.00 19.98
v 670.00 620.00 25.39
v 680.00 620.00 30.44
v 690.00 620.00 34.75
v 700.00 620.00 39.71
v 710.00 620.00 44.46
v 720.00 620.00 48.78
v 730.00 620.00 53.66
v 740.00 620.00 59.26
v 0.00 630.00 67.33
v 10.00 630.00 70.42
v 20.00 630.00 73.33
v 30.00 630.00 75.67
v 40.00 630.00 77.81
v 50.00 630.00 79.56
v 60.00 630.00 80.89
v 70.00 630.00 81.30
v 80.00 630.00 81.35
v 90.00 630.00 81.36
v 100.00 630.00 81.10
v 110.00 630.00 80.60
v 120.00 630.00 79.62
v 130.00 630.00 79.10
v 140.00 630.00 77.53
v 150.00 630.00 73.87
v 160.00 630.00 66.17
v 170.00 630.00 61.32
v 180.00 630.00 57.72
v 190.00 630.00 56.38
v 200.00 630.00 57.85
v 210.00 630.00 58.92
v 220.00 630.00 59.13
v 230.00 630.00 61.56
v 240.00 630.00 63.91
v 250.00 630.00 61.76
v 260.00 630.00 58.95
v 270.00 630.00 59.65
v 280.00 630.00 60.02
v 290.00 630.00 56.33
v 300.00 630.00 51.81
v 310.00 630.00 48.74
v 320.00 630.00 48.99
v 330.00 630.00 48.11
v 340.00 630.00 44.32
v 350.00 630.00 41.82
v 360.00 630.00 45.36
v 370.00 630.00 42.41
v 380.00 630.00 38.45
v 390.00 630.00 33.97
v 400.00 630.00 36.14
v 410.00 630.00 38.03
v 420.00 630.00 33.88
v 430.00 630.00 29.72
v 440.00 630.00 27.63
v 450.00 630.00 28.99
v 460.00 630.00 26.49
v 470.00 630.00 23.05
v 480.00 630.00 21.31
v 490.00 630.00 22.70
v 500.00 630.00 21.25
v 510.00 630.00 17.74
v 520.00 630.00 15.05
v 530.00 630.00 15.23
v 540.00 630.00 14.64
v 550.00 630.00 10.60
v 560.00 630.00 6.65
v 570.00 630.00 5.46
v 580.00 630.00 4.18
v 590.00 630.00 1.84
v 600.00 630.00 0.47
v 610.00 630.00 2.83
v 620.00 630.00 4.98
v 630.00 630.00 7.94
v 640.00 630.00 12.65
v 650.00 630.00 16.86
v 660.00 630.00 22.28
v 670.00 630.00 27.53
v 680.00 630.00 32.49
v 690.00 630.00 36.86
v 700.00 630.00 41.84
v 710.00 630.00 46.89
v 720.00 630.00 51.16
v 730.00 630.00 56.24
v 740.00 630.00 61.42
v 0.00 640.00 69.45
v 10.00 640.00 72.53
v 20.00 640.00 75.17
v 30.00 640.00 77.62
v 40.00 640.00 79.74
v 50.00 640.00 81.79
v 60.00 640.00 83.36
v 70.00 640.00 83.69
v 80.00 640.00 83.46
v 90.00 640.00 83.14
v 100.00 640.00 82.46
v 110.00 640.00 81.63
v 120.00 640.00 80.57
v 130.00 640.00 79.93
v 140.00 640.00 78.29
v 150.00 640.00 74.82
v 160.00 640.00 68.59
v 170.00 640.00 64.33
v 180.00 640.00 60.02
v 190.00 640.00 56.92
v 200.00 640.00 56.55
v 210.00 640.00 56.47
v 220.00 640.00 57.40
v 230.00 640.00 59.59
v 240.00 640.00 62.21
v 250.00 640.00 58.65
v 260.00 640.00 54.72
v 270.00 640.00 56.28
v 280.00 640.00 56.46
v 290.00 640.00 53.12
v 300.00 640.00 48.07
v 310.00 640.00 44.78
v 320.00 640.00 46.22
v 330.00 640.00 44.98
v 340.00 640.00 40.81
v 350.00 640.00 37.04
v 360.00 640.00 41.03
v 370.00 640.00 39.75
v 380.00 640.00 34.81
v 390.00 640.00 30.00
v 400.00 640.00 33.31
v 410.00 640.00 35.75
v 420.00 640.00 31.00
v 430.00 640.00 25.81
v 440.00 640.00 26.15
v 450.00 640.00 27.62
v 460.00 640.00 24.12
v 470.00 640.00 20.33
v 480.00 640.00 19.53
v 490.00 640.00 21.77
v 500.00 640.00 18.80
v 510.00 640.00 14.99
v 520.00 640.00 11.79
v 530.00 640.00 14.34
v 540.00 640.00 14.62
v 550.00 640.00 9.77
v 560.00 640.00 3.67
v 570.00 640.00 3.75
v 580.00 640.00 2.67
v 590.00 640.00 1.52
v 600.00 640.00 3.57
v 610.00 640.00 6.72
v 620.00 640.00 8.93
v 630.00 640.00 12.41
v 640.00 640.00 17.89
v 650.00 640.00 20.85
v 660.00 640.00 25.44
v 670.00 640.00 30.40
v 680.00 640.00 35.08
v 690.00 640.00 39.14
v 700.00 640.00 44.08
v 710.00 640.00 49.07
v 720.00 640.00 53.42
v 730.00 640.00 58.48
v 740.00 640.00 63.26
v 0.00 650.00 71.73
v 10.00 650.00 74.56
v 20.00 650.00 76.94
v 30.00 650.00 79.98
v 40.00 650.00 82.65
v 50.00 650.00 85.27
v 60.00 650.00 86.73
v 70.00 650.00 86.59
v 80.00 650.00 86.04
v 90.00 650.00 85.02
v 100.00 650.00 84.04
v 110.00 650.00 83.39
v 120.00 650.00 82.14
v 130.00 650.00 81.48
v 140.00 650.00 79.80
v 150.00 650.00 76.74
v 160.00 650.00 71.21
v 170.00 650.00 67.78
v 180.00 650.00 64.06
v 190.00 650.00 60.42
v 200.00 650.00 57.94
v 210.00 650.00 56.78
v 220.00 650.00 56.71
v 230.00 650.00 57.82
v 240.00 650.00 60.29
v 250.00 650.00 56.25
v 260.00 650.00 51.58
v 270.00 650.00 52.79
v 280.00 650.00 54.42
v 290.00 650.00 50.51
v 300.00 650.00 45.37
v 310.00 650.00 43.19
v 320.00 650.00 44.93
v 330.00 650.00 41.93
v 340.00 650.00 37.43
v 350.00 650.00 34.12
v 360.00 650.00 38.55
v 370.00 650.00 37.00
v 380.00 650.00 31.89
v 390.00 650.00 27.04
v 400.00 650.00 30.12
v 410.00 650.00 32.43
v 420.00 650.00 27.87
v 430.00 650.00 22.80
v 440.00 650.00 22.77
v 450.00 650.00 25.71
v 460.00 650.00 22.31
v 470.00 650.00 18.44
v 480.00 650.00 17.54
v 490.00 650.00 20.09
v 500.00 650.00 16.29
v 510.00 650.00 11.66
v 520.00 650.00 9.87
v 530.00 650.00 14.43
v 540.00 650.00 14.03
v 550.00 650.00 8.95
v 560.00 650.00 3.87
v 570.00 650.00 4.42
v 580.00 650.00 3.92
v 590.00 650.00 5.80
v 600.00 650.00 8.82
v 610.00 650.00 11.58
v 620.00 650.00 14.58
v 630.00 650.00 18.76
v 640.00 650.00 23.22
v 650.00 650.00 25.26
v 660.00 650.00 29.21
v 670.00 650.00 33.52
v 680.00 650.00 37.51
v 690.00 650.00 41.65
v 700.00 650.00 46.43
v 710.00 650.00 51.65
v 720.00 650.00 55.93
v 730.00 650.00 60.78
v 740.00 650.00 65.89
v 0.00 660.00 74.01
v 10.00 660.00 76.73
v 20.00 660.00 79.72
v 30.00 660.00 82.72
v 40.00 660.00 86.45
v 50.00 660.00 90.08
v 60.00 660.00 90.86
v 70.00 660.00 90.22
v 80.00 660.00 88.74
v 90.00 660.00 86.99
v 100.00 660.00 85.63
v 110.00 660.00 84.92
v 120.00 660.00 83.97
v 130.00 660.00 83.01
v 140.00 660.00 81.47
v 150.00 660.00 79.01
v 160.00 660.00 74.33
v 170.00 660.00 71.51
v 180.00 660.00 68.51
v 190.00 660.00 65.40
v 200.00 660.00 61.61
v 210.00 660.00 59.41
v 220.00 660.00 58.22
v 230.00 660.00 58.56
v 240.00 660.00 59.05
v 250.00 660.00 54.54
v 260.00 660.00 50.07
v 270.00 660.00 50.44
v 280.00 660.00 52.43
v 290.00 660.00 47.87
v 300.00 660.00 42.60
v 310.00 660.00 40.87
v 320.00 660.00 43.37
v 330.00 660.00 39.22
v 340.00 660.00 33.97
v 350.00 660.00 31.48
v 360.00 660.00 35.63
v 370.00 660.00 33.61
v 380.00 660.00 29.02
v 390.00 660.00 25.48
v 400.00 660.00 27.76
v 410.00 660.00 28.79
v 420.00 660.00 25.13
v 430.00 660.00 20.89
v 440.00 660.00 21.96
v 450.00 660.00 24.31
v 460.00 660.00 20.43
v 470.00 660.00 16.83
v 480.00 660.00 15.37
v 490.00 660.00 18.38
v 500.00 660.00 14.38
v 510.00 660.00 9.41
v 520.00 660.00 7.88
v 530.00 660.00 12.90
v 540.00 660.00 13.50
v 550.00 660.00 10.06
v 560.00 660.00 6.65
v 570.00 660.00 5.83
v 580.00 660.00 8.18
v 590.00 660.00 11.23
v 600.00 660.00 14.48
v 610.00 660.00 17.55
v 620.00 660.00 21.10
v 630.00 660.00 24.81
v 640.00 660.00 28.47
v 650.00 660.00 29.85
v 660.00 660.00 33.18
v 670.00 660.00 36.99
v 680.00 660.00 40.76
v 690.00 660.00 44.83
v 700.00 660.00 49.29
v 710.00 660.00 54.38
v 720.00 660.00 58.70
v 730.00 660.00 63.18
v 740.00 660.00 68.16
v 0.00 670.00 76.05
v 10.00 670.00 78.88
v 20.00 670.00 81.52
v 30.00 670.00 84.82
v 40.00 670.00 88.06
v 50.00 670.00 91.14
v 60.00 670.00 93.38
v 70.00 670.00 92.88
v 80.00 670.00 91.12
v 90.00 670.00 88.71
v 100.00 670.00 87.34
v 110.00 670.00 86.65
v 120.00 670.00 85.64
v 130.00 670.00 84.51
v 140.00 670.00 83.41
v 150.00 670.00 81.61
v 160.00 670.00 77.62
v 170.00 670.00 75.81
v 180.00 670.00 73.66
v 190.00 670.00 71.20
v 200.00 670.00 68.07
v 210.00 670.00 64.65
v 220.00 670.00 61.79
v 230.00 670.00 60.78
v 240.00 670.00 57.89
v 250.00 670.00 53.45
v 260.00 670.00 49.25
v 270.00 670.00 48.60
v 280.00 670.00 48.57
v 290.00 670.00 45.00
v 300.00 670.00 40.83
v 310.00 670.00 38.80
v 320.00 670.00 40.09
v 330.00 670.00 36.33
v 340.00 670.00 31.98
v 350.00 670.00 28.77
v 360.00 670.00 32.31
v 370.00 670.00 30.34
v 380.00 670.00 27.10
v 390.00 670.00 24.50
v 400.00 670.00 25.85
v 410.00 670.00 25.18
v 420.00 670.00 22.32
v 430.00 670.00 19.44
v 440.00 670.00 20.25
v 450.00 670.00 20.55
v 460.00 670.00 18.20
v 470.00 670.00 15.67
v 480.00 670.00 14.66
v 490.00 670.00 15.05
v 500.00 670.00 12.81
v 510.00 670.00 10.18
v 520.00 670.00 9.14
v 530.00 670.00 13.37
v 540.00 670.00 12.73
v 550.00 670.00 10.94
v 560.00 670.00 8.78
v 570.00 670.00 10.46
v 580.00 670.00 13.62
v 590.00 670.00 16.71
v 600.00 670.00 20.13
v 610.00 670.00 23.67
v 620.00 670.00 27.09
v 630.00 670.00 30.26
v 640.00 670.00 33.47
v 650.00 670.00 34.13
v 660.00 670.00 36.87
v 670.00 670.00 40.36
v 680.00 670.00 43.91
v 690.00 670.00 48.13
v 700.00 670.00 52.32
v 710.00 670.00 56.99
v 720.00 670.00 61.06
v 730.00 670.00 65.57
v 740.00 670.00 70.57
v 0.00 680.00 78.02
v 10.00 680.00 80.47
v 20.00 680.00 82.82
v 30.00 680.00 84.63
v 40.00 680.00 86.25
v 50.00 680.00 88.13
v 60.00 680.00 88.56
v 70.00 680.00 90.76
v 80.00 680.00 91.75
v 90.00 680.00 89.71
v 100.00 680.00 88.56
v 110.00 680.00 87.99
v 120.00 680.00 86.93
v 130.00 680.00 86.26
v 140.00 680.00 85.45
v 150.00 680.00 84.27
v 160.00 680.00 81.33
v 170.00 680.00 80.46
v 180.00 680.00 79.49
v 190.00 680.00 77.82
v 200.00 680.00 75.03
v 210.00 680.00 71.31
v 220.00 680.00 67.24
v 230.00 680.00 62.86
v 240.00 680.00 58.05
v 250.00 680.00 52.54
v 260.00 680.00 47.51
v 270.00 680.00 46.85
v 280.00 680.00 46.07
v 290.00 680.00 42.32
v 300.00 680.00 38.51
v 310.00 680.00 36.46
v 320.00 680.00 37.36
v 330.00 680.00 33.64
v 340.00 680.00 30.26
v 350.00 680.00 27.36
v 360.00 680.00 29.54
v 370.00 680.00 27.69
v 380.00 680.00 24.94
v 390.00 680.00 21.87
v 400.00 680.00 22.60
v 410.00 680.00 22.04
v 420.00 680.00 19.85
v 430.00 680.00 17.63
v 440.00 680.00 17.70
v 450.00 680.00 18.06
v 460.00 680.00 15.99
v 470.00 680.00 13.19
v 480.00 680.00 11.89
v 490.00 680.00 12.68
v 500.00 680.00 11.69
v 510.00 680.00 9.92
v 520.00 680.00 10.20
v 530.00 680.00 13.40
v 540.00 680.00 12.92
v 550.00 680.00 12.58
v 560.00 680.00 12.46
v 570.00 680.00 15.63
v 580.00 680.00 19.06
v 590.00 680.00 22.69
v 600.00 680.00 26.18
v 610.00 680.00 29.61
v 620.00 680.00 32.55
v 630.00 680.00 35.57
v 640.00 680.00 38.19
v 650.00 680.00 38.24
v 660.00 680.00 40.58
v 670.00 680.00 43.77
v 680.00 680.00 47.50
v 690.00 680.00 51.22
v 700.00 680.00 55.18
v 710.00 680.00 60.03
v 720.00 680.00 64.09
v 730.00 680.00 68.39
v 740.00 680.00 72.96
v 0.00 690.00 80.20
v 10.00 690.00 82.02
v 20.00 690.00 83.67
v 30.00 690.00 84.83
v 40.00 690.00 87.17
v 50.00 690.00 87.43
v 60.00 690.00 88.07
v 70.00 690.00 89.01
v 80.00 690.00 90.09
v 90.00 690.00 89.73
v 100.00 690.00 89.22
v 110.00 690.00 88.54
v 120.00 690.00 88.12
v 130.00 690.00 87.90
v 140.00 690.00 87.45
v 150.00 690.00 87.24
v 160.00 690.00 85.47
v 170.00 690.00 86.07
v 180.00 690.00 86.40
v 190.00 690.00 85.79
v 200.00 690.00 82.69
v 210.00 690.00 77.19
v 220.00 690.00 70.96
v 230.00 690.00 64.63
v 240.00 690.00 57.85
v 250.00 690.00 51.48
v 260.00 690.00 46.09
v 270.00 690.00 44.52
v 280.00 690.00 43.13
v 290.00 690.00 39.92
v 300.00 690.00 36.08
v 310.00 690.00 34.35
v 320.00 690.00 34.74
v 330.00 690.00 31.64
v 340.00 690.00 28.88
v 350.00 690.00 25.79
v 360.00 690.00 27.74
v 370.00 690.00 25.72
v 380.00 690.00 23.20
v 390.00 690.00 20.53
v 400.00 690.00 21.46
v 410.00 690.00 20.11
v 420.00 690.00 18.20
v 430.00 690.00 15.63
v 440.00 690.00 16.04
v 450.00 690.00 16.10
v 460.00 690.00 14.43
v 470.00 690.00 11.75
v 480.00 690.00 11.61
v 490.00 690.00 12.30
v 500.00 690.00 11.05
v 510.00 690.00 9.43
v 520.00 690.00 10.34
v 530.00 690.00 13.19
v 540.00 690.00 13.41
v 550.00 690.00 14.14
v 560.00 690.00 15.33
v 570.00 690.00 20.59
v 580.00 690.00 24.88
v 590.00 690.00 28.91
v 600.00 690.00 32.62
v 610.00 690.00 35.72
v 620.00 690.00 38.52
v 630.00 690.00 40.95
v 640.00 690.00 42.63
v 650.00 690.00 42.03
v 660.00 690.00 44.25
v 670.00 690.00 47.45
v 680.00 690.00 50.97
v 690.00 690.00 54.60
v 700.00 690.00 58.36
v 710.00 690.00 63.29
v 720.00 690.00 67.00
v 730.00 690.00 71.14
v 740.00 690.00 75.37
v 0.00 700.00 82.58
v 10.00 700.00 84.16
v 20.00 700.00 85.45
v 30.00 700.00 87.04
v 40.00 700.00 90.15
v 50.00 700.00 92.83
v 60.00 700.00 93.05
v 70.00 700.00 91.73
v 80.00 700.00 90.06
v 90.00 700.00 89.09
v 100.00 700.00 90.07
v 110.00 700.00 90.04
v 120.00 700.00 89.68
v 130.00 700.00 89.21
v 140.00 700.00 88.69
v 150.00 700.00 88.78
v 160.00 700.00 89.02
v 170.00 700.00 91.47
v 180.00 700.00 93.02
v 190.00 700.00 92.22
v 200.00 700.00 88.16
v 210.00 700.00 82.64
v 220.00 700.00 74.90
v 230.00 700.00 65.57
v 240.00 700.00 55.97
v 250.00 700.00 48.86
v 260.00 700.00 45.22
v 270.00 700.00 43.87
v 280.00 700.00 40.89
v 290.00 700.00 37.20
v 300.00 700.00 34.20
v 310.00 700.00 33.37
v 320.00 700.00 32.16
v 330.00 700.00 29.64
v 340.00 700.00 27.28
v 350.00 700.00 26.17
v 360.00 700.00 26.19
v 370.00 700.00 23.38
v 380.00 700.00 21.43
v 390.00 700.00 20.92
v 400.00 700.00 21.42
v 410.00 700.00 18.64
v 420.00 700.00 16.09
v 430.00 700.00 14.70
v 440.00 700.00 15.42
v 450.00 700.00 14.45
v 460.00 700.00 12.64
v 470.00 700.00 11.84
v 480.00 700.00 12.82
v 490.00 700.00 11.68
v 500.00 700.00 9.69
v 510.00 700.00 9.35
v 520.00 700.00 11.68
v 530.00 700.00 12.96
v 540.00 700.00 12.92
v 550.00 700.00 14.85
v 560.00 700.00 19.60
v 570.00 700.00 25.92
v 580.00 700.00 31.03
v 590.00 700.00 35.12
v 600.00 700.00 38.39
v 610.00 700.00 41.67
v 620.00 700.00 44.02
v 630.00 700.00 45.90
v 640.00 700.00 46.76
v 650.00 700.00 44.86
v 660.00 700.00 47.71
v 670.00 700.00 51.09
v 680.00 700.00 54.72
v 690.00 700.00 58.34
v 700.00 700.00 61.82
v 710.00 700.00 66.33
v 720.00 700.00 69.79
v 730.00 700.00 74.03
v 740.00 700.00 78.00
v 0.00 710.00 85.44
v 10.00 710.00 86.85
v 20.00 710.00 88.06
v 30.00 710.00 89.62
v 40.00 710.00 92.84
v 50.00 710.00 94.80
v 60.00 710.00 95.81
v 70.00 710.00 93.92
v 80.00 710.00 89.42
v 90.00 710.00 90.03
v 100.00 710.00 91.58
v 110.00 710.00 91.83
v 120.00 710.00 91.34
v 130.00 710.00 90.70
v 140.00 710.00 89.19
v 150.00 710.00 87.48
v 160.00 710.00 87.12
v 170.00 710.00 89.41
v 180.00 710.00 91.23
v 190.00 710.00 88.74
v 200.00 710.00 84.85
v 210.00 710.00 80.32
v 220.00 710.00 72.93
v 230.00 710.00 63.05
v 240.00 710.00 54.13
v 250.00 710.00 49.39
v 260.00 710.00 45.62
v 270.00 710.00 42.20
v 280.00 710.00 39.18
v 290.00 710.00 36.66
v 300.00 710.00 34.27
v 310.00 710.00 32.56
v 320.00 710.00 31.34
v 330.00 710.00 29.44
v 340.00 710.00 27.99
v 350.00 710.00 26.48
v 360.00 710.00 25.53
v 370.00 710.00 23.88
v 380.00 710.00 22.68
v 390.00 710.00 22.12
v 400.00 710.00 20.33
v 410.00 710.00 18.37
v 420.00 710.00 17.34
v 430.00 710.00 16.92
v 440.00 710.00 15.87
v 450.00 710.00 14.49
v 460.00 710.00 13.36
v 470.00 710.00 13.55
v 480.00 710.00 13.08
v 490.00 710.00 11.76
v 500.00 710.00 11.28
v 510.00 710.00 12.13
v 520.00 710.00 13.25
v 530.00 710.00 13.64
v 540.00 710.00 14.66
v 550.00 710.00 16.81
v 560.00 710.00 20.78
v 570.00 710.00 25.50
v 580.00 710.00 29.77
v 590.00 710.00 33.47
v 600.00 710.00 36.30
v 610.00 710.00 38.92
v 620.00 710.00 41.32
v 630.00 710.00 43.27
v 640.00 710.00 44.46
v 650.00 710.00 45.46
v 660.00 710.00 51.02
v 670.00 710.00 55.02
v 680.00 710.00 58.90
v 690.00 710.00 62.46
v 700.00 710.00 65.50
v 710.00 710.00 69.47
v 720.00 710.00 72.46
v 730.00 710.00 77.24
v 740.00 710.00 80.96
v 0.00 720.00 88.72
v 10.00 720.00 90.13
v 20.00 720.00 90.88
v 30.00 720.00 91.91
v 40.00 720.00 93.20
v 50.00 720.00 93.22
v 60.00 720.00 93.33
v 70.00 720.00 90.83
v 80.00 720.00 91.68
v 90.00 720.00 92.93
v 100.00 720.00 94.27
v 110.00 720.00 94.13
v 120.00 720.00 93.54
v 130.00 720.00 92.73
v 140.00 720.00 91.15
v 150.00 720.00 89.84
v 160.00 720.00 88.14
v 170.00 720.00 88.73
v 180.00 720.00 87.52
v 190.00 720.00 84.83
v 200.00 720.00 81.00
v 210.00 720.00 76.33
v 220.00 720.00 71.18
v 230.00 720.00 64.46
v 240.00 720.00 58.92
v 250.00 720.00 55.47
v 260.00 720.00 51.62
v 270.00 720.00 48.72
v 280.00 720.00 46.07
v 290.00 720.00 43.83
v 300.00 720.00 41.33
v 310.00 720.00 39.97
v 320.00 720.00 38.83
v 330.00 720.00 37.14
v 340.00 720.00 35.74
v 350.00 720.00 34.52
v 360.00 720.00 33.54
v 370.00 720.00 32.37
v 380.00 720.00 31.33
v 390.00 720.00 29.83
v 400.00 720.00 27.99
v 410.00 720.00 26.54
v 420.00 720.00 25.84
v 430.00 720.00 25.31
v 440.00 720.00 24.35
v 450.00 720.00 23.45
v 460.00 720.00 22.75
v 470.00 720.00 22.14
v 480.00 720.00 21.43
v 490.00 720.00 20.79
v 500.00 720.00 21.08
v 510.00 720.00 21.42
v 520.00 720.00 21.62
v 530.00 720.00 22.27
v 540.00 720.00 23.35
v 550.00 720.00 25.24
v 560.00 720.00 27.91
v 570.00 720.00 30.78
v 580.00 720.00 33.94
v 590.00 720.00 37.09
v 600.00 720.00 39.85
v 610.00 720.00 42.43
v 620.00 720.00 44.47
v 630.00 720.00 46.37
v 640.00 720.00 48.59
v 650.00 720.00 51.68
v 660.00 720.00 55.81
v 670.00 720.00 59.97
v 680.00 720.00 63.47
v 690.00 720.00 66.79
v 700.00 720.00 69.69
v 710.00 720.00 72.84
v 720.00 720.00 76.84
v 730.00 720.00 80.98
v 740.00 720.00 84.54
v 0.00 730.00 92.32
v 10.00 730.00 93.33
v 20.00 730.00 94.26
v 30.00 730.00 94.97
v 40.00 730.00 95.88
v 50.00 730.00 95.84
v 60.00 730.00 93.87
v 70.00 730.00 94.71
v 80.00 730.00 95.74
v 90.00 730.00 96.73
v 100.00 730.00 97.57
v 110.00 730.00 97.41
v 120.00 730.00 96.59
v 130.00 730.00 95.52
v 140.00 730.00 93.88
v 150.00 730.00 92.16
v 160.00 730.00 89.84
v 170.00 730.00 88.25
v 180.00 730.00 85.06
v 190.00 730.00 81.86
v 200.00 730.00 77.99
v 210.00 730.00 74.06
v 220.00 730.00 70.51
v 230.00 730.00 66.96
v 240.00 730.00 65.06
v 250.00 730.00 62.87
v 260.00 730.00 60.76
v 270.00 730.00 58.52
v 280.00 730.00 56.22
v 290.00 730.00 54.50
v 300.00 730.00 52.45
v 310.00 730.00 50.98
v 320.00 730.00 49.61
v 330.00 730.00 48.50
v 340.00 730.00 47.02
v 350.00 730.00 45.69
v 360.00 730.00 44.73
v 370.00 730.00 43.76
v 380.00 730.00 42.31
v 390.00 730.00 40.80
v 400.00 730.00 39.31
v 410.00 730.00 38.46
v 420.00 730.00 37.46
v 430.00 730.00 36.95
v 440.00 730.00 35.79
v 450.00 730.00 35.41
v 460.00 730.00 34.62
v 470.00 730.00 33.83
v 480.00 730.00 32.99
v 490.00 730.00 32.94
v 500.00 730.00 32.96
v 510.00 730.00 32.87
v 520.00 730.00 32.85
v 530.00 730.00 33.75
v 540.00 730.00 34.71
v 550.00 730.00 36.28
v 560.00 730.00 38.23
v 570.00 730.00 40.19
v 580.00 730.00 42.44
v 590.00 730.00 44.89
v 600.00 730.00 46.97
v 610.00 730.00 49.43
v 620.00 730.00 51.64
v 630.00 730.00 53.31
v 640.00 730.00 55.95
v 650.00 730.00 58.60
v 660.00 730.00 61.66
v 670.00 730.00 65.11
v 680.00 730.00 68.24
v 690.00 730.00 70.97
v 700.00 730.00 74.35
v 710.00 730.00 77.64
v 720.00 730.00 81.90
v 730.00 730.00 85.32
v 740.00 730.00 88.62
v 0.00 740.00 95.43
v 10.00 740.00 96.80
v 20.00 740.00 98.12
v 30.00 740.00 98.86
v 40.00 740.00 100.26
v 50.00 740.00 100.88
v 60.00 740.00 100.38
v 70.00 740.00 100.70
v 80.00 740.00 101.26
v 90.00 740.00 101.69
v 100.00 740.00 101.66
v 110.00 740.00 101.01
v 120.00 740.00 99.91
v 130.00 740.00 98.62
v 140.00 740.00 96.95
v 150.00 740.00 94.57
v 160.00 740.00 91.38
v 170.00 740.00 87.34
v 180.00 740.00 82.66
v 190.00 740.00 78.89
v 200.00 740.00 75.41
v 210.00 740.00 72.57
v 220.00 740.00 70.33
v 230.00 740.00 70.45
v 240.00 740.00 71.50
v 250.00 740.00 70.85
v 260.00 740.00 69.76
v 270.00 740.00 68.43
v 280.00 740.00 66.69
v 290.00 740.00 65.25
v 300.00 740.00 63.74
v 310.00 740.00 62.22
v 320.00 740.00 60.92
v 330.00 740.00 59.90
v 340.00 740.00 58.52
v 350.00 740.00 57.13
v 360.00 740.00 55.75
v 370.00 740.00 54.67
v 380.00 740.00 53.73
v 390.00 740.00 52.41
v 400.00 740.00 51.11
v 410.00 740.00 50.01
v 420.00 740.00 49.41
v 430.00 740.00 48.84
v 440.00 740.00 47.89
v 450.00 740.00 47.12
v 460.00 740.00 46.39
v 470.00 740.00 45.74
v 480.00 740.00 45.33
v 490.00 740.00 44.76
v 500.00 740.00 44.59
v 510.00 740.00 44.34
v 520.00 740.00 44.80
v 530.00 740.00 45.04
v 540.00 740.00 45.80
v 550.00 740.00 47.00
v 560.00 740.00 48.34
v 570.00 740.00 49.87
v 580.00 740.00 51.45
v 590.00 740.00 53.22
v 600.00 740.00 55.07
v 610.00 740.00 56.96
v 620.00 740.00 58.89
v 630.00 740.00 60.56
v 640.00 740.00 62.83
v 650.00 740.00 65.17
v 660.00 740.00 67.76
v 670.00 740.00 70.56
v 680.00 740.00 72.95
v 690.00 740.00 75.89
v 700.00 740.00 79.10
v 710.00 740.00 81.97
v 720.00 740.00 85.37
v 730.00 740.00 88.98
v 740.00 740.00 92.42
f 1 2 77
f 1 77 76
f 2 3 78
f 2 78 77
f 3 4 79
f 3 79 78
f 4 5 80
f 4 80 79
f 5 6 81
f 5 81 80
f 6 7 82
f 6 82 81
f 7 8 83
f 7 83 82
f 8 9 84
f 8 84 83
f 9 10 85
f 9 85 84
f 10 11 86
f 10 86 85
f 11 12 87
f 11 87 86
f 12 13 88
f 12 88 87
f 13 14 89
f 13 89 88
f 14 15 90
f 14 90 89
f 15 16 91
f 15 91 90
f 16 17 92
f 16 92 91
f 17 18 93
f 17 93 92
f 18 19 94
f 18 94 93
f 19 20 95
f 19 95 94
f 20 21 96
f 20 96 95
f 21 22 97
f 21 97 96
f 22 23 98
f 22 98 97
f 23 24 99
f 23 99 98
f 24 25 100
f 24 100 99
f 25 26 101
f 25 101 100
f 26 27 102
f 26 102 101
f 27 28 103
f 27 103 102
f 28 29 104
f 28 104 103
f 29 30 105
f 29 105 104
f 30 31 106
f 30 106 105
f 31 32 107
f 31 107 106
f 32 33 108
f 32 108 107
f 33 34 109
f 33 109 108
f 34 35 110
f 34 110 109
f 35 36 111
f 35 111 110
f 36 37 112
f 36 112 111
f 37 38 113
f 37 113 112
f 38 39 114
f 38 114 113
f 39 40 115
f 39 115 114
f 40 41 116
f 40 116 115
f 41 42 117
f 41 117 116
f 42 43 118
f 42 118 117
f 43 44 119
f 43 119 118
f 44 45 120
f 44 120 119
f 45 46 121
f 45 121 120
f 46 47 122
f 46 122 121
f 47 48 123
f 47 123 122
f 48 49 124
f 48 124 123
f 49 50 125
f 49 125 124
f 50 51 126
f 50 126 125
f 51 52 127
f 51 127 126
f 52 53 128
f 52 128 127
f 53 54 129
f 53 129 128
f 54 55 130
f 54 130 129
f 55 56 131
f 55 131 130
f 56 57 132
f 56 132 131
f 57 58 133
f 57 133 132
f 58 59 134
f 58 134 133
f 59 60 135
f 59 135 134
f 60 61 136
f 60 136 135
f 61 62 137
f 61 137 136
f 62 63 138
f 62 138 137
f 63 64 139
f 63 139 138
f 64 65 140
f 64 140 139
f 65 66 141
f 65 141 140
f 66 67 142
f 66 142 141
f 67 68 143
f 67 143 142
f 68 69 144
f 68 144 143
f 69 70 145
f 69 145 144
f 70 71 146
f 70 146 145
f 71 72 147
f 71 147 146
f 72 73 148
f 72 148 147
f 73 74 149
f 73 149 148
f 74 75 150
f 74 150 149
f 76 77 152
f 76 152 151
f 77 78 153
f 77 153 152
f 78 79 154
f 78 154 153
f 79 80 155
f 79 155 154
f 80 81 156
f 80 156 155
f 81 82 157
f 81 157 156
f 82 83 158
f 82 158 157
f 83 84 159
f 83 159 158
f 84 85 160
f 84 160 159
f 85 86 161
f 85 161 160
f 86 87 162
f 86 162 161
f 87 88 163
f 87 163 162
f 88 89 164
f 88 164 163
f 89 90 165
f 89 165 164
f 90 91 166
f 90 166 165
f 91 92 167
f 91 167 166
f 92 93 168
f 92 168 167
f 93 94 169
f 93 169 168
f 94 95 170
f 94 170 169
f 95 96 171
f 95 171 170
f 96 97 172
f 96 172 171
f 97 98 173
f 97 173 172
f 98 99 174
f 98 174 173
f 99 100 175
f 99 175 174
f 100 101 176
f 100 176 175
f 101 102 177
f 101 177 176
f 102 103 178
f 102 178 177
f 103 104 179
f 103 179 178
f 104 105 180
f 104 180 179
f 105 106 181
f 105 181 180
f 106 107 182
f 106 182 181
f 107 108 183
f 107 183 182
f 108 109 184
f 108 184 183
f 109 110 185
f 109 185 184
f 110 111 186
f 110 186 185
f 111 112 187
f 111 187 186
f 112 113 188
f 112 188 187
f 113 114 189
f 113 189 188
f 114 115 190
f 114 190 189
f 115 116 191
f 115 191 190
f 116 117 192
f 116 192 191
f 117 118 193
f 117 193 192
f 118 119 194
f 118 194 193
f 119 120 195
f 119 195 194
f 120 121 196
f 120 196 195
f 121 122 197
f 121 197 196
f 122 123 198
f 122 198 197
f 123 124 199
f 123 199 198
f 124 125 200
f 124 200 199
f 125 126 201
f 125 201 200
f 126 127 202
f 126 202 201
f 127 128 203
f 127 203 202
f 128 129 204
f 128 204 203
f 129 130 205
f 129 205 204
f 130 131 206
f 130 206 205
f 131 132 207
f 131 207 206
f 132 133 208
f 132 208 207
f 133 134 209
f 133 209 208
f 134 135 210
f 134 210 209
f 135 136 211
f 135 211 210
f 136 137 212
f 136 212 211
f 137 138 213
f 137 213 212
f 138 139 214
f 138 214 213
f 139 140 215
f 139 215 214
f 140 141 216
f 140 216 215
f 141 142 217
f 141 217 216
f 142 143 218
f 142 218 217
f 143 144 219
f 143 219 218
f 144 145 220
f 144 220 219
f 145 146 221
f 145 221 220
f 146 147 222
f 146 222 221
f 147 148 223
f 147 223 222
f 148 149 224
f 148 224 223
f 149 150 225
f 149 225 224
f 151 152 227
f 151 227 226
f 152 153 228
f 152 228 227
f 153 154 229
f 153 229 228
f 154 155 230
f 154 230 229
f 155 156 231
f 155 231 230
f 156 157 232
f 156 232 231
f 157 158 233
f 157 233 232
f 158 159 234
f 158 234 233
f 159 160 235
f 159 235 234
f 160 161 236
f 160 236 235
f 161 162 237
f 161 237 236
f 162 163 238
f 162 238 237
f 163 164 239
f 163 239 238
f 164 165 240
f 164 240 239
f 165 166 241
f 165 241 240
f 166 167 242
f 166 242 241
f 167 168 243
f 167 243 242
f 168 169 244
f 168 244 243
f 169 170 245
f 169 245 244
f 170 171 246
f 170 246 245
f 171 172 247
f 171 247 246
f 172 173 248
f 172 248 247
f 173 174 249
f 173 249 248
f 174 175 250
f 174 250 249
f 175 176 251
f 175 251 250
f 176 177 252
f 176 252 251
f 177 178 253
f 177 253 252
f 178 179 254
f 178 254 253
f 179 180 255
f 179 255 254
f 180 181 256
f 180 256 255
f 181 182 257
f 181 257 256
f 182 183 258
f 182 258 257
f 183 184 259
f 183 259 258
f 184 185 260
f 184 260 259
f 185 186 261
f 185 261 260
f 186 187 262
f 186 262 261
f 187 188 263
f 187 263 262
f 188 189 264
f 188 264 263
f 189 190 265
f 189 265 264
f 190 191 266
f 190 266 265
f 191 192 267
f 191 267 266
f 192 193 268
f 192 268 267
f 193 194 269
f 193 269 268
f 194 195 270
f 194 270 269
f 195 196 271
f 195 271 270
f 196 197 272
f 196 272 271
f 197 198 273
f 197 273 272
f 198 199 274
f 198 274 273
f 199 200 275
f 199 275 274
f 200 201 276
f 200 276 275
f 201 202 277
f 201 277 276
f 202 203 278
f 202 278 277
f 203 204 279
f 203 279 278
f 204 205 280
f 204 280 279
f 205 206 281
f 205 281 280
f 206 207 282
f 206 282 281
f 207 208 283
f 207 283 282
f 208 209 284
f 208 284 283
f 209 210 285
f 209 285 284
f 210 211 286
f 210 286 285
f 211 212 287
f 211 287 286
f 212 213 288
f 212 288 287
f 213 214 289
f 213 289 288
f 214 215 290
f 214 290 289
f 215 216 291
f 215 291 290
f 216 217 292
f 216 292 291
f 217 218 293
f 217 293 292
f 218 219 294
f 218 294 293
f 219 220 295
f 219 295 294
f 220 221 296
f 220 296 295
f 221 222 297
f 221 297 296
f 222 223 298
f 222 298 297
f 223 224 299
f 223 299 298
f 224 225 300
f 224 300 299
f 226 227 302
f 226 302 301
f 227 228 303
f 227 303 302
f 228 229 304
f 228 304 303
f 229 230 305
f 229 305 304
f 230 231 306
f 230 306 305
f 231 232 307
f 231 307 306
f 232 233 308
f 232 308 307
f 233 234 309
f 233 309 308
f 234 235 310
f 234 310 309
f 235 236 311
f 235 311 310
f 236 237 312
f 236 312 311
f 237 238 313
f 237 313 312
f 238 239 314
f 238 314 313
f 239 240 315
f 239 315 314
f 240 241 316
f 240 316 315
f 241 242 317
f 241 317 316
f 242 243 318
f 242 318 317
f 243 244 319
f 243 319 318
f 244 245 320
f 244 320 319
f 245 246 321
f 245 321 320
f 246 247 322
f 246 322 321
f 247 248 323
f 247 323 322
f 248 249 324
f 248 324 323
f 249 250 325
f 249 325 324
f 250 251 326
f 250 326 325
f 251 252 327
f 251 327 326
f 252 253 328
f 252 328 327
f 253 254 329
f 253 329 328
f 254 255 330
f 254 330 329
f 255 256 331
f 255 331 330
f 256 257 332
f 256 332 331
f 257 258 333
f 257 333 332
f 258 259 334
f 258 334 333
f 259 260 335
f 259 335 334
f 260 261 336
f 260 336 335
f 261 262 337
f 261 337 336
f 262 263 338
f 262 338 337
f 263 264 339
f 263 339 338
f 264 265 340
f 264 340 339
f 265 266 341
f 265 341 340
f 266 267 342
f 266 342 341
f 267 268 343
f 267 343 342
f 268 269 344
f 268 344 343
f 269 270 345
f 269 345 344
f 270 271 346
f 270 346 345
f 271 272 347
f 271 347 346
f 272 273 348
f 272 348 347
f 273 274 349
f 273 349 348
f 274 275 350
f 274 350 349
f 275 276 351
f 275 351 350
f 276 277 352
f 276 352 351
f 277 278 353
f 277 353 352
f 278 279 354
f 278 354 353
f 279 280 355
f 279 355 354
f 280 281 356
f 280 356 355
f 281 282 357
f 281 357 356
f 282 283 358
f 282 358 357
f 283 284 359
f 283 359 358
f 284 285 360
f 284 360 359
f 285 286 361
f 285 361 360
f 286 287 362
f 286 362 361
f 287 288 363
f 287 363 362
f 288 289 364
f 288 364 363
f 289 290 365
f 289 365 364
f 290 291 366
f 290 366 365
f 291 292 367
f 291 367 366
f 292 293 368
f 292 368 367
f 293 294 369
f 293 369 368
f 294 295 370
f 294 370 369
f 295 296 371
f 295 371 370
f 296 297 372
f 296 372 371
f 297 298 373
f 297 373 372
f 298 299 374
f 298 374 373
f 299 300 375
f 299 375 374
f 301 302 377
f 301 377 376
f 302 303 378
f 302 378 377
f 303 304 379
f 303 379 378
f 304 305 380
f 304 380 379
f 305 306 381
f 305 381 380
f 306 307 382
f 306 382 381
f 307 308 383
f 307 383 382
f 308 309 384
f 308 384 383
f 309 310 385
f 309 385 384
f 310 311 386
f 310 386 385
f 311 312 387
f 311 387 386
f 312 313 388
f 312 388 387
f 313 314 389
f 313 389 388
f 314 315 390
f 314 390 389
f 315 316 391
f 315 391 390
f 316 317 392
f 316 392 391
f 317 318 393
f 317 393 392
f 318 319 394
f 318 394 393
f 319 320 395
f 319 395 394
f 320 321 396
f 320 396 395
f 321 322 397
f 321 397 396
f 322 323 398
f 322 398 397
f 323 324 399
f 323 399 398
f 324 325 400
f 324 400 399
f 325 326 401
f 325 401 400
f 326 327 402
f 326 402 401
f 327 328 403
f 327 403 402
f 328 329 404
f 328 404 403
f 329 330 405
f 329 405 404
f 330 331 406
f 330 406 405
f 331 332 407
f 331 407 406
f 332 333 408
f 332 408 407
f 333 334 409
f 333 409 408
f 334 335 410
f 334 410 409
f 335 336 411
f 335 411 410
f 336 337 412
f 336 412 411
f 337 338 413
f 337 413 412
f 338 339 414
f 338 414 413
f 339 340 415
f 339 415 414
f 340 341 416
f 340 416 415
f 341 342 417
f 341 417 416
f 342 343 418
f 342 418 417
f 343 344 419
f 343 419 418
f 344 345 420
f 344 420 419
f 345 346 421
f 345 421 420
f 346 347 422
f 346 422 421
f 347 348 423
f 347 423 422
f 348 349 424
f 348 424 423
f 349 350 425
f 349 425 424
f 350 351 426
f 350 426 425
f 351 352 427
f 351 427 426
f 352 353 428
f 352 428 427
f 353 354 429
f 353 429 428
f 354 355 430
f 354 430 429
f 355 356 431
f 355 431 430
f 356 357 432
f 356 432 431
f 357 358 433
f 357 433 432
f 358 359 434
f 358 434 433
f 359 360 435
f 359 435 434
f 360 361 436
f 360 436 435
f 361 362 437
f 361 437 436
f 362 363 438
f 362 438 437
f 363 364 439
f 363 439 438
f 364 365 440
f 364 440 439
f 365 366 441
f 365 441 440
f 366 367 442
f 366 442 441
f 367 368 443
f 367 443 442
f 368 369 444
f 368 444 443
f 369 370 445
f 369 445 444
f 370 371 446
f 370 446 445
f 371 372 447
f 371 447 446
f 372 373 448
f 372 448 447
f 373 374 449
f 373 449 448
f 374 375 450
f 374 450 449
f 376 377 452
f 376 452 451
f 377 378 453
f 377 453 452
f 378 379 454
f 378 454 453
f 379 380 455
f 379 455 454
f 380 381 456
f 380 456 455
f 381 382 457
f 381 457 456
f 382 383 458
f 382 458 457
f 383 384 459
f 383 459 458
f 384 385 460
f 384 460 459
f 385 386 461
f 385 461 460
f 386 387 462
f 386 462 461
f 387 388 463
f 387 463 462
f 388 389 464
f 388 464 463
f 389 390 465
f 389 465 464
f 390 391 466
f 390 466 465
f 391 392 467
f 391 467 466
f 392 393 468
f 392 468 467
f 393 394 469
f 393 469 468
f 394 395 470
f 394 470 469
f 395 396 471
f 395 471 470
f 396 397 472
f 396 472 471
f 397 398 473
f 397 473 472
f 398 399 474
f 398 474 473
f 399 400 475
f 399 475 474
f 400 401 476
f 400 476 475
f 401 402 477
f 401 477 476
f 402 403 478
f 402 478 477
f 403 404 479
f 403 479 478
f 404 405 480
f 404 480 479
f 405 406 481
f 405 481 480
f 406 407 482
f 406 482 481
f 407 408 483
f 407 483 482
f 408 409 484
f 408 484 483
f 409 410 485
f 409 485 484
f 410 411 486
f 410 486 485
f 411 412 487
f 411 487 486
f 412 413 488
f 412 488 487
f 413 414 489
f 413 489 488
f 414 415 490
f 414 490 489
f 415 416 491
f 415 491 490
f 416 417 492
f 416 492 491
f 417 418 493
f 417 493 492
f 418 419 494
f 418 494 493
f 419 420 495
f 419 495 494
f 420 421 496
f 420 496 495
f 421 422 497
f 421 497 496
f 422 423 498
f 422 498 497
f 423 424 499
f 423 499 498
f 424 425 500
f 424 500 499
f 425 426 501
f 425 501 500
f 426 427 502
f 426 502 501
f 427 428 503
f 427 503 502
f 428 429 504
f 428 504 503
f 429 430 505
f 429 505 504
f 430 431 506
f 430 506 505
f 431 432 507
f 431 507 506
f 432 433 508
f 432 508 507
f 433 434 509
f 433 509 508
f 434 435 510
f 434 510 509
f 435 436 511
f 435 511 510
f 436 437 512
f 436 512 511
f 437 438 513
f 437 513 512
f 438 439 514
f 438 514 513
f 439 440 515
f 439 515 514
f 440 441 516
f 440 516 515
f 441 442 517
f 441 517 516
f 442 443 518
f 442 518 517
f 443 444 519
f 443 519 518
f 444 445 520
f 444 520 519
f 445 446 521
f 445 521 520
f 446 447 522
f 446 522 521
f 447 448 523
f 447 523 522
f 448 449 524
f 448 524 523
f 449 450 525
f 449 525 524
f 451 452 527
f 451 527 526
f 452 453 528
f 452 528 527
f 453 454 529
f 453 529 528
f 454 455 530
f 454 530 529
f 455 456 531
f 455 531 530
f 456 457 532
f 456 532 531
f 457 458 533
f 457 533 532
f 458 459 534
f 458 534 533
f 459 460 535
f 459 535 534
f 460 461 536
f 460 536 535
f 461 462 537
f 461 537 536
f 462 463 538
f 462 538 537
f 463 464 539
f 463 539 538
f 464 465 540
f 464 540 539
f 465 466 541
f 465 541 540
f 466 467 542
f 466 542 541
f 467 468 543
f 467 543 542
f 468 469 544
f 468 544 543
f 469 470 545
f 469 545 544
f 470 471 546
f 470 546 545
f 471 472 547
f 471 547 546
f 472 473 548
f 472 548 547
f 473 474 549
f 473 549 548
f 474 475 550
f 474 550 549
f 475 476 551
f 475 551 550
f 476 477 552
f 476 552 551
f 477 478 553
f 477 553 552
f 478 479 554
f 478 554 553
f 479 480 555
f 479 555 554
f 480 481 556
f 480 556 555
f 481 482 557
f 481 557 556
f 482 483 558
f 482 558 557
f 483 484 559
f 483 559 558
f 484 485 560
f 484 560 559
f 485 486 561
f 485 561 560
f 486 487 562
f 486 562 561
f 487 488 563
f 487 563 562
f 488 489 564
f 488 564 563
f 489 490 565
f 489 565 564
f 490 491 566
f 490 566 565
f 491 492 567
f 491 567 566
f 492 493 568
f 492 568 567
f 493 494 569
f 493 569 568
f 494 495 570
f 494 570 569
f 495 496 571
f 495 571 570
f 496 497 572
f 496 572 571
f 497 498 573
f 497 573 572
f 498 499 574
f 498 574 573
f 499 500 575
f 499 575 574
f 500 501 576
f 500 576 575
f 501 502 577
f 501 577 576
f 502 503 578
f 502 578 577
f 503 504 579
f 503 579 578
f 504 505 580
f 504 580 579
f 505 506 581
f 505 581 580
f 506 507 582
f 506 582 581
f 507 508 583
f 507 583 582
f 508 509 584
f 508 584 583
f 509 510 585
f 509 585 584
f 510 511 586
f 510 586 585
f 511 512 587
f 511 587 586
f 512 513 588
f 512 588 587
f 513 514 589
f 513 589 588
f 514 515 590
f 514 590 589
f 515 516 591
f 515 591 590
f 516 517 592
f 516 592 591
f 517 518 593
f 517 593 592
f 518 519 594
f 518 594 593
f 519 520 595
f 519 595 594
f 520 521 596
f 520 596 595
f 521 522 597
f 521 597 596
f 522 523 598
f 522 598 597
f 523 524 599
f 523 599 598
f 524 525 600
f 524 600 599
f 526 527 602
f 526 602 601
f 527 528 603
f 527 603 602
f 528 529 604
f 528 604 603
f 529 530 605
f 529 605 604
f 530 531 606
f 530 606 605
f 531 532 607
f 531 607 606
f 532 533 608
f 532 608 607
f 533 534 609
f 533 609 608
f 534 535 610
f 534 610 609
f 535 536 611
f 535 611 610
f 536 537 612
f 536 612 611
f 537 538 613
f 537 613 612
f 538 539 614
f 538 614 613
f 539 540 615
f 539 615 614
f 540 541 616
f 540 616 615
f 541 542 617
f 541 617 616
f 542 543 618
f 542 618 617
f 543 544 619
f 543 619 618
f 544 545 620
f 544 620 619
f 545 546 621
f 545 621 620
f 546 547 622
f 546 622 621
f 547 548 623
f 547 623 622
f 548 549 624
f 548 624 623
f 549 550 625
f 549 625 624
f 550 551 626
f 550 626 625
f 551 552 627
f 551 627 626
f 552 553 628
f 552 628 627
f 553 554 629
f 553 629 628
f 554 555 630
f 554 630 629
f 555 556 631
f 555 631 630
f 556 557 632
f 556 632 631
f 557 558 633
f 557 633 632
f 558 559 634
f 558 634 633
f 559 560 635
f 559 635 634
f 560 561 636
f 560 636 635
f 561 562 637
f 561 637 636
f 562 563 638
f 562 638 637
f 563 564 639
f 563 639 638
f 564 565 640
f 564 640 639
f 565 566 641
f 565 641 640
f 566 567 642
f 566 642 641
f 567 568 643
f 567 643 642
f 568 569 644
f 568 644 643
f 569 570 645
f 569 645 644
f 570 571 646
f 570 646 645
f 571 572 647
f 571 647 646
f 572 573 648
f 572 648 647
f 573 574 649
f 573 649 648
f 574 575 650
f 574 650 649
f 575 576 651
f 575 651 650
f 576 577 652
f 576 652 651
f 577 578 653
f 577 653 652
f 578 579 654
f 578 654 653
f 579 580 655
f 579 655 654
f 580 581 656
f 580 656 655
f 581 582 657
f 581 657 656
f 582 583 658
f 582 658 657
f 583 584 659
f 583 659 658
f 584 585 660
f 584 660 659
f 585 586 661
f 585 661 660
f 586 587 662
f 586 662 661
f 587 588 663
f 587 663 662
f 588 589 664
f 588 664 663
f 589 590 665
f 589 665 664
f 590 591 666
f 590 666 665
f 591 592 667
f 591 667 666
f 592 593 668
f 592 668 667
f 593 594 669
f 593 669 668
f 594 595 670
f 594 670 669
f 595 596 671
f 595 671 670
f 596 597 672
f 596 672 671
f 597 598 673
f 597 673 672
f 598 599 674
f 598 674 673
f 599 600 675
f 599 675 674
f 601 602 677
f 601 677 676
f 602 603 678
f 602 678 677
f 603 604 679
f 603 679 678
f 604 605 680
f 604 680 679
f 605 606 681
f 605 681 680
f 606 607 682
f 606 682 681
f 607 608 683
f 607 683 682
f 608 609 684
f 608 684 683
f 609 610 685
f 609 685 684
f 610 611 686
f 610 686 685
f 611 612 687
f 611 687 686
f 612 613 688
f 612 688 687
f 613 614 689
f 613 689 688
f 614 615 690
f 614 690 689
f 615 616 691
f 615 691 690
f 616 617 692
f 616 692 691
f 617 618 693
f 617 693 692
f 618 619 694
f 618 694 693
f 619 620 695
f 619 695 694
f 620 621 696
f 620 696 695
f 621 622 697
f 621 697 696
f 622 623 698
f 622 698 697
f 623 624 699
f 623 699 698
f 624 625 700
f 624 700 699
f 625 626 701
f 625 701 700
f 626 627 702
f 626 702 701
f 627 628 703
f 627 703 702
f 628 629 704
f 628 704 703
f 629 630 705
f 629 705 704
f 630 631 706
f 630 706 705
f 631 632 707
f 631 707 706
f 632 633 708
f 632 708 707
f 633 634 709
f 633 709 708
f 634 635 710
f 634 710 709
f 635 636 711
f 635 711 710
f 636 637 712
f 636 712 711
f 637 638 713
f 637 713 712
f 638 639 714
f 638 714 713
f 639 640 715
f 639 715 714
f 640 641 716
f 640 716 715
f 641 642 717
f 641 717 716
f 642 643 718
f 642 718 717
f 643 644 719
f 643 719 718
f 644 645 720
f 644 720 719
f 645 646 721
f 645 721 720
f 646 647 722
f 646 722 721
f 647 648 723
f 647 723 722
f 648 649 724
f 648 724 723
f 649 650 725
f 649 725 724
f 650 651 726
f 650 726 725
f 651 652 727
f 651 727 726
f 652 653 728
f 652 728 727
f 653 654 729
f 653 729 728
f 654 655 730
f 654 730 729
f 655 656 731
f 655 731 730
f 656 657 732
f 656 732 731
f 657 658 733
f 657 733 732
f 658 659 734
f 658 734 733
f 659 660 735
f 659 735 734
f 660 661 736
f 660 736 735
f 661 662 737
f 661 737 736
f 662 663 738
f 662 738 737
f 663 664 739
f 663 739 738
f 664 665 740
f 664 740 739
f 665 666 741
f 665 741 740
f 666 667 742
f 666 742 741
f 667 668 743
f 667 743 742
f 668 669 744
f 668 744 743
f 669 670 745
f 669 745 744
f 670 671 746
f 670 746 745
f 671 672 747
f 671 747 746
f 672 673 748
f 672 748 747
f 673 674 749
f 673 749 748
f 674 675 750
f 674 750 749
f 676 677 752
f 676 752 751
f 677 678 753
f 677 753 752
f 678 679 754
f 678 754 753
f 679 680 755
f 679 755 754
f 680 681 756
f 680 756 755
f 681 682 757
f 681 757 756
f 682 683 758
f 682 758 757
f 683 684 759
f 683 759 758
f 684 685 760
f 684 760 759
f 685 686 761
f 685 761 760
f 686 687 762
f 686 762 761
f 687 688 763
f 687 763 762
f 688 689 764
f 688 764 763
f 689 690 765
f 689 765 764
f 690 691 766
f 690 766 765
f 691 692 767
f 691 767 766
f 692 693 768
f 692 768 767
f 693 694 769
f 693 769 768
f 694 695 770
f 694 770 769
f 695 696 771
f 695 771 770
f 696 697 772
f 696 772 771
f 697 698 773
f 697 773 772
f 698 699 774
f 698 774 773
f 699 700 775
f 699 775 774
f 700 701 776
f 700 776 775
f 701 702 777
f 701 777 776
f 702 703 778
f 702 778 777
f 703 704 779
f 703 779 778
f 704 705 780
f 704 780 779
f 705 706 781
f 705 781 780
f 706 707 782
f 706 782 781
f 707 708 783
f 707 783 782
f 708 709 784
f 708 784 783
f 709 710 785
f 709 785 784
f 710 711 786
f 710 786 785
f 711 712 787
f 711 787 786
f 712 713 788
f 712 788 787
f 713 714 789
f 713 789 788
f 714 715 790
f 714 790 789
f 715 716 791
f 715 791 790
f 716 717 792
f 716 792 791
f 717 718 793
f 717 793 792
f 718 719 794
f 718 794 793
f 719 720 795
f 719 795 794
f 720 721 796
f 720 796 795
f 721 722 797
f 721 797 796
f 722 723 798
f 722 798 797
f 723 724 799
f 723 799 798
f 724 725 800
f 724 800 799
f 725 726 801
f 725 801 800
f 726 727 802
f 726 802 801
f 727 728 803
f 727 803 802
f 728 729 804
f 728 804 803
f 729 730 805
f 729 805 804
f 730 731 806
f 730 806 805
f 731 732 807
f 731 807 806
f 732 733 808
f 732 808 807
f 733 734 809
f 733 809 808
f 734 735 810
f 734 810 809
f 735 736 811
f 735 811 810
f 736 737 812
f 736 812 811
f 737 738 813
f 737 813 812
f 738 739 814
f 738 814 813
f 739 740 815
f 739 815 814
f 740 741 816
f 740 816 815
f 741 742 817
f 741 817 816
f 742 743 818
f 742 818 817
f 743 744 819
f 743 819 818
f 744 745 820
f 744 820 819
f 745 746 821
f 745 821 820
f 746 747 822
f 746 822 821
f 747 748 823
f 747 823 822
f 748 749 824
f 748 824 823
f 749 750 825
f 749 825 824
f 751 752 827
f 751 827 826
f 752 753 828
f 752 828 827
f 753 754 829
f 753 829 828
f 754 755 830
f 754 830 829
f 755 756 831
f 755 831 830
f 756 757 832
f 756 832 831
f 757 758 833
f 757 833 832
f 758 759 834
f 758 834 833
f 759 760 835
f 759 835 834
f 760 761 836
f 760 836 835
f 761 762 837
f 761 837 836
f 762 763 838
f 762 838 837
f 763 764 839
f 763 839 838
f 764 765 840
f 764 840 839
f 765 766 841
f 765 841 840
f 766 767 842
f 766 842 841
f 767 768 843
f 767 843 842
f 768 769 844
f 768 844 843
f 769 770 845
f 769 845 844
f 770 771 846
f 770 846 845
f 771 772 847
f 771 847 846
f 772 773 848
f 772 848 847
f 773 774 849
f 773 849 848
f 774 775 850
f 774 850 849
f 775 776 851
f 775 851 850
f 776 777 852
f 776 852 851
f 777 778 853
f 777 853 852
f 778 779 854
f 778 854 853
f 779 780 855
f 779 855 854
f 780 781 856
f 780 856 855
f 781 782 857
f 781 857 856
f 782 783 858
f 782 858 857
f 783 784 859
f 783 859 858
f 784 785 860
f 784 860 859
f 785 786 861
f 785 861 860
f 786 787 862
f 786 862 861
f 787 788 863
f 787 863 862
f 788 789 864
f 788 864 863
f 789 790 865
f 789 865 864
f 790 791 866
f 790 866 865
f 791 792 867
f 791 867 866
f 792 793 868
f 792 868 867
f 793 794 869
f 793 869 868
f 794 795 870
f 794 870 869
f 795 796 871
f 795 871 870
f 796 797 872
f 796 872 871
f 797 798 873
f 797 873 872
f 798 799 874
f 798 874 873
f 799 800 875
f 799 875 874
f 800 801 876
f 800 876 875
f 801 802 877
f 801 877 876
f 802 803 878
f 802 878 877
f 803 804 879
f 803 879 878
f 804 805 880
f 804 880 879
f 805 806 881
f 805 881 880
f 806 807 882
f 806 882 881
f 807 808 883
f 807 883 882
f 808 809 884
f 808 884 883
f 809 810 885
f 809 885 884
f 810 811 886
f 810 886 885
f 811 812 887
f 811 887 886
f 812 813 888
f 812 888 887
f 813 814 889
f 813 889 888
f 814 815 890
f 814 890 889
f 815 816 891
f 815 891 890
f 816 817 892
f 816 892 891
f 817 818 893
f 817 893 892
f 818 819 894
f 818 894 893
f 819 820 895
f 819 895 894
f 820 821 896
f 820 896 895
f 821 822 897
f 821 897 896
f 822 823 898
f 822 898 897
f 823 824 899
f 823 899 898
f 824 825 900
f 824 900 899
f 826 827 902
f 826 902 901
f 827 828 903
f 827 903 902
f 828 829 904
f 828 904 903
f 829 830 905
f 829 905 904
f 830 831 906
f 830 906 905
f 831 832 907
f 831 907 906
f 832 833 908
f 832 908 907
f 833 834 909
f 833 909 908
f 834 835 910
f 834 910 909
f 835 836 911
f 835 911 910
f 836 837 912
f 836 912 911
f 837 838 913
f 837 913 912
f 838 839 914
f 838 914 913
f 839 840 915
f 839 915 914
f 840 841 916
f 840 916 915
f 841 842 917
f 841 917 916
f 842 843 918
f 842 918 917
f 843 844 919
f 843 919 918
f 844 845 920
f 844 920 919
f 845 846 921
f 845 921 920
f 846 847 922
f 846 922 921
f 847 848 923
f 847 923 922
f 848 849 924
f 848 924 923
f 849 850 925
f 849 925 924
f 850 851 926
f 850 926 925
f 851 852 927
f 851 927 926
f 852 853 928
f 852 928 927
f 853 854 929
f 853 929 928
f 854 855 930
f 854 930 929
f 855 856 931
f 855 931 930
f 856 857 932
f 856 932 931
f 857 858 933
f 857 933 932
f 858 859 934
f 858 934 933
f 859 860 935
f 859 935 934
f 860 861 936
f 860 936 935
f 861 862 937
f 861 937 936
f 862 863 938
f 862 938 937
f 863 864 939
f 863 939 938
f 864 865 940
f 864 940 939
f 865 866 941
f 865 941 940
f 866 867 942
f 866 942 941
f 867 868 943
f 867 943 942
f 868 869 944
f 868 944 943
f 869 870 945
f 869 945 944
f 870 871 946
f 870 946 945
f 871 872 947
f 871 947 946
f 872 873 948
f 872 948 947
f 873 874 949
f 873 949 948
f 874 875 950
f 874 950 949
f 875 876 951
f 875 951 950
f 876 877 952
f 876 952 951
f 877 878 953
f 877 953 952
f 878 879 954
f 878 954 953
f 879 880 955
f 879 955 954
f 880 881 956
f 880 956 955
f 881 882 957
f 881 957 956
f 882 883 958
f 882 958 957
f 883 884 959
f 883 959 958
f 884 885 960
f 884 960 959
f 885 886 961
f 885 961 960
f 886 887 962
f 886 962 961
f 887 888 963
f 887 963 962
f 888 889 964
f 888 964 963
f 889 890 965
f 889 965 964
f 890 891 966
f 890 966 965
f 891 892 967
f 891 967 966
f 892 893 968
f 892 968 967
f 893 894 969
f 893 969 968
f 894 895 970
f 894 970 969
f 895 896 971
f 895 971 970
f 896 897 972
f 896 972 971
f 897 898 973
f 897 973 972
f 898 899 974
f 898 974 973
f 899 900 975
f 899 975 974
f 901 902 977
f 901 977 976
f 902 903 978
f 902 978 977
f 903 904 979
f 903 979 978
f 904 905 980
f 904 980 979
f 905 906 981
f 905 981 980
f 906 907 982
f 906 982 981
f 907 908 983
f 907 983 982
f 908 909 984
f 908 984 983
f 909 910 985
f 909 985 984
f 910 911 986
f 910 986 985
f 911 912 987
f 911 987 986
f 912 913 988
f 912 988 987
f 913 914 989
f 913 989 988
f 914 915 990
f 914 990 989
f 915 916 991
f 915 991 990
f 916 917 992
f 916 992 991
f 917 918 993
f 917 993 992
f 918 919 994
f 918 994 993
f 919 920 995
f 919 995 994
f 920 921 996
f 920 996 995
f 921 922 997
f 921 997 996
f 922 923 998
f 922 998 997
f 923 924 999
f 923 999 998
f 924 925 1000
f 924 1000 999
f 925 926 1001
f 925 1001 1000
f 926 927 1002
f 926 1002 1001
f 927 928 1003
f 927 1003 1002
f 928 929 1004
f 928 1004 1003
f 929 930 1005
f 929 1005 1004
f 930 931 1006
f 930 1006 1005
f 931 932 1007
f 931 1007 1006
f 932 933 1008
f 932 1008 1007
f 933 934 1009
f 933 1009 1008
f 934 935 1010
f 934 1010 1009
f 935 936 1011
f 935 1011 1010
f 936 937 1012
f 936 1012 1011
f 937 938 1013
f 937 1013 1012
f 938 939 1014
f 938 1014 1013
f 939 940 1015
f 939 1015 1014
f 940 941 1016
f 940 1016 1015
f 941 942 1017
f 941 1017 1016
f 942 943 1018
f 942 1018 1017
f 943 944 1019
f 943 1019 1018
f 944 945 1020
f 944 1020 1019
f 945 946 1021
f 945 1021 1020
f 946 947 1022
f 946 1022 1021
f 947 948 1023
f 947 1023 1022
f 948 949 1024
f 948 1024 1023
f 949 950 1025
f 949 1025 1024
f 950 951 1026
f 950 1026 1025
f 951 952 1027
f 951 1027 1026
f 952 953 1028
f 952 1028 1027
f 953 954 1029
f 953 1029 1028
f 954 955 1030
f 954 1030 1029
f 955 956 1031
f 955 1031 1030
f 956 957 1032
f 956 1032 1031
f 957 958 1033
f 957 1033 1032
f 958 959 1034
f 958 1034 1033
f 959 960 1035
f 959 1035 1034
f 960 961 1036
f 960 1036 1035
f 961 962 1037
f 961 1037 1036
f 962 963 1038
f 962 1038 1037
f 963 964 1039
f 963 1039 1038
f 964 965 1040
f 964 1040 1039
f 965 966 1041
f 965 1041 1040
f 966 967 1042
f 966 1042 1041
f 967 968 1043
f 967 1043 1042
f 968 969 1044
f 968 1044 1043
f 969 970 1045
f 969 1045 1044
f 970 971 1046
f 970 1046 1045
f 971 972 1047
f 971 1047 1046
f 972 973 1048
f 972 1048 1047
f 973 974 1049
f 973 1049 1048
f 974 975 1050
f 974 1050 1049
f 976 977 1052
f 976 1052 1051
f 977 978 1053
f 977 1053 1052
f 978 979 1054
f 978 1054 1053
f 979 980 1055
f 979 1055 1054
f 980 981 1056
f 980 1056 1055
f 981 982 1057
f 981 1057 1056
f 982 983 1058
f 982 1058 1057
f 983 984 1059
f 983 1059 1058
f 984 985 1060
f 984 1060 1059
f 985 986 1061
f 985 1061 1060
f 986 987 1062
f 986 1062 1061
f 987 988 1063
f 987 1063 1062
f 988 989 1064
f 988 1064 1063
f 989 990 1065
f 989 1065 1064
f 990 991 1066
f 990 1066 1065
f 991 992 1067
f 991 1067 1066
f 992 993 1068
f 992 1068 1067
f 993 994 1069
f 993 1069 1068
f 994 995 1070
f 994 1070 1069
f 995 996 1071
f 995 1071 1070
f 996 997 1072
f 996 1072 1071
f 997 998 1073
f 997 1073 1072
f 998 999 1074
f 998 1074 1073
f 999 1000 1075
f 999 1075 1074
f 1000 1001 1076
f 1000 1076 1075
f 1001 1002 1077
f 1001 1077 1076
f 1002 1003 1078
f 1002 1078 1077
f 1003 1004 1079
f 1003 1079 1078
f 1004 1005 1080
f 1004 1080 1079
f 1005 1006 1081
f 1005 1081 1080
f 1006 1007 1082
f 1006 1082 1081
f 1007 1008 1083
f 1007 1083 1082
f 1008 1009 1084
f 1008 1084 1083
f 1009 1010 1085
f 1009 1085 1084
f 1010 1011 1086
f 1010 1086 1085
f 1011 1012 1087
f 1011 1087 1086
f 1012 1013 1088
f 1012 1088 1087
f 1013 1014 1089
f 1013 1089 1088
f 1014 1015 1090
f 1014 1090 1089
f 1015 1016 1091
f 1015 1091 1090
f 1016 1017 1092
f 1016 1092 1091
f 1017 1018 1093
f 1017 1093 1092
f 1018 1019 1094
f 1018 1094 1093
f 1019 1020 1095
f 1019 1095 1094
f 1020 1021 1096
f 1020 1096 1095
f 1021 1022 1097
f 1021 1097 1096
f 1022 1023 1098
f 1022 1098 1097
f 1023 1024 1099
f 1023 1099 1098
f 1024 1025 1100
f 1024 1100 1099
f 1025 1026 1101
f 1025 1101 1100
f 1026 1027 1102
f 1026 1102 1101
f 1027 1028 1103
f 1027 1103 1102
f 1028 1029 1104
f 1028 1104 1103
f 1029 1030 1105
f 1029 1105 1104
f 1030 1031 1106
f 1030 1106 1105
f 1031 1032 1107
f 1031 1107 1106
f 1032 1033 1108
f 1032 1108 1107
f 1033 1034 1109
f 1033 1109 1108
f 1034 1035 1110
f 1034 1110 1109
f 1035 1036 1111
f 1035 1111 1110
f 1036 1037 1112
f 1036 1112 1111
f 1037 1038 1113
f 1037 1113 1112
f 1038 1039 1114
f 1038 1114 1113
f 1039 1040 1115
f 1039 1115 1114
f 1040 1041 1116
f 1040 1116 1115
f 1041 1042 1117
f 1041 1117 1116
f 1042 1043 1118
f 1042 1118 1117
f 1043 1044 1119
f 1043 1119 1118
f 1044 1045 1120
f 1044 1120 1119
f 1045 1046 1121
f 1045 1121 1120
f 1046 1047 1122
f 1046 1122 1121
f 1047 1048 1123
f 1047 1123 1122
f 1048 1049 1124
f 1048 1124 1123
f 1049 1050 1125
f 1049 1125 1124
f 1051 1052 1127
f 1051 1127 1126
f 1052 1053 1128
f 1052 1128 1127
f 1053 1054 1129
f 1053 1129 1128
f 1054 1055 1130
f 1054 1130 1129
f 1055 1056 1131
f 1055 1131 1130
f 1056 1057 1132
f 1056 1132 1131
f 1057 1058 1133
f 1057 1133 1132
f 1058 1059 1134
f 1058 1134 1133
f 1059 1060 1135
f 1059 1135 1134
f 1060 1061 1136
f 1060 1136 1135
f 1061 1062 1137
f 1061 1137 1136
f 1062 1063 1138
f 1062 1138 1137
f 1063 1064 1139
f 1063 1139 1138
f 1064 1065 1140
f 1064 1140 1139
f 1065 1066 1141
f 1065 1141 1140
f 1066 1067 1142
f 1066 1142 1141
f 1067 1068 1143
f 1067 1143 1142
f 1068 1069 1144
f 1068 1144 1143
f 1069 1070 1145
f 1069 1145 1144
f 1070 1071 1146
f 1070 1146 1145
f 1071 1072 1147
f 1071 1147 1146
f 1072 1073 1148
f 1072 1148 1147
f 1073 1074 1149
f 1073 1149 1148
f 1074 1075 1150
f 1074 1150 1149
f 1075 1076 1151
f 1075 1151 1150
f 1076 1077 1152
f 1076 1152 1151
f 1077 1078 1153
f 1077 1153 1152
f 1078 1079 1154
f 1078 1154 1153
f 1079 1080 1155
f 1079 1155 1154
f 1080 1081 1156
f 1080 1156 1155
f 1081 1082 1157
f 1081 1157 1156
f 1082 1083 1158
f 1082 1158 1157
f 1083 1084 1159
f 1083 1159 1158
f 1084 1085 1160
f 1084 1160 1159
f 1085 1086 1161
f 1085 1161 1160
f 1086 1087 1162
f 1086 1162 1161
f 1087 1088 1163
f 1087 1163 1162
f 1088 1089 1164
f 1088 1164 1163
f 1089 1090 1165
f 1089 1165 1164
f 1090 1091 1166
f 1090 1166 1165
f 1091 1092 1167
f 1091 1167 1166
f 1092 1093 1168
f 1092 1168 1167
f 1093 1094 1169
f 1093 1169 1168
f 1094 1095 1170
f 1094 1170 1169
f 1095 1096 1171
f 1095 1171 1170
f 1096 1097 1172
f 1096 1172 1171
f 1097 1098 1173
f 1097 1173 1172
f 1098 1099 1174
f 1098 1174 1173
f 1099 1100 1175
f 1099 1175 1174
f 1100 1101 1176
f 1100 1176 1175
f 1101 1102 1177
f 1101 1177 1176
f 1102 1103 1178
f 1102 1178 1177
f 1103 1104 1179
f 1103 1179 1178
f 1104 1105 1180
f 1104 1180 1179
f 1105 1106 1181
f 1105 1181 1180
f 1106 1107 1182
f 1106 1182 1181
f 1107 1108 1183
f 1107 1183 1182
f 1108 1109 1184
f 1108 1184 1183
f 1109 1110 1185
f 1109 1185 1184
f 1110 1111 1186
f 1110 1186 1185
f 1111 1112 1187
f 1111 1187 1186
f 1112 1113 1188
f 1112 1188 1187
f 1113 1114 1189
f 1113 1189 1188
f 1114 1115 1190
f 1114 1190 1189
f 1115 1116 1191
f 1115 1191 1190
f 1116 1117 1192
f 1116 1192 1191
f 1117 1118 1193
f 1117 1193 1192
f 1118 1119 1194
f 1118 1194 1193
f 1119 1120 1195
f 1119 1195 1194
f 1120 1121 1196
f 1120 1196 1195
f 1121 1122 1197
f 1121 1197 1196
f 1122 1123 1198
f 1122 1198 1197
f 1123 1124 1199
f 1123 1199 1198
f 1124 1125 1200
f 1124 1200 1199
f 1126 1127 1202
f 1126 1202 1201
f 1127 1128 1203
f 1127 1203 1202
f 1128 1129 1204
f 1128 1204 1203
f 1129 1130 1205
f 1129 1205 1204
f 1130 1131 1206
f 1130 1206 1205
f 1131 1132 1207
f 1131 1207 1206
f 1132 1133 1208
f 1132 1208 1207
f 1133 1134 1209
f 1133 1209 1208
f 1134 1135 1210
f 1134 1210 1209
f 1135 1136 1211
f 1135 1211 1210
f 1136 1137 1212
f 1136 1212 1211
f 1137 1138 1213
f 1137 1213 1212
f 1138 1139 1214
f 1138 1214 1213
f 1139 1140 1215
f 1139 1215 1214
f 1140 1141 1216
f 1140 1216 1215
f 1141 1142 1217
f 1141 1217 1216
f 1142 1143 1218
f 1142 1218 1217
f 1143 1144 1219
f 1143 1219 1218
f 1144 1145 1220
f 1144 1220 1219
f 1145 1146 1221
f 1145 1221 1220
f 1146 1147 1222
f 1146 1222 1221
f 1147 1148 1223
f 1147 1223 1222
f 1148 1149 1224
f 1148 1224 1223
f 1149 1150 1225
f 1149 1225 1224
f 1150 1151 1226
f 1150 1226 1225
f 1151 1152 1227
f 1151 1227 1226
f 1152 1153 1228
f 1152 1228 1227
f 1153 1154 1229
f 1153 1229 1228
f 1154 1155 1230
f 1154 1230 1229
f 1155 1156 1231
f 1155 1231 1230
f 1156 1157 1232
f 1156 1232 1231
f 1157 1158 1233
f 1157 1233 1232
f 1158 1159 1234
f 1158 1234 1233
f 1159 1160 1235
f 1159 1235 1234
f 1160 1161 1236
f 1160 1236 1235
f 1161 1162 1237
f 1161 1237 1236
f 1162 1163 1238
f 1162 1238 1237
f 1163 1164 1239
f 1163 1239 1238
f 1164 1165 1240
f 1164 1240 1239
f 1165 1166 1241
f 1165 1241 1240
f 1166 1167 1242
f 1166 1242 1241
f 1167 1168 1243
f 1167 1243 1242
f 1168 1169 1244
f 1168 1244 1243
f 1169 1170 1245
f 1169 1245 1244
f 1170 1171 1246
f 1170 1246 1245
f 1171 1172 1247
f 1171 1247 1246
f 1172 1173 1248
f 1172 1248 1247
f 1173 1174 1249
f 1173 1249 1248
f 1174 1175 1250
f 1174 1250 1249
f 1175 1176 1251
f 1175 1251 1250
f 1176 1177 1252
f 1176 1252 1251
f 1177 1178 1253
f 1177 1253 1252
f 1178 1179 1254
f 1178 1254 1253
f 1179 1180 1255
f 1179 1255 1254
f 1180 1181 1256
f 1180 1256 1255
f 1181 1182 1257
f 1181 1257 1256
f 1182 1183 1258
f 1182 1258 1257
f 1183 1184 1259
f 1183 1259 1258
f 1184 1185 1260
f 1184 1260 1259
f 1185 1186 1261
f 1185 1261 1260
f 1186 1187 1262
f 1186 1262 1261
f 1187 1188 1263
f 1187 1263 1262
f 1188 1189 1264
f 1188 1264 1263
f 1189 1190 1265
f 1189 1265 1264
f 1190 1191 1266
f 1190 1266 1265
f 1191 1192 1267
f 1191 1267 1266
f 1192 1193 1268
f 1192 1268 1267
f 1193 1194 1269
f 1193 1269 1268
f 1194 1195 1270
f 1194 1270 1269
f 1195 1196 1271
f 1195 1271 1270
f 1196 1197 1272
f 1196 1272 1271
f 1197 1198 1273
f 1197 1273 1272
f 1198 1199 1274
f 1198 1274 1273
f 1199 1200 1275
f 1199 1275 1274
f 1201 1202 1277
f 1201 1277 1276
f 1202 1203 1278
f 1202 1278 1277
f 1203 1204 1279
f 1203 1279 1278
f 1204 1205 1280
f 1204 1280 1279
f 1205 1206 1281
f 1205 1281 1280
f 1206 1207 1282
f 1206 1282 1281
f 1207 1208 1283
f 1207 1283 1282
f 1208 1209 1284
f 1208 1284 1283
f 1209 1210 1285
f 1209 1285 1284
f 1210 1211 1286
f 1210 1286 1285
f 1211 1212 1287
f 1211 1287 1286
f 1212 1213 1288
f 1212 1288 1287
f 1213 1214 1289
f 1213 1289 1288
f 1214 1215 1290
f 1214 1290 1289
f 1215 1216 1291
f 1215 1291 1290
f 1216 1217 1292
f 1216 1292 1291
f 1217 1218 1293
f 1217 1293 1292
f 1218 1219 1294
f 1218 1294 1293
f 1219 1220 1295
f 1219 1295 1294
f 1220 1221 1296
f 1220 1296 1295
f 1221 1222 1297
f 1221 1297 1296
f 1222 1223 1298
f 1222 1298 1297
f 1223 1224 1299
f 1223 1299 1298
f 1224 1225 1300
f 1224 1300 1299
f 1225 1226 1301
f 1225 1301 1300
f 1226 1227 1302
f 1226 1302 1301
f 1227 1228 1303
f 1227 1303 1302
f 1228 1229 1304
f 1228 1304 1303
f 1229 1230 1305
f 1229 1305 1304
f 1230 1231 1306
f 1230 1306 1305
f 1231 1232 1307
f 1231 1307 1306
f 1232 1233 1308
f 1232 1308 1307
f 1233 1234 1309
f 1233 1309 1308
f 1234 1235 1310
f 1234 1310 1309
f 1235 1236 1311
f 1235 1311 1310
f 1236 1237 1312
f 1236 1312 1311
f 1237 1238 1313
f 1237 1313 1312
f 1238 1239 1314
f 1238 1314 1313
f 1239 1240 1315
f 1239 1315 1314
f 1240 1241 1316
f 1240 1316 1315
f 1241 1242 1317
f 1241 1317 1316
f 1242 1243 1318
f 1242 1318 1317
f 1243 1244 1319
f 1243 1319 1318
f 1244 1245 1320
f 1244 1320 1319
f 1245 1246 1321
f 1245 1321 1320
f 1246 1247 1322
f 1246 1322 1321
f 1247 1248 1323
f 1247 1323 1322
f 1248 1249 1324
f 1248 1324 1323
f 1249 1250 1325
f 1249 1325 1324
f 1250 1251 1326
f 1250 1326 1325
f 1251 1252 1327
f 1251 1327 1326
f 1252 1253 1328
f 1252 1328 1327
f 1253 1254 1329
f 1253 1329 1328
f 1254 1255 1330
f 1254 1330 1329
f 1255 1256 1331
f 1255 1331 1330
f 1256 1257 1332
f 1256 1332 1331
f 1257 1258 1333
f 1257 1333 1332
f 1258 1259 1334
f 1258 1334 1333
f 1259 1260 1335
f 1259 1335 1334
f 1260 1261 1336
f 1260 1336 1335
f 1261 1262 1337
f 1261 1337 1336
f 1262 1263 1338
f 1262 1338 1337
f 1263 1264 1339
f 1263 1339 1338
f 1264 1265 1340
f 1264 1340 1339
f 1265 1266 1341
f 1265 1341 1340
f 1266 1267 1342
f 1266 1342 1341
f 1267 1268 1343
f 1267 1343 1342
f 1268 1269 1344
f 1268 1344 1343
f 1269 1270 1345
f 1269 1345 1344
f 1270 1271 1346
f 1270 1346 1345
f 1271 1272 1347
f 1271 1347 1346
f 1272 1273 1348
f 1272 1348 1347
f 1273 1274 1349
f 1273 1349 1348
f 1274 1275 1350
f 1274 1350 1349
f 1276 1277 1352
f 1276 1352 1351
f 1277 1278 1353
f 1277 1353 1352
f 1278 1279 1354
f 1278 1354 1353
f 1279 1280 1355
f 1279 1355 1354
f 1280 1281 1356
f 1280 1356 1355
f 1281 1282 1357
f 1281 1357 1356
f 1282 1283 1358
f 1282 1358 1357
f 1283 1284 1359
f 1283 1359 1358
f 1284 1285 1360
f 1284 1360 1359
f 1285 1286 1361
f 1285 1361 1360
f 1286 1287 1362
f 1286 1362 1361
f 1287 1288 1363
f 1287 1363 1362
f 1288 1289 1364
f 1288 1364 1363
f 1289 1290 1365
f 1289 1365 1364
f 1290 1291 1366
f 1290 1366 1365
f 1291 1292 1367
f 1291 1367 1366
f 1292 1293 1368
f 1292 1368 1367
f 1293 1294 1369
f 1293 1369 1368
f 1294 1295 1370
f 1294 1370 1369
f 1295 1296 1371
f 1295 1371 1370
f 1296 1297 1372
f 1296 1372 1371
f 1297 1298 1373
f 1297 1373 1372
f 1298 1299 1374
f 1298 1374 1373
f 1299 1300 1375
f 1299 1375 1374
f 1300 1301 1376
f 1300 1376 1375
f 1301 1302 1377
f 1301 1377 1376
f 1302 1303 1378
f 1302 1378 1377
f 1303 1304 1379
f 1303 1379 1378
f 1304 1305 1380
f 1304 1380 1379
f 1305 1306 1381
f 1305 1381 1380
f 1306 1307 1382
f 1306 1382 1381
f 1307 1308 1383
f 1307 1383 1382
f 1308 1309 1384
f 1308 1384 1383
f 1309 1310 1385
f 1309 1385 1384
f 1310 1311 1386
f 1310 1386 1385
f 1311 1312 1387
f 1311 1387 1386
f 1312 1313 1388
f 1312 1388 1387
f 1313 1314 1389
f 1313 1389 1388
f 1314 1315 1390
f 1314 1390 1389
f 1315 1316 1391
f 1315 1391 1390
f 1316 1317 1392
f 1316 1392 1391
f 1317 1318 1393
f 1317 1393 1392
f 1318 1319 1394
f 1318 1394 1393
f 1319 1320 1395
f 1319 1395 1394
f 1320 1321 1396
f 1320 1396 1395
f 1321 1322 1397
f 1321 1397 1396
f 1322 1323 1398
f 1322 1398 1397
f 1323 1324 1399
f 1323 1399 1398
f 1324 1325 1400
f 1324 1400 1399
f 1325 1326 1401
f 1325 1401 1400
f 1326 1327 1402
f 1326 1402 1401
f 1327 1328 1403
f 1327 1403 1402
f 1328 1329 1404
f 1328 1404 1403
f 1329 1330 1405
f 1329 1405 1404
f 1330 1331 1406
f 1330 1406 1405
f 1331 1332 1407
f 1331 1407 1406
f 1332 1333 1408
f 1332 1408 1407
f 1333 1334 1409
f 1333 1409 1408
f 1334 1335 1410
f 1334 1410 1409
f 1335 1336 1411
f 1335 1411 1410
f 1336 1337 1412
f 1336 1412 1411
f 1337 1338 1413
f 1337 1413 1412
f 1338 1339 1414
f 1338 1414 1413
f 1339 1340 1415
f 1339 1415 1414
f 1340 1341 1416
f 1340 1416 1415
f 1341 1342 1417
f 1341 1417 1416
f 1342 1343 1418
f 1342 1418 1417
f 1343 1344 1419
f 1343 1419 1418
f 1344 1345 1420
f 1344 1420 1419
f 1345 1346 1421
f 1345 1421 1420
f 1346 1347 1422
f 1346 1422 1421
f 1347 1348 1423
f 1347 1423 1422
f 1348 1349 1424
f 1348 1424 1423
f 1349 1350 1425
f 1349 1425 1424
f 1351 1352 1427
f 1351 1427 1426
f 1352 1353 1428
f 1352 1428 1427
f 1353 1354 1429
f 1353 1429 1428
f 1354 1355 1430
f 1354 1430 1429
f 1355 1356 1431
f 1355 1431 1430
f 1356 1357 1432
f 1356 1432 1431
f 1357 1358 1433
f 1357 1433 1432
f 1358 1359 1434
f 1358 1434 1433
f 1359 1360 1435
f 1359 1435 1434
f 1360 1361 1436
f 1360 1436 1435
f 1361 1362 1437
f 1361 1437 1436
f 1362 1363 1438
f 1362 1438 1437
f 1363 1364 1439
f 1363 1439 1438
f 1364 1365 1440
f 1364 1440 1439
f 1365 1366 1441
f 1365 1441 1440
f 1366 1367 1442
f 1366 1442 1441
f 1367 1368 1443
f 1367 1443 1442
f 1368 1369 1444
f 1368 1444 1443
f 1369 1370 1445
f 1369 1445 1444
f 1370 1371 1446
f 1370 1446 1445
f 1371 1372 1447
f 1371 1447 1446
f 1372 1373 1448
f 1372 1448 1447
f 1373 1374 1449
f 1373 1449 1448
f 1374 1375 1450
f 1374 1450 1449
f 1375 1376 1451
f 1375 1451 1450
f 1376 1377 1452
f 1376 1452 1451
f 1377 1378 1453
f 1377 1453 1452
f 1378 1379 1454
f 1378 1454 1453
f 1379 1380 1455
f 1379 1455 1454
f 1380 1381 1456
f 1380 1456 1455
f 1381 1382 1457
f 1381 1457 1456
f 1382 1383 1458
f 1382 1458 1457
f 1383 1384 1459
f 1383 1459 1458
f 1384 1385 1460
f 1384 1460 1459
f 1385 1386 1461
f 1385 1461 1460
f 1386 1387 1462
f 1386 1462 1461
f 1387 1388 1463
f 1387 1463 1462
f 1388 1389 1464
f 1388 1464 1463
f 1389 1390 1465
f 1389 1465 1464
f 1390 1391 1466
f 1390 1466 1465
f 1391 1392 1467
f 1391 1467 1466
f 1392 1393 1468
f 1392 1468 1467
f 1393 1394 1469
f 1393 1469 1468
f 1394 1395 1470
f 1394 1470 1469
f 1395 1396 1471
f 1395 1471 1470
f 1396 1397 1472
f 1396 1472 1471
f 1397 1398 1473
f 1397 1473 1472
f 1398 1399 1474
f 1398 1474 1473
f 1399 1400 1475
f 1399 1475 1474
f 1400 1401 1476
f 1400 1476 1475
f 1401 1402 1477
f 1401 1477 1476
f 1402 1403 1478
f 1402 1478 1477
f 1403 1404 1479
f 1403 1479 1478
f 1404 1405 1480
f 1404 1480 1479
f 1405 1406 1481
f 1405 1481 1480
f 1406 1407 1482
f 1406 1482 1481
f 1407 1408 1483
f 1407 1483 1482
f 1408 1409 1484
f 1408 1484 1483
f 1409 1410 1485
f 1409 1485 1484
f 1410 1411 1486
f 1410 1486 1485
f 1411 1412 1487
f 1411 1487 1486
f 1412 1413 1488
f 1412 1488 1487
f 1413 1414 1489
f 1413 1489 1488
f 1414 1415 1490
f 1414 1490 1489
f 1415 1416 1491
f 1415 1491 1490
f 1416 1417 1492
f 1416 1492 1491
f 1417 1418 1493
f 1417 1493 1492
f 1418 1419 1494
f 1418 1494 1493
f 1419 1420 1495
f 1419 1495 1494
f 1420 1421 1496
f 1420 1496 1495
f 1421 1422 1497
f 1421 1497 1496
f 1422 1423 1498
f 1422 1498 1497
f 1423 1424 1499
f 1423 1499 1498
f 1424 1425 1500
f 1424 1500 1499
f 1426 1427 1502
f 1426 1502 1501
f 1427 1428 1503
f 1427 1503 1502
f 1428 1429 1504
f 1428 1504 1503
f 1429 1430 1505
f 1429 1505 1504
f 1430 1431 1506
f 1430 1506 1505
f 1431 1432 1507
f 1431 1507 1506
f 1432 1433 1508
f 1432 1508 1507
f 1433 1434 1509
f 1433 1509 1508
f 1434 1435 1510
f 1434 1510 1509
f 1435 1436 1511
f 1435 1511 1510
f 1436 1437 1512
f 1436 1512 1511
f 1437 1438 1513
f 1437 1513 1512
f 1438 1439 1514
f 1438 1514 1513
f 1439 1440 1515
f 1439 1515 1514
f 1440 1441 1516
f 1440 1516 1515
f 1441 1442 1517
f 1441 1517 1516
f 1442 1443 1518
f 1442 1518 1517
f 1443 1444 1519
f 1443 1519 1518
f 1444 1445 1520
f 1444 1520 1519
f 1445 1446 1521
f 1445 1521 1520
f 1446 1447 1522
f 1446 1522 1521
f 1447 1448 1523
f 1447 1523 1522
f 1448 1449 1524
f 1448 1524 1523
f 1449 1450 1525
f 1449 1525 1524
f 1450 1451 1526
f 1450 1526 1525
f 1451 1452 1527
f 1451 1527 1526
f 1452 1453 1528
f 1452 1528 1527
f 1453 1454 1529
f 1453 1529 1528
f 1454 1455 1530
f 1454 1530 1529
f 1455 1456 1531
f 1455 1531 1530
f 1456 1457 1532
f 1456 1532 1531
f 1457 1458 1533
f 1457 1533 1532
f 1458 1459 1534
f 1458 1534 1533
f 1459 1460 1535
f 1459 1535 1534
f 1460 1461 1536
f 1460 1536 1535
f 1461 1462 1537
f 1461 1537 1536
f 1462 1463 1538
f 1462 1538 1537
f 1463 1464 1539
f 1463 1539 1538
f 1464 1465 1540
f 1464 1540 1539
f 1465 1466 1541
f 1465 1541 1540
f 1466 1467 1542
f 1466 1542 1541
f 1467 1468 1543
f 1467 1543 1542
f 1468 1469 1544
f 1468 1544 1543
f 1469 1470 1545
f 1469 1545 1544
f 1470 1471 1546
f 1470 1546 1545
f 1471 1472 1547
f 1471 1547 1546
f 1472 1473 1548
f 1472 1548 1547
f 1473 1474 1549
f 1473 1549 1548
f 1474 1475 1550
f 1474 1550 1549
f 1475 1476 1551
f 1475 1551 1550
f 1476 1477 1552
f 1476 1552 1551
f 1477 1478 1553
f 1477 1553 1552
f 1478 1479 1554
f 1478 1554 1553
f 1479 1480 1555
f 1479 1555 1554
f 1480 1481 1556
f 1480 1556 1555
f 1481 1482 1557
f 1481 1557 1556
f 1482 1483 1558
f 1482 1558 1557
f 1483 1484 1559
f 1483 1559 1558
f 1484 1485 1560
f 1484 1560 1559
f 1485 1486 1561
f 1485 1561 1560
f 1486 1487 1562
f 1486 1562 1561
f 1487 1488 1563
f 1487 1563 1562
f 1488 1489 1564
f 1488 1564 1563
f 1489 1490 1565
f 1489 1565 1564
f 1490 1491 1566
f 1490 1566 1565
f 1491 1492 1567
f 1491 1567 1566
f 1492 1493 1568
f 1492 1568 1567
f 1493 1494 1569
f 1493 1569 1568
f 1494 1495 1570
f 1494 1570 1569
f 1495 1496 1571
f 1495 1571 1570
f 1496 1497 1572
f 1496 1572 1571
f 1497 1498 1573
f 1497 1573 1572
f 1498 1499 1574
f 1498 1574 1573
f 1499 1500 1575
f 1499 1575 1574
f 1501 1502 1577
f 1501 1577 1576
f 1502 1503 1578
f 1502 1578 1577
f 1503 1504 1579
f 1503 1579 1578
f 1504 1505 1580
f 1504 1580 1579
f 1505 1506 1581
f 1505 1581 1580
f 1506 1507 1582
f 1506 1582 1581
f 1507 1508 1583
f 1507 1583 1582
f 1508 1509 1584
f 1508 1584 1583
f 1509 1510 1585
f 1509 1585 1584
f 1510 1511 1586
f 1510 1586 1585
f 1511 1512 1587
f 1511 1587 1586
f 1512 1513 1588
f 1512 1588 1587
f 1513 1514 1589
f 1513 1589 1588
f 1514 1515 1590
f 1514 1590 1589
f 1515 1516 1591
f 1515 1591 1590
f 1516 1517 1592
f 1516 1592 1591
f 1517 1518 1593
f 1517 1593 1592
f 1518 1519 1594
f 1518 1594 1593
f 1519 1520 1595
f 1519 1595 1594
f 1520 1521 1596
f 1520 1596 1595
f 1521 1522 1597
f 1521 1597 1596
f 1522 1523 1598
f 1522 1598 1597
f 1523 1524 1599
f 1523 1599 1598
f 1524 1525 1600
f 1524 1600 1599
f 1525 1526 1601
f 1525 1601 1600
f 1526 1527 1602
f 1526 1602 1601
f 1527 1528 1603
f 1527 1603 1602
f 1528 1529 1604
f 1528 1604 1603
f 1529 1530 1605
f 1529 1605 1604
f 1530 1531 1606
f 1530 1606 1605
f 1531 1532 1607
f 1531 1607 1606
f 1532 1533 1608
f 1532 1608 1607
f 1533 1534 1609
f 1533 1609 1608
f 1534 1535 1610
f 1534 1610 1609
f 1535 1536 1611
f 1535 1611 1610
f 1536 1537 1612
f 1536 1612 1611
f 1537 1538 1613
f 1537 1613 1612
f 1538 1539 1614
f 1538 1614 1613
f 1539 1540 1615
f 1539 1615 1614
f 1540 1541 1616
f 1540 1616 1615
f 1541 1542 1617
f 1541 1617 1616
f 1542 1543 1618
f 1542 1618 1617
f 1543 1544 1619
f 1543 1619 1618
f 1544 1545 1620
f 1544 1620 1619
f 1545 1546 1621
f 1545 1621 1620
f 1546 1547 1622
f 1546 1622 1621
f 1547 1548 1623
f 1547 1623 1622
f 1548 1549 1624
f 1548 1624 1623
f 1549 1550 1625
f 1549 1625 1624
f 1550 1551 1626
f 1550 1626 1625
f 1551 1552 1627
f 1551 1627 1626
f 1552 1553 1628
f 1552 1628 1627
f 1553 1554 1629
f 1553 1629 1628
f 1554 1555 1630
f 1554 1630 1629
f 1555 1556 1631
f 1555 1631 1630
f 1556 1557 1632
f 1556 1632 1631
f 1557 1558 1633
f 1557 1633 1632
f 1558 1559 1634
f 1558 1634 1633
f 1559 1560 1635
f 1559 1635 1634
f 1560 1561 1636
f 1560 1636 1635
f 1561 1562 1637
f 1561 1637 1636
f 1562 1563 1638
f 1562 1638 1637
f 1563 1564 1639
f 1563 1639 1638
f 1564 1565 1640
f 1564 1640 1639
f 1565 1566 1641
f 1565 1641 1640
f 1566 1567 1642
f 1566 1642 1641
f 1567 1568 1643
f 1567 1643 1642
f 1568 1569 1644
f 1568 1644 1643
f 1569 1570 1645
f 1569 1645 1644
f 1570 1571 1646
f 1570 1646 1645
f 1571 1572 1647
f 1571 1647 1646
f 1572 1573 1648
f 1572 1648 1647
f 1573 1574 1649
f 1573 1649 1648
f 1574 1575 1650
f 1574 1650 1649
f 1576 1577 1652
f 1576 1652 1651
f 1577 1578 1653
f 1577 1653 1652
f 1578 1579 1654
f 1578 1654 1653
f 1579 1580 1655
f 1579 1655 1654
f 1580 1581 1656
f 1580 1656 1655
f 1581 1582 1657
f 1581 1657 1656
f 1582 1583 1658
f 1582 1658 1657
f 1583 1584 1659
f 1583 1659 1658
f 1584 1585 1660
f 1584 1660 1659
f 1585 1586 1661
f 1585 1661 1660
f 1586 1587 1662
f 1586 1662 1661
f 1587 1588 1663
f 1587 1663 1662
f 1588 1589 1664
f 1588 1664 1663
f 1589 1590 1665
f 1589 1665 1664
f 1590 1591 1666
f 1590 1666 1665
f 1591 1592 1667
f 1591 1667 1666
f 1592 1593 1668
f 1592 1668 1667
f 1593 1594 1669
f 1593 1669 1668
f 1594 1595 1670
f 1594 1670 1669
f 1595 1596 1671
f 1595 1671 1670
f 1596 1597 1672
f 1596 1672 1671
f 1597 1598 1673
f 1597 1673 1672
f 1598 1599 1674
f 1598 1674 1673
f 1599 1600 1675
f 1599 1675 1674
f 1600 1601 1676
f 1600 1676 1675
f 1601 1602 1677
f 1601 1677 1676
f 1602 1603 1678
f 1602 1678 1677
f 1603 1604 1679
f 1603 1679 1678
f 1604 1605 1680
f 1604 1680 1679
f 1605 1606 1681
f 1605 1681 1680
f 1606 1607 1682
f 1606 1682 1681
f 1607 1608 1683
f 1607 1683 1682
f 1608 1609 1684
f 1608 1684 1683
f 1609 1610 1685
f 1609 1685 1684
f 1610 1611 1686
f 1610 1686 1685
f 1611 1612 1687
f 1611 1687 1686
f 1612 1613 1688
f 1612 1688 1687
f 1613 1614 1689
f 1613 1689 1688
f 1614 1615 1690
f 1614 1690 1689
f 1615 1616 1691
f 1615 1691 1690
f 1616 1617 1692
f 1616 1692 1691
f 1617 1618 1693
f 1617 1693 1692
f 1618 1619 1694
f 1618 1694 1693
f 1619 1620 1695
f 1619 1695 1694
f 1620 1621 1696
f 1620 1696 1695
f 1621 1622 1697
f 1621 1697 1696
f 1622 1623 1698
f 1622 1698 1697
f 1623 1624 1699
f 1623 1699 1698
f 1624 1625 1700
f 1624 1700 1699
f 1625 1626 1701
f 1625 1701 1700
f 1626 1627 1702
f 1626 1702 1701
f 1627 1628 1703
f 1627 1703 1702
f 1628 1629 1704
f 1628 1704 1703
f 1629 1630 1705
f 1629 1705 1704
f 1630 1631 1706
f 1630 1706 1705
f 1631 1632 1707
f 1631 1707 1706
f 1632 1633 1708
f 1632 1708 1707
f 1633 1634 1709
f 1633 1709 1708
f 1634 1635 1710
f 1634 1710 1709
f 1635 1636 1711
f 1635 1711 1710
f 1636 1637 1712
f 1636 1712 1711
f 1637 1638 1713
f 1637 1713 1712
f 1638 1639 1714
f 1638 1714 1713
f 1639 1640 1715
f 1639 1715 1714
f 1640 1641 1716
f 1640 1716 1715
f 1641 1642 1717
f 1641 1717 1716
f 1642 1643 1718
f 1642 1718 1717
f 1643 1644 1719
f 1643 1719 1718
f 1644 1645 1720
f 1644 1720 1719
f 1645 1646 1721
f 1645 1721 1720
f 1646 1647 1722
f 1646 1722 1721
f 1647 1648 1723
f 1647 1723 1722
f 1648 1649 1724
f 1648 1724 1723
f 1649 1650 1725
f 1649 1725 1724
f 1651 1652 1727
f 1651 1727 1726
f 1652 1653 1728
f 1652 1728 1727
f 1653 1654 1729
f 1653 1729 1728
f 1654 1655 1730
f 1654 1730 1729
f 1655 1656 1731
f 1655 1731 1730
f 1656 1657 1732
f 1656 1732 1731
f 1657 1658 1733
f 1657 1733 1732
f 1658 1659 1734
f 1658 1734 1733
f 1659 1660 1735
f 1659 1735 1734
f 1660 1661 1736
f 1660 1736 1735
f 1661 1662 1737
f 1661 1737 1736
f 1662 1663 1738
f 1662 1738 1737
f 1663 1664 1739
f 1663 1739 1738
f 1664 1665 1740
f 1664 1740 1739
f 1665 1666 1741
f 1665 1741 1740
f 1666 1667 1742
f 1666 1742 1741
f 1667 1668 1743
f 1667 1743 1742
f 1668 1669 1744
f 1668 1744 1743
f 1669 1670 1745
f 1669 1745 1744
f 1670 1671 1746
f 1670 1746 1745
f 1671 1672 1747
f 1671 1747 1746
f 1672 1673 1748
f 1672 1748 1747
f 1673 1674 1749
f 1673 1749 1748
f 1674 1675 1750
f 1674 1750 1749
f 1675 1676 1751
f 1675 1751 1750
f 1676 1677 1752
f 1676 1752 1751
f 1677 1678 1753
f 1677 1753 1752
f 1678 1679 1754
f 1678 1754 1753
f 1679 1680 1755
f 1679 1755 1754
f 1680 1681 1756
f 1680 1756 1755
f 1681 1682 1757
f 1681 1757 1756
f 1682 1683 1758
f 1682 1758 1757
f 1683 1684 1759
f 1683 1759 1758
f 1684 1685 1760
f 1684 1760 1759
f 1685 1686 1761
f 1685 1761 1760
f 1686 1687 1762
f 1686 1762 1761
f 1687 1688 1763
f 1687 1763 1762
f 1688 1689 1764
f 1688 1764 1763
f 1689 1690 1765
f 1689 1765 1764
f 1690 1691 1766
f 1690 1766 1765
f 1691 1692 1767
f 1691 1767 1766
f 1692 1693 1768
f 1692 1768 1767
f 1693 1694 1769
f 1693 1769 1768
f 1694 1695 1770
f 1694 1770 1769
f 1695 1696 1771
f 1695 1771 1770
f 1696 1697 1772
f 1696 1772 1771
f 1697 1698 1773
f 1697 1773 1772
f 1698 1699 1774
f 1698 1774 1773
f 1699 1700 1775
f 1699 1775 1774
f 1700 1701 1776
f 1700 1776 1775
f 1701 1702 1777
f 1701 1777 1776
f 1702 1703 1778
f 1702 1778 1777
f 1703 1704 1779
f 1703 1779 1778
f 1704 1705 1780
f 1704 1780 1779
f 1705 1706 1781
f 1705 1781 1780
f 1706 1707 1782
f 1706 1782 1781
f 1707 1708 1783
f 1707 1783 1782
f 1708 1709 1784
f 1708 1784 1783
f 1709 1710 1785
f 1709 1785 1784
f 1710 1711 1786
f 1710 1786 1785
f 1711 1712 1787
f 1711 1787 1786
f 1712 1713 1788
f 1712 1788 1787
f 1713 1714 1789
f 1713 1789 1788
f 1714 1715 1790
f 1714 1790 1789
f 1715 1716 1791
f 1715 1791 1790
f 1716 1717 1792
f 1716 1792 1791
f 1717 1718 1793
f 1717 1793 1792
f 1718 1719 1794
f 1718 1794 1793
f 1719 1720 1795
f 1719 1795 1794
f 1720 1721 1796
f 1720 1796 1795
f 1721 1722 1797
f 1721 1797 1796
f 1722 1723 1798
f 1722 1798 1797
f 1723 1724 1799
f 1723 1799 1798
f 1724 1725 1800
f 1724 1800 1799
f 1726 1727 1802
f 1726 1802 1801
f 1727 1728 1803
f 1727 1803 1802
f 1728 1729 1804
f 1728 1804 1803
f 1729 1730 1805
f 1729 1805 1804
f 1730 1731 1806
f 1730 1806 1805
f 1731 1732 1807
f 1731 1807 1806
f 1732 1733 1808
f 1732 1808 1807
f 1733 1734 1809
f 1733 1809 1808
f 1734 1735 1810
f 1734 1810 1809
f 1735 1736 1811
f 1735 1811 1810
f 1736 1737 1812
f 1736 1812 1811
f 1737 1738 1813
f 1737 1813 1812
f 1738 1739 1814
f 1738 1814 1813
f 1739 1740 1815
f 1739 1815 1814
f 1740 1741 1816
f 1740 1816 1815
f 1741 1742 1817
f 1741 1817 1816
f 1742 1743 1818
f 1742 1818 1817
f 1743 1744 1819
f 1743 1819 1818
f 1744 1745 1820
f 1744 1820 1819
f 1745 1746 1821
f 1745 1821 1820
f 1746 1747 1822
f 1746 1822 1821
f 1747 1748 1823
f 1747 1823 1822
f 1748 1749 1824
f 1748 1824 1823
f 1749 1750 1825
f 1749 1825 1824
f 1750 1751 1826
f 1750 1826 1825
f 1751 1752 1827
f 1751 1827 1826
f 1752 1753 1828
f 1752 1828 1827
f 1753 1754 1829
f 1753 1829 1828
f 1754 1755 1830
f 1754 1830 1829
f 1755 1756 1831
f 1755 1831 1830
f 1756 1757 1832
f 1756 1832 1831
f 1757 1758 1833
f 1757 1833 1832
f 1758 1759 1834
f 1758 1834 1833
f 1759 1760 1835
f 1759 1835 1834
f 1760 1761 1836
f 1760 1836 1835
f 1761 1762 1837
f 1761 1837 1836
f 1762 1763 1838
f 1762 1838 1837
f 1763 1764 1839
f 1763 1839 1838
f 1764 1765 1840
f 1764 1840 1839
f 1765 1766 1841
f 1765 1841 1840
f 1766 1767 1842
f 1766 1842 1841
f 1767 1768 1843
f 1767 1843 1842
f 1768 1769 1844
f 1768 1844 1843
f 1769 1770 1845
f 1769 1845 1844
f 1770 1771 1846
f 1770 1846 1845
f 1771 1772 1847
f 1771 1847 1846
f 1772 1773 1848
f 1772 1848 1847
f 1773 1774 1849
f 1773 1849 1848
f 1774 1775 1850
f 1774 1850 1849
f 1775 1776 1851
f 1775 1851 1850
f 1776 1777 1852
f 1776 1852 1851
f 1777 1778 1853
f 1777 1853 1852
f 1778 1779 1854
f 1778 1854 1853
f 1779 1780 1855
f 1779 1855 1854
f 1780 1781 1856
f 1780 1856 1855
f 1781 1782 1857
f 1781 1857 1856
f 1782 1783 1858
f 1782 1858 1857
f 1783 1784 1859
f 1783 1859 1858
f 1784 1785 1860
f 1784 1860 1859
f 1785 1786 1861
f 1785 1861 1860
f 1786 1787 1862
f 1786 1862 1861
f 1787 1788 1863
f 1787 1863 1862
f 1788 1789 1864
f 1788 1864 1863
f 1789 1790 1865
f 1789 1865 1864
f 1790 1791 1866
f 1790 1866 1865
f 1791 1792 1867
f 1791 1867 1866
f 1792 1793 1868
f 1792 1868 1867
f 1793 1794 1869
f 1793 1869 1868
f 1794 1795 1870
f 1794 1870 1869
f 1795 1796 1871
f 1795 1871 1870
f 1796 1797 1872
f 1796 1872 1871
f 1797 1798 1873
f 1797 1873 1872
f 1798 1799 1874
f 1798 1874 1873
f 1799 1800 1875
f 1799 1875 1874
f 1801 1802 1877
f 1801 1877 1876
f 1802 1803 1878
f 1802 1878 1877
f 1803 1804 1879
f 1803 1879 1878
f 1804 1805 1880
f 1804 1880 1879
f 1805 1806 1881
f 1805 1881 1880
f 1806 1807 1882
f 1806 1882 1881
f 1807 1808 1883
f 1807 1883 1882
f 1808 1809 1884
f 1808 1884 1883
f 1809 1810 1885
f 1809 1885 1884
f 1810 1811 1886
f 1810 1886 1885
f 1811 1812 1887
f 1811 1887 1886
f 1812 1813 1888
f 1812 1888 1887
f 1813 1814 1889
f 1813 1889 1888
f 1814 1815 1890
f 1814 1890 1889
f 1815 1816 1891
f 1815 1891 1890
f 1816 1817 1892
f 1816 1892 1891
f 1817 1818 1893
f 1817 1893 1892
f 1818 1819 1894
f 1818 1894 1893
f 1819 1820 1895
f 1819 1895 1894
f 1820 1821 1896
f 1820 1896 1895
f 1821 1822 1897
f 1821 1897 1896
f 1822 1823 1898
f 1822 1898 1897
f 1823 1824 1899
f 1823 1899 1898
f 1824 1825 1900
f 1824 1900 1899
f 1825 1826 1901
f 1825 1901 1900
f 1826 1827 1902
f 1826 1902 1901
f 1827 1828 1903
f 1827 1903 1902
f 1828 1829 1904
f 1828 1904 1903
f 1829 1830 1905
f 1829 1905 1904
f 1830 1831 1906
f 1830 1906 1905
f 1831 1832 1907
f 1831 1907 1906
f 1832 1833 1908
f 1832 1908 1907
f 1833 1834 1909
f 1833 1909 1908
f 1834 1835 1910
f 1834 1910 1909
f 1835 1836 1911
f 1835 1911 1910
f 1836 1837 1912
f 1836 1912 1911
f 1837 1838 1913
f 1837 1913 1912
f 1838 1839 1914
f 1838 1914 1913
f 1839 1840 1915
f 1839 1915 1914
f 1840 1841 1916
f 1840 1916 1915
f 1841 1842 1917
f 1841 1917 1916
f 1842 1843 1918
f 1842 1918 1917
f 1843 1844 1919
f 1843 1919 1918
f 1844 1845 1920
f 1844 1920 1919
f 1845 1846 1921
f 1845 1921 1920
f 1846 1847 1922
f 1846 1922 1921
f 1847 1848 1923
f 1847 1923 1922
f 1848 1849 1924
f 1848 1924 1923
f 1849 1850 1925
f 1849 1925 1924
f 1850 1851 1926
f 1850 1926 1925
f 1851 1852 1927
f 1851 1927 1926
f 1852 1853 1928
f 1852 1928 1927
f 1853 1854 1929
f 1853 1929 1928
f 1854 1855 1930
f 1854 1930 1929
f 1855 1856 1931
f 1855 1931 1930
f 1856 1857 1932
f 1856 1932 1931
f 1857 1858 1933
f 1857 1933 1932
f 1858 1859 1934
f 1858 1934 1933
f 1859 1860 1935
f 1859 1935 1934
f 1860 1861 1936
f 1860 1936 1935
f 1861 1862 1937
f 1861 1937 1936
f 1862 1863 1938
f 1862 1938 1937
f 1863 1864 1939
f 1863 1939 1938
f 1864 1865 1940
f 1864 1940 1939
f 1865 1866 1941
f 1865 1941 1940
f 1866 1867 1942
f 1866 1942 1941
f 1867 1868 1943
f 1867 1943 1942
f 1868 1869 1944
f 1868 1944 1943
f 1869 1870 1945
f 1869 1945 1944
f 1870 1871 1946
f 1870 1946 1945
f 1871 1872 1947
f 1871 1947 1946
f 1872 1873 1948
f 1872 1948 1947
f 1873 1874 1949
f 1873 1949 1948
f 1874 1875 1950
f 1874 1950 1949
f 1876 1877 1952
f 1876 1952 1951
f 1877 1878 1953
f 1877 1953 1952
f 1878 1879 1954
f 1878 1954 1953
f 1879 1880 1955
f 1879 1955 1954
f 1880 1881 1956
f 1880 1956 1955
f 1881 1882 1957
f 1881 1957 1956
f 1882 1883 1958
f 1882 1958 1957
f 1883 1884 1959
f 1883 1959 1958
f 1884 1885 1960
f 1884 1960 1959
f 1885 1886 1961
f 1885 1961 1960
f 1886 1887 1962
f 1886 1962 1961
f 1887 1888 1963
f 1887 1963 1962
f 1888 1889 1964
f 1888 1964 1963
f 1889 1890 1965
f 1889 1965 1964
f 1890 1891 1966
f 1890 1966 1965
f 1891 1892 1967
f 1891 1967 1966
f 1892 1893 1968
f 1892 1968 1967
f 1893 1894 1969
f 1893 1969 1968
f 1894 1895 1970
f 1894 1970 1969
f 1895 1896 1971
f 1895 1971 1970
f 1896 1897 1972
f 1896 1972 1971
f 1897 1898 1973
f 1897 1973 1972
f 1898 1899 1974
f 1898 1974 1973
f 1899 1900 1975
f 1899 1975 1974
f 1900 1901 1976
f 1900 1976 1975
f 1901 1902 1977
f 1901 1977 1976
f 1902 1903 1978
f 1902 1978 1977
f 1903 1904 1979
f 1903 1979 1978
f 1904 1905 1980
f 1904 1980 1979
f 1905 1906 1981
f 1905 1981 1980
f 1906 1907 1982
f 1906 1982 1981
f 1907 1908 1983
f 1907 1983 1982
f 1908 1909 1984
f 1908 1984 1983
f 1909 1910 1985
f 1909 1985 1984
f 1910 1911 1986
f 1910 1986 1985
f 1911 1912 1987
f 1911 1987 1986
f 1912 1913 1988
f 1912 1988 1987
f 1913 1914 1989
f 1913 1989 1988
f 1914 1915 1990
f 1914 1990 1989
f 1915 1916 1991
f 1915 1991 1990
f 1916 1917 1992
f 1916 1992 1991
f 1917 1918 1993
f 1917 1993 1992
f 1918 1919 1994
f 1918 1994 1993
f 1919 1920 1995
f 1919 1995 1994
f 1920 1921 1996
f 1920 1996 1995
f 1921 1922 1997
f 1921 1997 1996
f 1922 1923 1998
f 1922 1998 1997
f 1923 1924 1999
f 1923 1999 1998
f 1924 1925 2000
f 1924 2000 1999
f 1925 1926 2001
f 1925 2001 2000
f 1926 1927 2002
f 1926 2002 2001
f 1927 1928 2003
f 1927 2003 2002
f 1928 1929 2004
f 1928 2004 2003
f 1929 1930 2005
f 1929 2005 2004
f 1930 1931 2006
f 1930 2006 2005
f 1931 1932 2007
f 1931 2007 2006
f 1932 1933 2008
f 1932 2008 2007
f 1933 1934 2009
f 1933 2009 2008
f 1934 1935 2010
f 1934 2010 2009
f 1935 1936 2011
f 1935 2011 2010
f 1936 1937 2012
f 1936 2012 2011
f 1937 1938 2013
f 1937 2013 2012
f 1938 1939 2014
f 1938 2014 2013
f 1939 1940 2015
f 1939 2015 2014
f 1940 1941 2016
f 1940 2016 2015
f 1941 1942 2017
f 1941 2017 2016
f 1942 1943 2018
f 1942 2018 2017
f 1943 1944 2019
f 1943 2019 2018
f 1944 1945 2020
f 1944 2020 2019
f 1945 1946 2021
f 1945 2021 2020
f 1946 1947 2022
f 1946 2022 2021
f 1947 1948 2023
f 1947 2023 2022
f 1948 1949 2024
f 1948 2024 2023
f 1949 1950 2025
f 1949 2025 2024
f 1951 1952 2027
f 1951 2027 2026
f 1952 1953 2028
f 1952 2028 2027
f 1953 1954 2029
f 1953 2029 2028
f 1954 1955 2030
f 1954 2030 2029
f 1955 1956 2031
f 1955 2031 2030
f 1956 1957 2032
f 1956 2032 2031
f 1957 1958 2033
f 1957 2033 2032
f 1958 1959 2034
f 1958 2034 2033
f 1959 1960 2035
f 1959 2035 2034
f 1960 1961 2036
f 1960 2036 2035
f 1961 1962 2037
f 1961 2037 2036
f 1962 1963 2038
f 1962 2038 2037
f 1963 1964 2039
f 1963 2039 2038
f 1964 1965 2040
f 1964 2040 2039
f 1965 1966 2041
f 1965 2041 2040
f 1966 1967 2042
f 1966 2042 2041
f 1967 1968 2043
f 1967 2043 2042
f 1968 1969 2044
f 1968 2044 2043
f 1969 1970 2045
f 1969 2045 2044
f 1970 1971 2046
f 1970 2046 2045
f 1971 1972 2047
f 1971 2047 2046
f 1972 1973 2048
f 1972 2048 2047
f 1973 1974 2049
f 1973 2049 2048
f 1974 1975 2050
f 1974 2050 2049
f 1975 1976 2051
f 1975 2051 2050
f 1976 1977 2052
f 1976 2052 2051
f 1977 1978 2053
f 1977 2053 2052
f 1978 1979 2054
f 1978 2054 2053
f 1979 1980 2055
f 1979 2055 2054
f 1980 1981 2056
f 1980 2056 2055
f 1981 1982 2057
f 1981 2057 2056
f 1982 1983 2058
f 1982 2058 2057
f 1983 1984 2059
f 1983 2059 2058
f 1984 1985 2060
f 1984 2060 2059
f 1985 1986 2061
f 1985 2061 2060
f 1986 1987 2062
f 1986 2062 2061
f 1987 1988 2063
f 1987 2063 2062
f 1988 1989 2064
f 1988 2064 2063
f 1989 1990 2065
f 1989 2065 2064
f 1990 1991 2066
f 1990 2066 2065
f 1991 1992 2067
f 1991 2067 2066
f 1992 1993 2068
f 1992 2068 2067
f 1993 1994 2069
f 1993 2069 2068
f 1994 1995 2070
f 1994 2070 2069
f 1995 1996 2071
f 1995 2071 2070
f 1996 1997 2072
f 1996 2072 2071
f 1997 1998 2073
f 1997 2073 2072
f 1998 1999 2074
f 1998 2074 2073
f 1999 2000 2075
f 1999 2075 2074
f 2000 2001 2076
f 2000 2076 2075
f 2001 2002 2077
f 2001 2077 2076
f 2002 2003 2078
f 2002 2078 2077
f 2003 2004 2079
f 2003 2079 2078
f 2004 2005 2080
f 2004 2080 2079
f 2005 2006 2081
f 2005 2081 2080
f 2006 2007 2082
f 2006 2082 2081
f 2007 2008 2083
f 2007 2083 2082
f 2008 2009 2084
f 2008 2084 2083
f 2009 2010 2085
f 2009 2085 2084
f 2010 2011 2086
f 2010 2086 2085
f 2011 2012 2087
f 2011 2087 2086
f 2012 2013 2088
f 2012 2088 2087
f 2013 2014 2089
f 2013 2089 2088
f 2014 2015 2090
f 2014 2090 2089
f 2015 2016 2091
f 2015 2091 2090
f 2016 2017 2092
f 2016 2092 2091
f 2017 2018 2093
f 2017 2093 2092
f 2018 2019 2094
f 2018 2094 2093
f 2019 2020 2095
f 2019 2095 2094
f 2020 2021 2096
f 2020 2096 2095
f 2021 2022 2097
f 2021 2097 2096
f 2022 2023 2098
f 2022 2098 2097
f 2023 2024 2099
f 2023 2099 2098
f 2024 2025 2100
f 2024 2100 2099
f 2026 2027 2102
f 2026 2102 2101
f 2027 2028 2103
f 2027 2103 2102
f 2028 2029 2104
f 2028 2104 2103
f 2029 2030 2105
f 2029 2105 2104
f 2030 2031 2106
f 2030 2106 2105
f 2031 2032 2107
f 2031 2107 2106
f 2032 2033 2108
f 2032 2108 2107
f 2033 2034 2109
f 2033 2109 2108
f 2034 2035 2110
f 2034 2110 2109
f 2035 2036 2111
f 2035 2111 2110
f 2036 2037 2112
f 2036 2112 2111
f 2037 2038 2113
f 2037 2113 2112
f 2038 2039 2114
f 2038 2114 2113
f 2039 2040 2115
f 2039 2115 2114
f 2040 2041 2116
f 2040 2116 2115
f 2041 2042 2117
f 2041 2117 2116
f 2042 2043 2118
f 2042 2118 2117
f 2043 2044 2119
f 2043 2119 2118
f 2044 2045 2120
f 2044 2120 2119
f 2045 2046 2121
f 2045 2121 2120
f 2046 2047 2122
f 2046 2122 2121
f 2047 2048 2123
f 2047 2123 2122
f 2048 2049 2124
f 2048 2124 2123
f 2049 2050 2125
f 2049 2125 2124
f 2050 2051 2126
f 2050 2126 2125
f 2051 2052 2127
f 2051 2127 2126
f 2052 2053 2128
f 2052 2128 2127
f 2053 2054 2129
f 2053 2129 2128
f 2054 2055 2130
f 2054 2130 2129
f 2055 2056 2131
f 2055 2131 2130
f 2056 2057 2132
f 2056 2132 2131
f 2057 2058 2133
f 2057 2133 2132
f 2058 2059 2134
f 2058 2134 2133
f 2059 2060 2135
f 2059 2135 2134
f 2060 2061 2136
f 2060 2136 2135
f 2061 2062 2137
f 2061 2137 2136
f 2062 2063 2138
f 2062 2138 2137
f 2063 2064 2139
f 2063 2139 2138
f 2064 2065 2140
f 2064 2140 2139
f 2065 2066 2141
f 2065 2141 2140
f 2066 2067 2142
f 2066 2142 2141
f 2067 2068 2143
f 2067 2143 2142
f 2068 2069 2144
f 2068 2144 2143
f 2069 2070 2145
f 2069 2145 2144
f 2070 2071 2146
f 2070 2146 2145
f 2071 2072 2147
f 2071 2147 2146
f 2072 2073 2148
f 2072 2148 2147
f 2073 2074 2149
f 2073 2149 2148
f 2074 2075 2150
f 2074 2150 2149
f 2075 2076 2151
f 2075 2151 2150
f 2076 2077 2152
f 2076 2152 2151
f 2077 2078 2153
f 2077 2153 2152
f 2078 2079 2154
f 2078 2154 2153
f 2079 2080 2155
f 2079 2155 2154
f 2080 2081 2156
f 2080 2156 2155
f 2081 2082 2157
f 2081 2157 2156
f 2082 2083 2158
f 2082 2158 2157
f 2083 2084 2159
f 2083 2159 2158
f 2084 2085 2160
f 2084 2160 2159
f 2085 2086 2161
f 2085 2161 2160
f 2086 2087 2162
f 2086 2162 2161
f 2087 2088 2163
f 2087 2163 2162
f 2088 2089 2164
f 2088 2164 2163
f 2089 2090 2165
f 2089 2165 2164
f 2090 2091 2166
f 2090 2166 2165
f 2091 2092 2167
f 2091 2167 2166
f 2092 2093 2168
f 2092 2168 2167
f 2093 2094 2169
f 2093 2169 2168
f 2094 2095 2170
f 2094 2170 2169
f 2095 2096 2171
f 2095 2171 2170
f 2096 2097 2172
f 2096 2172 2171
f 2097 2098 2173
f 2097 2173 2172
f 2098 2099 2174
f 2098 2174 2173
f 2099 2100 2175
f 2099 2175 2174
f 2101 2102 2177
f 2101 2177 2176
f 2102 2103 2178
f 2102 2178 2177
f 2103 2104 2179
f 2103 2179 2178
f 2104 2105 2180
f 2104 2180 2179
f 2105 2106 2181
f 2105 2181 2180
f 2106 2107 2182
f 2106 2182 2181
f 2107 2108 2183
f 2107 2183 2182
f 2108 2109 2184
f 2108 2184 2183
f 2109 2110 2185
f 2109 2185 2184
f 2110 2111 2186
f 2110 2186 2185
f 2111 2112 2187
f 2111 2187 2186
f 2112 2113 2188
f 2112 2188 2187
f 2113 2114 2189
f 2113 2189 2188
f 2114 2115 2190
f 2114 2190 2189
f 2115 2116 2191
f 2115 2191 2190
f 2116 2117 2192
f 2116 2192 2191
f 2117 2118 2193
f 2117 2193 2192
f 2118 2119 2194
f 2118 2194 2193
f 2119 2120 2195
f 2119 2195 2194
f 2120 2121 2196
f 2120 2196 2195
f 2121 2122 2197
f 2121 2197 2196
f 2122 2123 2198
f 2122 2198 2197
f 2123 2124 2199
f 2123 2199 2198
f 2124 2125 2200
f 2124 2200 2199
f 2125 2126 2201
f 2125 2201 2200
f 2126 2127 2202
f 2126 2202 2201
f 2127 2128 2203
f 2127 2203 2202
f 2128 2129 2204
f 2128 2204 2203
f 2129 2130 2205
f 2129 2205 2204
f 2130 2131 2206
f 2130 2206 2205
f 2131 2132 2207
f 2131 2207 2206
f 2132 2133 2208
f 2132 2208 2207
f 2133 2134 2209
f 2133 2209 2208
f 2134 2135 2210
f 2134 2210 2209
f 2135 2136 2211
f 2135 2211 2210
f 2136 2137 2212
f 2136 2212 2211
f 2137 2138 2213
f 2137 2213 2212
f 2138 2139 2214
f 2138 2214 2213
f 2139 2140 2215
f 2139 2215 2214
f 2140 2141 2216
f 2140 2216 2215
f 2141 2142 2217
f 2141 2217 2216
f 2142 2143 2218
f 2142 2218 2217
f 2143 2144 2219
f 2143 2219 2218
f 2144 2145 2220
f 2144 2220 2219
f 2145 2146 2221
f 2145 2221 2220
f 2146 2147 2222
f 2146 2222 2221
f 2147 2148 2223
f 2147 2223 2222
f 2148 2149 2224
f 2148 2224 2223
f 2149 2150 2225
f 2149 2225 2224
f 2150 2151 2226
f 2150 2226 2225
f 2151 2152 2227
f 2151 2227 2226
f 2152 2153 2228
f 2152 2228 2227
f 2153 2154 2229
f 2153 2229 2228
f 2154 2155 2230
f 2154 2230 2229
f 2155 2156 2231
f 2155 2231 2230
f 2156 2157 2232
f 2156 2232 2231
f 2157 2158 2233
f 2157 2233 2232
f 2158 2159 2234
f 2158 2234 2233
f 2159 2160 2235
f 2159 2235 2234
f 2160 2161 2236
f 2160 2236 2235
f 2161 2162 2237
f 2161 2237 2236
f 2162 2163 2238
f 2162 2238 2237
f 2163 2164 2239
f 2163 2239 2238
f 2164 2165 2240
f 2164 2240 2239
f 2165 2166 2241
f 2165 2241 2240
f 2166 2167 2242
f 2166 2242 2241
f 2167 2168 2243
f 2167 2243 2242
f 2168 2169 2244
f 2168 2244 2243
f 2169 2170 2245
f 2169 2245 2244
f 2170 2171 2246
f 2170 2246 2245
f 2171 2172 2247
f 2171 2247 2246
f 2172 2173 2248
f 2172 2248 2247
f 2173 2174 2249
f 2173 2249 2248
f 2174 2175 2250
f 2174 2250 2249
f 2176 2177 2252
f 2176 2252 2251
f 2177 2178 2253
f 2177 2253 2252
f 2178 2179 2254
f 2178 2254 2253
f 2179 2180 2255
f 2179 2255 2254
f 2180 2181 2256
f 2180 2256 2255
f 2181 2182 2257
f 2181 2257 2256
f 2182 2183 2258
f 2182 2258 2257
f 2183 2184 2259
f 2183 2259 2258
f 2184 2185 2260
f 2184 2260 2259
f 2185 2186 2261
f 2185 2261 2260
f 2186 2187 2262
f 2186 2262 2261
f 2187 2188 2263
f 2187 2263 2262
f 2188 2189 2264
f 2188 2264 2263
f 2189 2190 2265
f 2189 2265 2264
f 2190 2191 2266
f 2190 2266 2265
f 2191 2192 2267
f 2191 2267 2266
f 2192 2193 2268
f 2192 2268 2267
f 2193 2194 2269
f 2193 2269 2268
f 2194 2195 2270
f 2194 2270 2269
f 2195 2196 2271
f 2195 2271 2270
f 2196 2197 2272
f 2196 2272 2271
f 2197 2198 2273
f 2197 2273 2272
f 2198 2199 2274
f 2198 2274 2273
f 2199 2200 2275
f 2199 2275 2274
f 2200 2201 2276
f 2200 2276 2275
f 2201 2202 2277
f 2201 2277 2276
f 2202 2203 2278
f 2202 2278 2277
f 2203 2204 2279
f 2203 2279 2278
f 2204 2205 2280
f 2204 2280 2279
f 2205 2206 2281
f 2205 2281 2280
f 2206 2207 2282
f 2206 2282 2281
f 2207 2208 2283
f 2207 2283 2282
f 2208 2209 2284
f 2208 2284 2283
f 2209 2210 2285
f 2209 2285 2284
f 2210 2211 2286
f 2210 2286 2285
f 2211 2212 2287
f 2211 2287 2286
f 2212 2213 2288
f 2212 2288 2287
f 2213 2214 2289
f 2213 2289 2288
f 2214 2215 2290
f 2214 2290 2289
f 2215 2216 2291
f 2215 2291 2290
f 2216 2217 2292
f 2216 2292 2291
f 2217 2218 2293
f 2217 2293 2292
f 2218 2219 2294
f 2218 2294 2293
f 2219 2220 2295
f 2219 2295 2294
f 2220 2221 2296
f 2220 2296 2295
f 2221 2222 2297
f 2221 2297 2296
f 2222 2223 2298
f 2222 2298 2297
f 2223 2224 2299
f 2223 2299 2298
f 2224 2225 2300
f 2224 2300 2299
f 2225 2226 2301
f 2225 2301 2300
f 2226 2227 2302
f 2226 2302 2301
f 2227 2228 2303
f 2227 2303 2302
f 2228 2229 2304
f 2228 2304 2303
f 2229 2230 2305
f 2229 2305 2304
f 2230 2231 2306
f 2230 2306 2305
f 2231 2232 2307
f 2231 2307 2306
f 2232 2233 2308
f 2232 2308 2307
f 2233 2234 2309
f 2233 2309 2308
f 2234 2235 2310
f 2234 2310 2309
f 2235 2236 2311
f 2235 2311 2310
f 2236 2237 2312
f 2236 2312 2311
f 2237 2238 2313
f 2237 2313 2312
f 2238 2239 2314
f 2238 2314 2313
f 2239 2240 2315
f 2239 2315 2314
f 2240 2241 2316
f 2240 2316 2315
f 2241 2242 2317
f 2241 2317 2316
f 2242 2243 2318
f 2242 2318 2317
f 2243 2244 2319
f 2243 2319 2318
f 2244 2245 2320
f 2244 2320 2319
f 2245 2246 2321
f 2245 2321 2320
f 2246 2247 2322
f 2246 2322 2321
f 2247 2248 2323
f 2247 2323 2322
f 2248 2249 2324
f 2248 2324 2323
f 2249 2250 2325
f 2249 2325 2324
f 2251 2252 2327
f 2251 2327 2326
f 2252 2253 2328
f 2252 2328 2327
f 2253 2254 2329
f 2253 2329 2328
f 2254 2255 2330
f 2254 2330 2329
f 2255 2256 2331
f 2255 2331 2330
f 2256 2257 2332
f 2256 2332 2331
f 2257 2258 2333
f 2257 2333 2332
f 2258 2259 2334
f 2258 2334 2333
f 2259 2260 2335
f 2259 2335 2334
f 2260 2261 2336
f 2260 2336 2335
f 2261 2262 2337
f 2261 2337 2336
f 2262 2263 2338
f 2262 2338 2337
f 2263 2264 2339
f 2263 2339 2338
f 2264 2265 2340
f 2264 2340 2339
f 2265 2266 2341
f 2265 2341 2340
f 2266 2267 2342
f 2266 2342 2341
f 2267 2268 2343
f 2267 2343 2342
f 2268 2269 2344
f 2268 2344 2343
f 2269 2270 2345
f 2269 2345 2344
f 2270 2271 2346
f 2270 2346 2345
f 2271 2272 2347
f 2271 2347 2346
f 2272 2273 2348
f 2272 2348 2347
f 2273 2274 2349
f 2273 2349 2348
f 2274 2275 2350
f 2274 2350 2349
f 2275 2276 2351
f 2275 2351 2350
f 2276 2277 2352
f 2276 2352 2351
f 2277 2278 2353
f 2277 2353 2352
f 2278 2279 2354
f 2278 2354 2353
f 2279 2280 2355
f 2279 2355 2354
f 2280 2281 2356
f 2280 2356 2355
f 2281 2282 2357
f 2281 2357 2356
f 2282 2283 2358
f 2282 2358 2357
f 2283 2284 2359
f 2283 2359 2358
f 2284 2285 2360
f 2284 2360 2359
f 2285 2286 2361
f 2285 2361 2360
f 2286 2287 2362
f 2286 2362 2361
f 2287 2288 2363
f 2287 2363 2362
f 2288 2289 2364
f 2288 2364 2363
f 2289 2290 2365
f 2289 2365 2364
f 2290 2291 2366
f 2290 2366 2365
f 2291 2292 2367
f 2291 2367 2366
f 2292 2293 2368
f 2292 2368 2367
f 2293 2294 2369
f 2293 2369 2368
f 2294 2295 2370
f 2294 2370 2369
f 2295 2296 2371
f 2295 2371 2370
f 2296 2297 2372
f 2296 2372 2371
f 2297 2298 2373
f 2297 2373 2372
f 2298 2299 2374
f 2298 2374 2373
f 2299 2300 2375
f 2299 2375 2374
f 2300 2301 2376
f 2300 2376 2375
f 2301 2302 2377
f 2301 2377 2376
f 2302 2303 2378
f 2302 2378 2377
f 2303 2304 2379
f 2303 2379 2378
f 2304 2305 2380
f 2304 2380 2379
f 2305 2306 2381
f 2305 2381 2380
f 2306 2307 2382
f 2306 2382 2381
f 2307 2308 2383
f 2307 2383 2382
f 2308 2309 2384
f 2308 2384 2383
f 2309 2310 2385
f 2309 2385 2384
f 2310 2311 2386
f 2310 2386 2385
f 2311 2312 2387
f 2311 2387 2386
f 2312 2313 2388
f 2312 2388 2387
f 2313 2314 2389
f 2313 2389 2388
f 2314 2315 2390
f 2314 2390 2389
f 2315 2316 2391
f 2315 2391 2390
f 2316 2317 2392
f 2316 2392 2391
f 2317 2318 2393
f 2317 2393 2392
f 2318 2319 2394
f 2318 2394 2393
f 2319 2320 2395
f 2319 2395 2394
f 2320 2321 2396
f 2320 2396 2395
f 2321 2322 2397
f 2321 2397 2396
f 2322 2323 2398
f 2322 2398 2397
f 2323 2324 2399
f 2323 2399 2398
f 2324 2325 2400
f 2324 2400 2399
f 2326 2327 2402
f 2326 2402 2401
f 2327 2328 2403
f 2327 2403 2402
f 2328 2329 2404
f 2328 2404 2403
f 2329 2330 2405
f 2329 2405 2404
f 2330 2331 2406
f 2330 2406 2405
f 2331 2332 2407
f 2331 2407 2406
f 2332 2333 2408
f 2332 2408 2407
f 2333 2334 2409
f 2333 2409 2408
f 2334 2335 2410
f 2334 2410 2409
f 2335 2336 2411
f 2335 2411 2410
f 2336 2337 2412
f 2336 2412 2411
f 2337 2338 2413
f 2337 2413 2412
f 2338 2339 2414
f 2338 2414 2413
f 2339 2340 2415
f 2339 2415 2414
f 2340 2341 2416
f 2340 2416 2415
f 2341 2342 2417
f 2341 2417 2416
f 2342 2343 2418
f 2342 2418 2417
f 2343 2344 2419
f 2343 2419 2418
f 2344 2345 2420
f 2344 2420 2419
f 2345 2346 2421
f 2345 2421 2420
f 2346 2347 2422
f 2346 2422 2421
f 2347 2348 2423
f 2347 2423 2422
f 2348 2349 2424
f 2348 2424 2423
f 2349 2350 2425
f 2349 2425 2424
f 2350 2351 2426
f 2350 2426 2425
f 2351 2352 2427
f 2351 2427 2426
f 2352 2353 2428
f 2352 2428 2427
f 2353 2354 2429
f 2353 2429 2428
f 2354 2355 2430
f 2354 2430 2429
f 2355 2356 2431
f 2355 2431 2430
f 2356 2357 2432
f 2356 2432 2431
f 2357 2358 2433
f 2357 2433 2432
f 2358 2359 2434
f 2358 2434 2433
f 2359 2360 2435
f 2359 2435 2434
f 2360 2361 2436
f 2360 2436 2435
f 2361 2362 2437
f 2361 2437 2436
f 2362 2363 2438
f 2362 2438 2437
f 2363 2364 2439
f 2363 2439 2438
f 2364 2365 2440
f 2364 2440 2439
f 2365 2366 2441
f 2365 2441 2440
f 2366 2367 2442
f 2366 2442 2441
f 2367 2368 2443
f 2367 2443 2442
f 2368 2369 2444
f 2368 2444 2443
f 2369 2370 2445
f 2369 2445 2444
f 2370 2371 2446
f 2370 2446 2445
f 2371 2372 2447
f 2371 2447 2446
f 2372 2373 2448
f 2372 2448 2447
f 2373 2374 2449
f 2373 2449 2448
f 2374 2375 2450
f 2374 2450 2449
f 2375 2376 2451
f 2375 2451 2450
f 2376 2377 2452
f 2376 2452 2451
f 2377 2378 2453
f 2377 2453 2452
f 2378 2379 2454
f 2378 2454 2453
f 2379 2380 2455
f 2379 2455 2454
f 2380 2381 2456
f 2380 2456 2455
f 2381 2382 2457
f 2381 2457 2456
f 2382 2383 2458
f 2382 2458 2457
f 2383 2384 2459
f 2383 2459 2458
f 2384 2385 2460
f 2384 2460 2459
f 2385 2386 2461
f 2385 2461 2460
f 2386 2387 2462
f 2386 2462 2461
f 2387 2388 2463
f 2387 2463 2462
f 2388 2389 2464
f 2388 2464 2463
f 2389 2390 2465
f 2389 2465 2464
f 2390 2391 2466
f 2390 2466 2465
f 2391 2392 2467
f 2391 2467 2466
f 2392 2393 2468
f 2392 2468 2467
f 2393 2394 2469
f 2393 2469 2468
f 2394 2395 2470
f 2394 2470 2469
f 2395 2396 2471
f 2395 2471 2470
f 2396 2397 2472
f 2396 2472 2471
f 2397 2398 2473
f 2397 2473 2472
f 2398 2399 2474
f 2398 2474 2473
f 2399 2400 2475
f 2399 2475 2474
f 2401 2402 2477
f 2401 2477 2476
f 2402 2403 2478
f 2402 2478 2477
f 2403 2404 2479
f 2403 2479 2478
f 2404 2405 2480
f 2404 2480 2479
f 2405 2406 2481
f 2405 2481 2480
f 2406 2407 2482
f 2406 2482 2481
f 2407 2408 2483
f 2407 2483 2482
f 2408 2409 2484
f 2408 2484 2483
f 2409 2410 2485
f 2409 2485 2484
f 2410 2411 2486
f 2410 2486 2485
f 2411 2412 2487
f 2411 2487 2486
f 2412 2413 2488
f 2412 2488 2487
f 2413 2414 2489
f 2413 2489 2488
f 2414 2415 2490
f 2414 2490 2489
f 2415 2416 2491
f 2415 2491 2490
f 2416 2417 2492
f 2416 2492 2491
f 2417 2418 2493
f 2417 2493 2492
f 2418 2419 2494
f 2418 2494 2493
f 2419 2420 2495
f 2419 2495 2494
f 2420 2421 2496
f 2420 2496 2495
f 2421 2422 2497
f 2421 2497 2496
f 2422 2423 2498
f 2422 2498 2497
f 2423 2424 2499
f 2423 2499 2498
f 2424 2425 2500
f 2424 2500 2499
f 2425 2426 2501
f 2425 2501 2500
f 2426 2427 2502
f 2426 2502 2501
f 2427 2428 2503
f 2427 2503 2502
f 2428 2429 2504
f 2428 2504 2503
f 2429 2430 2505
f 2429 2505 2504
f 2430 2431 2506
f 2430 2506 2505
f 2431 2432 2507
f 2431 2507 2506
f 2432 2433 2508
f 2432 2508 2507
f 2433 2434 2509
f 2433 2509 2508
f 2434 2435 2510
f 2434 2510 2509
f 2435 2436 2511
f 2435 2511 2510
f 2436 2437 2512
f 2436 2512 2511
f 2437 2438 2513
f 2437 2513 2512
f 2438 2439 2514
f 2438 2514 2513
f 2439 2440 2515
f 2439 2515 2514
f 2440 2441 2516
f 2440 2516 2515
f 2441 2442 2517
f 2441 2517 2516
f 2442 2443 2518
f 2442 2518 2517
f 2443 2444 2519
f 2443 2519 2518
f 2444 2445 2520
f 2444 2520 2519
f 2445 2446 2521
f 2445 2521 2520
f 2446 2447 2522
f 2446 2522 2521
f 2447 2448 2523
f 2447 2523 2522
f 2448 2449 2524
f 2448 2524 2523
f 2449 2450 2525
f 2449 2525 2524
f 2450 2451 2526
f 2450 2526 2525
f 2451 2452 2527
f 2451 2527 2526
f 2452 2453 2528
f 2452 2528 2527
f 2453 2454 2529
f 2453 2529 2528
f 2454 2455 2530
f 2454 2530 2529
f 2455 2456 2531
f 2455 2531 2530
f 2456 2457 2532
f 2456 2532 2531
f 2457 2458 2533
f 2457 2533 2532
f 2458 2459 2534
f 2458 2534 2533
f 2459 2460 2535
f 2459 2535 2534
f 2460 2461 2536
f 2460 2536 2535
f 2461 2462 2537
f 2461 2537 2536
f 2462 2463 2538
f 2462 2538 2537
f 2463 2464 2539
f 2463 2539 2538
f 2464 2465 2540
f 2464 2540 2539
f 2465 2466 2541
f 2465 2541 2540
f 2466 2467 2542
f 2466 2542 2541
f 2467 2468 2543
f 2467 2543 2542
f 2468 2469 2544
f 2468 2544 2543
f 2469 2470 2545
f 2469 2545 2544
f 2470 2471 2546
f 2470 2546 2545
f 2471 2472 2547
f 2471 2547 2546
f 2472 2473 2548
f 2472 2548 2547
f 2473 2474 2549
f 2473 2549 2548
f 2474 2475 2550
f 2474 2550 2549
f 2476 2477 2552
f 2476 2552 2551
f 2477 2478 2553
f 2477 2553 2552
f 2478 2479 2554
f 2478 2554 2553
f 2479 2480 2555
f 2479 2555 2554
f 2480 2481 2556
f 2480 2556 2555
f 2481 2482 2557
f 2481 2557 2556
f 2482 2483 2558
f 2482 2558 2557
f 2483 2484 2559
f 2483 2559 2558
f 2484 2485 2560
f 2484 2560 2559
f 2485 2486 2561
f 2485 2561 2560
f 2486 2487 2562
f 2486 2562 2561
f 2487 2488 2563
f 2487 2563 2562
f 2488 2489 2564
f 2488 2564 2563
f 2489 2490 2565
f 2489 2565 2564
f 2490 2491 2566
f 2490 2566 2565
f 2491 2492 2567
f 2491 2567 2566
f 2492 2493 2568
f 2492 2568 2567
f 2493 2494 2569
f 2493 2569 2568
f 2494 2495 2570
f 2494 2570 2569
f 2495 2496 2571
f 2495 2571 2570
f 2496 2497 2572
f 2496 2572 2571
f 2497 2498 2573
f 2497 2573 2572
f 2498 2499 2574
f 2498 2574 2573
f 2499 2500 2575
f 2499 2575 2574
f 2500 2501 2576
f 2500 2576 2575
f 2501 2502 2577
f 2501 2577 2576
f 2502 2503 2578
f 2502 2578 2577
f 2503 2504 2579
f 2503 2579 2578
f 2504 2505 2580
f 2504 2580 2579
f 2505 2506 2581
f 2505 2581 2580
f 2506 2507 2582
f 2506 2582 2581
f 2507 2508 2583
f 2507 2583 2582
f 2508 2509 2584
f 2508 2584 2583
f 2509 2510 2585
f 2509 2585 2584
f 2510 2511 2586
f 2510 2586 2585
f 2511 2512 2587
f 2511 2587 2586
f 2512 2513 2588
f 2512 2588 2587
f 2513 2514 2589
f 2513 2589 2588
f 2514 2515 2590
f 2514 2590 2589
f 2515 2516 2591
f 2515 2591 2590
f 2516 2517 2592
f 2516 2592 2591
f 2517 2518 2593
f 2517 2593 2592
f 2518 2519 2594
f 2518 2594 2593
f 2519 2520 2595
f 2519 2595 2594
f 2520 2521 2596
f 2520 2596 2595
f 2521 2522 2597
f 2521 2597 2596
f 2522 2523 2598
f 2522 2598 2597
f 2523 2524 2599
f 2523 2599 2598
f 2524 2525 2600
f 2524 2600 2599
f 2525 2526 2601
f 2525 2601 2600
f 2526 2527 2602
f 2526 2602 2601
f 2527 2528 2603
f 2527 2603 2602
f 2528 2529 2604
f 2528 2604 2603
f 2529 2530 2605
f 2529 2605 2604
f 2530 2531 2606
f 2530 2606 2605
f 2531 2532 2607
f 2531 2607 2606
f 2532 2533 2608
f 2532 2608 2607
f 2533 2534 2609
f 2533 2609 2608
f 2534 2535 2610
f 2534 2610 2609
f 2535 2536 2611
f 2535 2611 2610
f 2536 2537 2612
f 2536 2612 2611
f 2537 2538 2613
f 2537 2613 2612
f 2538 2539 2614
f 2538 2614 2613
f 2539 2540 2615
f 2539 2615 2614
f 2540 2541 2616
f 2540 2616 2615
f 2541 2542 2617
f 2541 2617 2616
f 2542 2543 2618
f 2542 2618 2617
f 2543 2544 2619
f 2543 2619 2618
f 2544 2545 2620
f 2544 2620 2619
f 2545 2546 2621
f 2545 2621 2620
f 2546 2547 2622
f 2546 2622 2621
f 2547 2548 2623
f 2547 2623 2622
f 2548 2549 2624
f 2548 2624 2623
f 2549 2550 2625
f 2549 2625 2624
f 2551 2552 2627
f 2551 2627 2626
f 2552 2553 2628
f 2552 2628 2627
f 2553 2554 2629
f 2553 2629 2628
f 2554 2555 2630
f 2554 2630 2629
f 2555 2556 2631
f 2555 2631 2630
f 2556 2557 2632
f 2556 2632 2631
f 2557 2558 2633
f 2557 2633 2632
f 2558 2559 2634
f 2558 2634 2633
f 2559 2560 2635
f 2559 2635 2634
f 2560 2561 2636
f 2560 2636 2635
f 2561 2562 2637
f 2561 2637 2636
f 2562 2563 2638
f 2562 2638 2637
f 2563 2564 2639
f 2563 2639 2638
f 2564 2565 2640
f 2564 2640 2639
f 2565 2566 2641
f 2565 2641 2640
f 2566 2567 2642
f 2566 2642 2641
f 2567 2568 2643
f 2567 2643 2642
f 2568 2569 2644
f 2568 2644 2643
f 2569 2570 2645
f 2569 2645 2644
f 2570 2571 2646
f 2570 2646 2645
f 2571 2572 2647
f 2571 2647 2646
f 2572 2573 2648
f 2572 2648 2647
f 2573 2574 2649
f 2573 2649 2648
f 2574 2575 2650
f 2574 2650 2649
f 2575 2576 2651
f 2575 2651 2650
f 2576 2577 2652
f 2576 2652 2651
f 2577 2578 2653
f 2577 2653 2652
f 2578 2579 2654
f 2578 2654 2653
f 2579 2580 2655
f 2579 2655 2654
f 2580 2581 2656
f 2580 2656 2655
f 2581 2582 2657
f 2581 2657 2656
f 2582 2583 2658
f 2582 2658 2657
f 2583 2584 2659
f 2583 2659 2658
f 2584 2585 2660
f 2584 2660 2659
f 2585 2586 2661
f 2585 2661 2660
f 2586 2587 2662
f 2586 2662 2661
f 2587 2588 2663
f 2587 2663 2662
f 2588 2589 2664
f 2588 2664 2663
f 2589 2590 2665
f 2589 2665 2664
f 2590 2591 2666
f 2590 2666 2665
f 2591 2592 2667
f 2591 2667 2666
f 2592 2593 2668
f 2592 2668 2667
f 2593 2594 2669
f 2593 2669 2668
f 2594 2595 2670
f 2594 2670 2669
f 2595 2596 2671
f 2595 2671 2670
f 2596 2597 2672
f 2596 2672 2671
f 2597 2598 2673
f 2597 2673 2672
f 2598 2599 2674
f 2598 2674 2673
f 2599 2600 2675
f 2599 2675 2674
f 2600 2601 2676
f 2600 2676 2675
f 2601 2602 2677
f 2601 2677 2676
f 2602 2603 2678
f 2602 2678 2677
f 2603 2604 2679
f 2603 2679 2678
f 2604 2605 2680
f 2604 2680 2679
f 2605 2606 2681
f 2605 2681 2680
f 2606 2607 2682
f 2606 2682 2681
f 2607 2608 2683
f 2607 2683 2682
f 2608 2609 2684
f 2608 2684 2683
f 2609 2610 2685
f 2609 2685 2684
f 2610 2611 2686
f 2610 2686 2685
f 2611 2612 2687
f 2611 2687 2686
f 2612 2613 2688
f 2612 2688 2687
f 2613 2614 2689
f 2613 2689 2688
f 2614 2615 2690
f 2614 2690 2689
f 2615 2616 2691
f 2615 2691 2690
f 2616 2617 2692
f 2616 2692 2691
f 2617 2618 2693
f 2617 2693 2692
f 2618 2619 2694
f 2618 2694 2693
f 2619 2620 2695
f 2619 2695 2694
f 2620 2621 2696
f 2620 2696 2695
f 2621 2622 2697
f 2621 2697 2696
f 2622 2623 2698
f 2622 2698 2697
f 2623 2624 2699
f 2623 2699 2698
f 2624 2625 2700
f 2624 2700 2699
f 2626 2627 2702
f 2626 2702 2701
f 2627 2628 2703
f 2627 2703 2702
f 2628 2629 2704
f 2628 2704 2703
f 2629 2630 2705
f 2629 2705 2704
f 2630 2631 2706
f 2630 2706 2705
f 2631 2632 2707
f 2631 2707 2706
f 2632 2633 2708
f 2632 2708 2707
f 2633 2634 2709
f 2633 2709 2708
f 2634 2635 2710
f 2634 2710 2709
f 2635 2636 2711
f 2635 2711 2710
f 2636 2637 2712
f 2636 2712 2711
f 2637 2638 2713
f 2637 2713 2712
f 2638 2639 2714
f 2638 2714 2713
f 2639 2640 2715
f 2639 2715 2714
f 2640 2641 2716
f 2640 2716 2715
f 2641 2642 2717
f 2641 2717 2716
f 2642 2643 2718
f 2642 2718 2717
f 2643 2644 2719
f 2643 2719 2718
f 2644 2645 2720
f 2644 2720 2719
f 2645 2646 2721
f 2645 2721 2720
f 2646 2647 2722
f 2646 2722 2721
f 2647 2648 2723
f 2647 2723 2722
f 2648 2649 2724
f 2648 2724 2723
f 2649 2650 2725
f 2649 2725 2724
f 2650 2651 2726
f 2650 2726 2725
f 2651 2652 2727
f 2651 2727 2726
f 2652 2653 2728
f 2652 2728 2727
f 2653 2654 2729
f 2653 2729 2728
f 2654 2655 2730
f 2654 2730 2729
f 2655 2656 2731
f 2655 2731 2730
f 2656 2657 2732
f 2656 2732 2731
f 2657 2658 2733
f 2657 2733 2732
f 2658 2659 2734
f 2658 2734 2733
f 2659 2660 2735
f 2659 2735 2734
f 2660 2661 2736
f 2660 2736 2735
f 2661 2662 2737
f 2661 2737 2736
f 2662 2663 2738
f 2662 2738 2737
f 2663 2664 2739
f 2663 2739 2738
f 2664 2665 2740
f 2664 2740 2739
f 2665 2666 2741
f 2665 2741 2740
f 2666 2667 2742
f 2666 2742 2741
f 2667 2668 2743
f 2667 2743 2742
f 2668 2669 2744
f 2668 2744 2743
f 2669 2670 2745
f 2669 2745 2744
f 2670 2671 2746
f 2670 2746 2745
f 2671 2672 2747
f 2671 2747 2746
f 2672 2673 2748
f 2672 2748 2747
f 2673 2674 2749
f 2673 2749 2748
f 2674 2675 2750
f 2674 2750 2749
f 2675 2676 2751
f 2675 2751 2750
f 2676 2677 2752
f 2676 2752 2751
f 2677 2678 2753
f 2677 2753 2752
f 2678 2679 2754
f 2678 2754 2753
f 2679 2680 2755
f 2679 2755 2754
f 2680 2681 2756
f 2680 2756 2755
f 2681 2682 2757
f 2681 2757 2756
f 2682 2683 2758
f 2682 2758 2757
f 2683 2684 2759
f 2683 2759 2758
f 2684 2685 2760
f 2684 2760 2759
f 2685 2686 2761
f 2685 2761 2760
f 2686 2687 2762
f 2686 2762 2761
f 2687 2688 2763
f 2687 2763 2762
f 2688 2689 2764
f 2688 2764 2763
f 2689 2690 2765
f 2689 2765 2764
f 2690 2691 2766
f 2690 2766 2765
f 2691 2692 2767
f 2691 2767 2766
f 2692 2693 2768
f 2692 2768 2767
f 2693 2694 2769
f 2693 2769 2768
f 2694 2695 2770
f 2694 2770 2769
f 2695 2696 2771
f 2695 2771 2770
f 2696 2697 2772
f 2696 2772 2771
f 2697 2698 2773
f 2697 2773 2772
f 2698 2699 2774
f 2698 2774 2773
f 2699 2700 2775
f 2699 2775 2774
f 2701 2702 2777
f 2701 2777 2776
f 2702 2703 2778
f 2702 2778 2777
f 2703 2704 2779
f 2703 2779 2778
f 2704 2705 2780
f 2704 2780 2779
f 2705 2706 2781
f 2705 2781 2780
f 2706 2707 2782
f 2706 2782 2781
f 2707 2708 2783
f 2707 2783 2782
f 2708 2709 2784
f 2708 2784 2783
f 2709 2710 2785
f 2709 2785 2784
f 2710 2711 2786
f 2710 2786 2785
f 2711 2712 2787
f 2711 2787 2786
f 2712 2713 2788
f 2712 2788 2787
f 2713 2714 2789
f 2713 2789 2788
f 2714 2715 2790
f 2714 2790 2789
f 2715 2716 2791
f 2715 2791 2790
f 2716 2717 2792
f 2716 2792 2791
f 2717 2718 2793
f 2717 2793 2792
f 2718 2719 2794
f 2718 2794 2793
f 2719 2720 2795
f 2719 2795 2794
f 2720 2721 2796
f 2720 2796 2795
f 2721 2722 2797
f 2721 2797 2796
f 2722 2723 2798
f 2722 2798 2797
f 2723 2724 2799
f 2723 2799 2798
f 2724 2725 2800
f 2724 2800 2799
f 2725 2726 2801
f 2725 2801 2800
f 2726 2727 2802
f 2726 2802 2801
f 2727 2728 2803
f 2727 2803 2802
f 2728 2729 2804
f 2728 2804 2803
f 2729 2730 2805
f 2729 2805 2804
f 2730 2731 2806
f 2730 2806 2805
f 2731 2732 2807
f 2731 2807 2806
f 2732 2733 2808
f 2732 2808 2807
f 2733 2734 2809
f 2733 2809 2808
f 2734 2735 2810
f 2734 2810 2809
f 2735 2736 2811
f 2735 2811 2810
f 2736 2737 2812
f 2736 2812 2811
f 2737 2738 2813
f 2737 2813 2812
f 2738 2739 2814
f 2738 2814 2813
f 2739 2740 2815
f 2739 2815 2814
f 2740 2741 2816
f 2740 2816 2815
f 2741 2742 2817
f 2741 2817 2816
f 2742 2743 2818
f 2742 2818 2817
f 2743 2744 2819
f 2743 2819 2818
f 2744 2745 2820
f 2744 2820 2819
f 2745 2746 2821
f 2745 2821 2820
f 2746 2747 2822
f 2746 2822 2821
f 2747 2748 2823
f 2747 2823 2822
f 2748 2749 2824
f 2748 2824 2823
f 2749 2750 2825
f 2749 2825 2824
f 2750 2751 2826
f 2750 2826 2825
f 2751 2752 2827
f 2751 2827 2826
f 2752 2753 2828
f 2752 2828 2827
f 2753 2754 2829
f 2753 2829 2828
f 2754 2755 2830
f 2754 2830 2829
f 2755 2756 2831
f 2755 2831 2830
f 2756 2757 2832
f 2756 2832 2831
f 2757 2758 2833
f 2757 2833 2832
f 2758 2759 2834
f 2758 2834 2833
f 2759 2760 2835
f 2759 2835 2834
f 2760 2761 2836
f 2760 2836 2835
f 2761 2762 2837
f 2761 2837 2836
f 2762 2763 2838
f 2762 2838 2837
f 2763 2764 2839
f 2763 2839 2838
f 2764 2765 2840
f 2764 2840 2839
f 2765 2766 2841
f 2765 2841 2840
f 2766 2767 2842
f 2766 2842 2841
f 2767 2768 2843
f 2767 2843 2842
f 2768 2769 2844
f 2768 2844 2843
f 2769 2770 2845
f 2769 2845 2844
f 2770 2771 2846
f 2770 2846 2845
f 2771 2772 2847
f 2771 2847 2846
f 2772 2773 2848
f 2772 2848 2847
f 2773 2774 2849
f 2773 2849 2848
f 2774 2775 2850
f 2774 2850 2849
f 2776 2777 2852
f 2776 2852 2851
f 2777 2778 2853
f 2777 2853 2852
f 2778 2779 2854
f 2778 2854 2853
f 2779 2780 2855
f 2779 2855 2854
f 2780 2781 2856
f 2780 2856 2855
f 2781 2782 2857
f 2781 2857 2856
f 2782 2783 2858
f 2782 2858 2857
f 2783 2784 2859
f 2783 2859 2858
f 2784 2785 2860
f 2784 2860 2859
f 2785 2786 2861
f 2785 2861 2860
f 2786 2787 2862
f 2786 2862 2861
f 2787 2788 2863
f 2787 2863 2862
f 2788 2789 2864
f 2788 2864 2863
f 2789 2790 2865
f 2789 2865 2864
f 2790 2791 2866
f 2790 2866 2865
f 2791 2792 2867
f 2791 2867 2866
f 2792 2793 2868
f 2792 2868 2867
f 2793 2794 2869
f 2793 2869 2868
f 2794 2795 2870
f 2794 2870 2869
f 2795 2796 2871
f 2795 2871 2870
f 2796 2797 2872
f 2796 2872 2871
f 2797 2798 2873
f 2797 2873 2872
f 2798 2799 2874
f 2798 2874 2873
f 2799 2800 2875
f 2799 2875 2874
f 2800 2801 2876
f 2800 2876 2875
f 2801 2802 2877
f 2801 2877 2876
f 2802 2803 2878
f 2802 2878 2877
f 2803 2804 2879
f 2803 2879 2878
f 2804 2805 2880
f 2804 2880 2879
f 2805 2806 2881
f 2805 2881 2880
f 2806 2807 2882
f 2806 2882 2881
f 2807 2808 2883
f 2807 2883 2882
f 2808 2809 2884
f 2808 2884 2883
f 2809 2810 2885
f 2809 2885 2884
f 2810 2811 2886
f 2810 2886 2885
f 2811 2812 2887
f 2811 2887 2886
f 2812 2813 2888
f 2812 2888 2887
f 2813 2814 2889
f 2813 2889 2888
f 2814 2815 2890
f 2814 2890 2889
f 2815 2816 2891
f 2815 2891 2890
f 2816 2817 2892
f 2816 2892 2891
f 2817 2818 2893
f 2817 2893 2892
f 2818 2819 2894
f 2818 2894 2893
f 2819 2820 2895
f 2819 2895 2894
f 2820 2821 2896
f 2820 2896 2895
f 2821 2822 2897
f 2821 2897 2896
f 2822 2823 2898
f 2822 2898 2897
f 2823 2824 2899
f 2823 2899 2898
f 2824 2825 2900
f 2824 2900 2899
f 2825 2826 2901
f 2825 2901 2900
f 2826 2827 2902
f 2826 2902 2901
f 2827 2828 2903
f 2827 2903 2902
f 2828 2829 2904
f 2828 2904 2903
f 2829 2830 2905
f 2829 2905 2904
f 2830 2831 2906
f 2830 2906 2905
f 2831 2832 2907
f 2831 2907 2906
f 2832 2833 2908
f 2832 2908 2907
f 2833 2834 2909
f 2833 2909 2908
f 2834 2835 2910
f 2834 2910 2909
f 2835 2836 2911
f 2835 2911 2910
f 2836 2837 2912
f 2836 2912 2911
f 2837 2838 2913
f 2837 2913 2912
f 2838 2839 2914
f 2838 2914 2913
f 2839 2840 2915
f 2839 2915 2914
f 2840 2841 2916
f 2840 2916 2915
f 2841 2842 2917
f 2841 2917 2916
f 2842 2843 2918
f 2842 2918 2917
f 2843 2844 2919
f 2843 2919 2918
f 2844 2845 2920
f 2844 2920 2919
f 2845 2846 2921
f 2845 2921 2920
f 2846 2847 2922
f 2846 2922 2921
f 2847 2848 2923
f 2847 2923 2922
f 2848 2849 2924
f 2848 2924 2923
f 2849 2850 2925
f 2849 2925 2924
f 2851 2852 2927
f 2851 2927 2926
f 2852 2853 2928
f 2852 2928 2927
f 2853 2854 2929
f 2853 2929 2928
f 2854 2855 2930
f 2854 2930 2929
f 2855 2856 2931
f 2855 2931 2930
f 2856 2857 2932
f 2856 2932 2931
f 2857 2858 2933
f 2857 2933 2932
f 2858 2859 2934
f 2858 2934 2933
f 2859 2860 2935
f 2859 2935 2934
f 2860 2861 2936
f 2860 2936 2935
f 2861 2862 2937
f 2861 2937 2936
f 2862 2863 2938
f 2862 2938 2937
f 2863 2864 2939
f 2863 2939 2938
f 2864 2865 2940
f 2864 2940 2939
f 2865 2866 2941
f 2865 2941 2940
f 2866 2867 2942
f 2866 2942 2941
f 2867 2868 2943
f 2867 2943 2942
f 2868 2869 2944
f 2868 2944 2943
f 2869 2870 2945
f 2869 2945 2944
f 2870 2871 2946
f 2870 2946 2945
f 2871 2872 2947
f 2871 2947 2946
f 2872 2873 2948
f 2872 2948 2947
f 2873 2874 2949
f 2873 2949 2948
f 2874 2875 2950
f 2874 2950 2949
f 2875 2876 2951
f 2875 2951 2950
f 2876 2877 2952
f 2876 2952 2951
f 2877 2878 2953
f 2877 2953 2952
f 2878 2879 2954
f 2878 2954 2953
f 2879 2880 2955
f 2879 2955 2954
f 2880 2881 2956
f 2880 2956 2955
f 2881 2882 2957
f 2881 2957 2956
f 2882 2883 2958
f 2882 2958 2957
f 2883 2884 2959
f 2883 2959 2958
f 2884 2885 2960
f 2884 2960 2959
f 2885 2886 2961
f 2885 2961 2960
f 2886 2887 2962
f 2886 2962 2961
f 2887 2888 2963
f 2887 2963 2962
f 2888 2889 2964
f 2888 2964 2963
f 2889 2890 2965
f 2889 2965 2964
f 2890 2891 2966
f 2890 2966 2965
f 2891 2892 2967
f 2891 2967 2966
f 2892 2893 2968
f 2892 2968 2967
f 2893 2894 2969
f 2893 2969 2968
f 2894 2895 2970
f 2894 2970 2969
f 2895 2896 2971
f 2895 2971 2970
f 2896 2897 2972
f 2896 2972 2971
f 2897 2898 2973
f 2897 2973 2972
f 2898 2899 2974
f 2898 2974 2973
f 2899 2900 2975
f 2899 2975 2974
f 2900 2901 2976
f 2900 2976 2975
f 2901 2902 2977
f 2901 2977 2976
f 2902 2903 2978
f 2902 2978 2977
f 2903 2904 2979
f 2903 2979 2978
f 2904 2905 2980
f 2904 2980 2979
f 2905 2906 2981
f 2905 2981 2980
f 2906 2907 2982
f 2906 2982 2981
f 2907 2908 2983
f 2907 2983 2982
f 2908 2909 2984
f 2908 2984 2983
f 2909 2910 2985
f 2909 2985 2984
f 2910 2911 2986
f 2910 2986 2985
f 2911 2912 2987
f 2911 2987 2986
f 2912 2913 2988
f 2912 2988 2987
f 2913 2914 2989
f 2913 2989 2988
f 2914 2915 2990
f 2914 2990 2989
f 2915 2916 2991
f 2915 2991 2990
f 2916 2917 2992
f 2916 2992 2991
f 2917 2918 2993
f 2917 2993 2992
f 2918 2919 2994
f 2918 2994 2993
f 2919 2920 2995
f 2919 2995 2994
f 2920 2921 2996
f 2920 2996 2995
f 2921 2922 2997
f 2921 2997 2996
f 2922 2923 2998
f 2922 2998 2997
f 2923 2924 2999
f 2923 2999 2998
f 2924 2925 3000
f 2924 3000 2999
f 2926 2927 3002
f 2926 3002 3001
f 2927 2928 3003
f 2927 3003 3002
f 2928 2929 3004
f 2928 3004 3003
f 2929 2930 3005
f 2929 3005 3004
f 2930 2931 3006
f 2930 3006 3005
f 2931 2932 3007
f 2931 3007 3006
f 2932 2933 3008
f 2932 3008 3007
f 2933 2934 3009
f 2933 3009 3008
f 2934 2935 3010
f 2934 3010 3009
f 2935 2936 3011
f 2935 3011 3010
f 2936 2937 3012
f 2936 3012 3011
f 2937 2938 3013
f 2937 3013 3012
f 2938 2939 3014
f 2938 3014 3013
f 2939 2940 3015
f 2939 3015 3014
f 2940 2941 3016
f 2940 3016 3015
f 2941 2942 3017
f 2941 3017 3016
f 2942 2943 3018
f 2942 3018 3017
f 2943 2944 3019
f 2943 3019 3018
f 2944 2945 3020
f 2944 3020 3019
f 2945 2946 3021
f 2945 3021 3020
f 2946 2947 3022
f 2946 3022 3021
f 2947 2948 3023
f 2947 3023 3022
f 2948 2949 3024
f 2948 3024 3023
f 2949 2950 3025
f 2949 3025 3024
f 2950 2951 3026
f 2950 3026 3025
f 2951 2952 3027
f 2951 3027 3026
f 2952 2953 3028
f 2952 3028 3027
f 2953 2954 3029
f 2953 3029 3028
f 2954 2955 3030
f 2954 3030 3029
f 2955 2956 3031
f 2955 3031 3030
f 2956 2957 3032
f 2956 3032 3031
f 2957 2958 3033
f 2957 3033 3032
f 2958 2959 3034
f 2958 3034 3033
f 2959 2960 3035
f 2959 3035 3034
f 2960 2961 3036
f 2960 3036 3035
f 2961 2962 3037
f 2961 3037 3036
f 2962 2963 3038
f 2962 3038 3037
f 2963 2964 3039
f 2963 3039 3038
f 2964 2965 3040
f 2964 3040 3039
f 2965 2966 3041
f 2965 3041 3040
f 2966 2967 3042
f 2966 3042 3041
f 2967 2968 3043
f 2967 3043 3042
f 2968 2969 3044
f 2968 3044 3043
f 2969 2970 3045
f 2969 3045 3044
f 2970 2971 3046
f 2970 3046 3045
f 2971 2972 3047
f 2971 3047 3046
f 2972 2973 3048
f 2972 3048 3047
f 2973 2974 3049
f 2973 3049 3048
f 2974 2975 3050
f 2974 3050 3049
f 2975 2976 3051
f 2975 3051 3050
f 2976 2977 3052
f 2976 3052 3051
f 2977 2978 3053
f 2977 3053 3052
f 2978 2979 3054
f 2978 3054 3053
f 2979 2980 3055
f 2979 3055 3054
f 2980 2981 3056
f 2980 3056 3055
f 2981 2982 3057
f 2981 3057 3056
f 2982 2983 3058
f 2982 3058 3057
f 2983 2984 3059
f 2983 3059 3058
f 2984 2985 3060
f 2984 3060 3059
f 2985 2986 3061
f 2985 3061 3060
f 2986 2987 3062
f 2986 3062 3061
f 2987 2988 3063
f 2987 3063 3062
f 2988 2989 3064
f 2988 3064 3063
f 2989 2990 3065
f 2989 3065 3064
f 2990 2991 3066
f 2990 3066 3065
f 2991 2992 3067
f 2991 3067 3066
f 2992 2993 3068
f 2992 3068 3067
f 2993 2994 3069
f 2993 3069 3068
f 2994 2995 3070
f 2994 3070 3069
f 2995 2996 3071
f 2995 3071 3070
f 2996 2997 3072
f 2996 3072 3071
f 2997 2998 3073
f 2997 3073 3072
f 2998 2999 3074
f 2998 3074 3073
f 2999 3000 3075
f 2999 3075 3074
f 3001 3002 3077
f 3001 3077 3076
f 3002 3003 3078
f 3002 3078 3077
f 3003 3004 3079
f 3003 3079 3078
f 3004 3005 3080
f 3004 3080 3079
f 3005 3006 3081
f 3005 3081 3080
f 3006 3007 3082
f 3006 3082 3081
f 3007 3008 3083
f 3007 3083 3082
f 3008 3009 3084
f 3008 3084 3083
f 3009 3010 3085
f 3009 3085 3084
f 3010 3011 3086
f 3010 3086 3085
f 3011 3012 3087
f 3011 3087 3086
f 3012 3013 3088
f 3012 3088 3087
f 3013 3014 3089
f 3013 3089 3088
f 3014 3015 3090
f 3014 3090 3089
f 3015 3016 3091
f 3015 3091 3090
f 3016 3017 3092
f 3016 3092 3091
f 3017 3018 3093
f 3017 3093 3092
f 3018 3019 3094
f 3018 3094 3093
f 3019 3020 3095
f 3019 3095 3094
f 3020 3021 3096
f 3020 3096 3095
f 3021 3022 3097
f 3021 3097 3096
f 3022 3023 3098
f 3022 3098 3097
f 3023 3024 3099
f 3023 3099 3098
f 3024 3025 3100
f 3024 3100 3099
f 3025 3026 3101
f 3025 3101 3100
f 3026 3027 3102
f 3026 3102 3101
f 3027 3028 3103
f 3027 3103 3102
f 3028 3029 3104
f 3028 3104 3103
f 3029 3030 3105
f 3029 3105 3104
f 3030 3031 3106
f 3030 3106 3105
f 3031 3032 3107
f 3031 3107 3106
f 3032 3033 3108
f 3032 3108 3107
f 3033 3034 3109
f 3033 3109 3108
f 3034 3035 3110
f 3034 3110 3109
f 3035 3036 3111
f 3035 3111 3110
f 3036 3037 3112
f 3036 3112 3111
f 3037 3038 3113
f 3037 3113 3112
f 3038 3039 3114
f 3038 3114 3113
f 3039 3040 3115
f 3039 3115 3114
f 3040 3041 3116
f 3040 3116 3115
f 3041 3042 3117
f 3041 3117 3116
f 3042 3043 3118
f 3042 3118 3117
f 3043 3044 3119
f 3043 3119 3118
f 3044 3045 3120
f 3044 3120 3119
f 3045 3046 3121
f 3045 3121 3120
f 3046 3047 3122
f 3046 3122 3121
f 3047 3048 3123
f 3047 3123 3122
f 3048 3049 3124
f 3048 3124 3123
f 3049 3050 3125
f 3049 3125 3124
f 3050 3051 3126
f 3050 3126 3125
f 3051 3052 3127
f 3051 3127 3126
f 3052 3053 3128
f 3052 3128 3127
f 3053 3054 3129
f 3053 3129 3128
f 3054 3055 3130
f 3054 3130 3129
f 3055 3056 3131
f 3055 3131 3130
f 3056 3057 3132
f 3056 3132 3131
f 3057 3058 3133
f 3057 3133 3132
f 3058 3059 3134
f 3058 3134 3133
f 3059 3060 3135
f 3059 3135 3134
f 3060 3061 3136
f 3060 3136 3135
f 3061 3062 3137
f 3061 3137 3136
f 3062 3063 3138
f 3062 3138 3137
f 3063 3064 3139
f 3063 3139 3138
f 3064 3065 3140
f 3064 3140 3139
f 3065 3066 3141
f 3065 3141 3140
f 3066 3067 3142
f 3066 3142 3141
f 3067 3068 3143
f 3067 3143 3142
f 3068 3069 3144
f 3068 3144 3143
f 3069 3070 3145
f 3069 3145 3144
f 3070 3071 3146
f 3070 3146 3145
f 3071 3072 3147
f 3071 3147 3146
f 3072 3073 3148
f 3072 3148 3147
f 3073 3074 3149
f 3073 3149 3148
f 3074 3075 3150
f 3074 3150 3149
f 3076 3077 3152
f 3076 3152 3151
f 3077 3078 3153
f 3077 3153 3152
f 3078 3079 3154
f 3078 3154 3153
f 3079 3080 3155
f 3079 3155 3154
f 3080 3081 3156
f 3080 3156 3155
f 3081 3082 3157
f 3081 3157 3156
f 3082 3083 3158
f 3082 3158 3157
f 3083 3084 3159
f 3083 3159 3158
f 3084 3085 3160
f 3084 3160 3159
f 3085 3086 3161
f 3085 3161 3160
f 3086 3087 3162
f 3086 3162 3161
f 3087 3088 3163
f 3087 3163 3162
f 3088 3089 3164
f 3088 3164 3163
f 3089 3090 3165
f 3089 3165 3164
f 3090 3091 3166
f 3090 3166 3165
f 3091 3092 3167
f 3091 3167 3166
f 3092 3093 3168
f 3092 3168 3167
f 3093 3094 3169
f 3093 3169 3168
f 3094 3095 3170
f 3094 3170 3169
f 3095 3096 3171
f 3095 3171 3170
f 3096 3097 3172
f 3096 3172 3171
f 3097 3098 3173
f 3097 3173 3172
f 3098 3099 3174
f 3098 3174 3173
f 3099 3100 3175
f 3099 3175 3174
f 3100 3101 3176
f 3100 3176 3175
f 3101 3102 3177
f 3101 3177 3176
f 3102 3103 3178
f 3102 3178 3177
f 3103 3104 3179
f 3103 3179 3178
f 3104 3105 3180
f 3104 3180 3179
f 3105 3106 3181
f 3105 3181 3180
f 3106 3107 3182
f 3106 3182 3181
f 3107 3108 3183
f 3107 3183 3182
f 3108 3109 3184
f 3108 3184 3183
f 3109 3110 3185
f 3109 3185 3184
f 3110 3111 3186
f 3110 3186 3185
f 3111 3112 3187
f 3111 3187 3186
f 3112 3113 3188
f 3112 3188 3187
f 3113 3114 3189
f 3113 3189 3188
f 3114 3115 3190
f 3114 3190 3189
f 3115 3116 3191
f 3115 3191 3190
f 3116 3117 3192
f 3116 3192 3191
f 3117 3118 3193
f 3117 3193 3192
f 3118 3119 3194
f 3118 3194 3193
f 3119 3120 3195
f 3119 3195 3194
f 3120 3121 3196
f 3120 3196 3195
f 3121 3122 3197
f 3121 3197 3196
f 3122 3123 3198
f 3122 3198 3197
f 3123 3124 3199
f 3123 3199 3198
f 3124 3125 3200
f 3124 3200 3199
f 3125 3126 3201
f 3125 3201 3200
f 3126 3127 3202
f 3126 3202 3201
f 3127 3128 3203
f 3127 3203 3202
f 3128 3129 3204
f 3128 3204 3203
f 3129 3130 3205
f 3129 3205 3204
f 3130 3131 3206
f 3130 3206 3205
f 3131 3132 3207
f 3131 3207 3206
f 3132 3133 3208
f 3132 3208 3207
f 3133 3134 3209
f 3133 3209 3208
f 3134 3135 3210
f 3134 3210 3209
f 3135 3136 3211
f 3135 3211 3210
f 3136 3137 3212
f 3136 3212 3211
f 3137 3138 3213
f 3137 3213 3212
f 3138 3139 3214
f 3138 3214 3213
f 3139 3140 3215
f 3139 3215 3214
f 3140 3141 3216
f 3140 3216 3215
f 3141 3142 3217
f 3141 3217 3216
f 3142 3143 3218
f 3142 3218 3217
f 3143 3144 3219
f 3143 3219 3218
f 3144 3145 3220
f 3144 3220 3219
f 3145 3146 3221
f 3145 3221 3220
f 3146 3147 3222
f 3146 3222 3221
f 3147 3148 3223
f 3147 3223 3222
f 3148 3149 3224
f 3148 3224 3223
f 3149 3150 3225
f 3149 3225 3224
f 3151 3152 3227
f 3151 3227 3226
f 3152 3153 3228
f 3152 3228 3227
f 3153 3154 3229
f 3153 3229 3228
f 3154 3155 3230
f 3154 3230 3229
f 3155 3156 3231
f 3155 3231 3230
f 3156 3157 3232
f 3156 3232 3231
f 3157 3158 3233
f 3157 3233 3232
f 3158 3159 3234
f 3158 3234 3233
f 3159 3160 3235
f 3159 3235 3234
f 3160 3161 3236
f 3160 3236 3235
f 3161 3162 3237
f 3161 3237 3236
f 3162 3163 3238
f 3162 3238 3237
f 3163 3164 3239
f 3163 3239 3238
f 3164 3165 3240
f 3164 3240 3239
f 3165 3166 3241
f 3165 3241 3240
f 3166 3167 3242
f 3166 3242 3241
f 3167 3168 3243
f 3167 3243 3242
f 3168 3169 3244
f 3168 3244 3243
f 3169 3170 3245
f 3169 3245 3244
f 3170 3171 3246
f 3170 3246 3245
f 3171 3172 3247
f 3171 3247 3246
f 3172 3173 3248
f 3172 3248 3247
f 3173 3174 3249
f 3173 3249 3248
f 3174 3175 3250
f 3174 3250 3249
f 3175 3176 3251
f 3175 3251 3250
f 3176 3177 3252
f 3176 3252 3251
f 3177 3178 3253
f 3177 3253 3252
f 3178 3179 3254
f 3178 3254 3253
f 3179 3180 3255
f 3179 3255 3254
f 3180 3181 3256
f 3180 3256 3255
f 3181 3182 3257
f 3181 3257 3256
f 3182 3183 3258
f 3182 3258 3257
f 3183 3184 3259
f 3183 3259 3258
f 3184 3185 3260
f 3184 3260 3259
f 3185 3186 3261
f 3185 3261 3260
f 3186 3187 3262
f 3186 3262 3261
f 3187 3188 3263
f 3187 3263 3262
f 3188 3189 3264
f 3188 3264 3263
f 3189 3190 3265
f 3189 3265 3264
f 3190 3191 3266
f 3190 3266 3265
f 3191 3192 3267
f 3191 3267 3266
f 3192 3193 3268
f 3192 3268 3267
f 3193 3194 3269
f 3193 3269 3268
f 3194 3195 3270
f 3194 3270 3269
f 3195 3196 3271
f 3195 3271 3270
f 3196 3197 3272
f 3196 3272 3271
f 3197 3198 3273
f 3197 3273 3272
f 3198 3199 3274
f 3198 3274 3273
f 3199 3200 3275
f 3199 3275 3274
f 3200 3201 3276
f 3200 3276 3275
f 3201 3202 3277
f 3201 3277 3276
f 3202 3203 3278
f 3202 3278 3277
f 3203 3204 3279
f 3203 3279 3278
f 3204 3205 3280
f 3204 3280 3279
f 3205 3206 3281
f 3205 3281 3280
f 3206 3207 3282
f 3206 3282 3281
f 3207 3208 3283
f 3207 3283 3282
f 3208 3209 3284
f 3208 3284 3283
f 3209 3210 3285
f 3209 3285 3284
f 3210 3211 3286
f 3210 3286 3285
f 3211 3212 3287
f 3211 3287 3286
f 3212 3213 3288
f 3212 3288 3287
f 3213 3214 3289
f 3213 3289 3288
f 3214 3215 3290
f 3214 3290 3289
f 3215 3216 3291
f 3215 3291 3290
f 3216 3217 3292
f 3216 3292 3291
f 3217 3218 3293
f 3217 3293 3292
f 3218 3219 3294
f 3218 3294 3293
f 3219 3220 3295
f 3219 3295 3294
f 3220 3221 3296
f 3220 3296 3295
f 3221 3222 3297
f 3221 3297 3296
f 3222 3223 3298
f 3222 3298 3297
f 3223 3224 3299
f 3223 3299 3298
f 3224 3225 3300
f 3224 3300 3299
f 3226 3227 3302
f 3226 3302 3301
f 3227 3228 3303
f 3227 3303 3302
f 3228 3229 3304
f 3228 3304 3303
f 3229 3230 3305
f 3229 3305 3304
f 3230 3231 3306
f 3230 3306 3305
f 3231 3232 3307
f 3231 3307 3306
f 3232 3233 3308
f 3232 3308 3307
f 3233 3234 3309
f 3233 3309 3308
f 3234 3235 3310
f 3234 3310 3309
f 3235 3236 3311
f 3235 3311 3310
f 3236 3237 3312
f 3236 3312 3311
f 3237 3238 3313
f 3237 3313 3312
f 3238 3239 3314
f 3238 3314 3313
f 3239 3240 3315
f 3239 3315 3314
f 3240 3241 3316
f 3240 3316 3315
f 3241 3242 3317
f 3241 3317 3316
f 3242 3243 3318
f 3242 3318 3317
f 3243 3244 3319
f 3243 3319 3318
f 3244 3245 3320
f 3244 3320 3319
f 3245 3246 3321
f 3245 3321 3320
f 3246 3247 3322
f 3246 3322 3321
f 3247 3248 3323
f 3247 3323 3322
f 3248 3249 3324
f 3248 3324 3323
f 3249 3250 3325
f 3249 3325 3324
f 3250 3251 3326
f 3250 3326 3325
f 3251 3252 3327
f 3251 3327 3326
f 3252 3253 3328
f 3252 3328 3327
f 3253 3254 3329
f 3253 3329 3328
f 3254 3255 3330
f 3254 3330 3329
f 3255 3256 3331
f 3255 3331 3330
f 3256 3257 3332
f 3256 3332 3331
f 3257 3258 3333
f 3257 3333 3332
f 3258 3259 3334
f 3258 3334 3333
f 3259 3260 3335
f 3259 3335 3334
f 3260 3261 3336
f 3260 3336 3335
f 3261 3262 3337
f 3261 3337 3336
f 3262 3263 3338
f 3262 3338 3337
f 3263 3264 3339
f 3263 3339 3338
f 3264 3265 3340
f 3264 3340 3339
f 3265 3266 3341
f 3265 3341 3340
f 3266 3267 3342
f 3266 3342 3341
f 3267 3268 3343
f 3267 3343 3342
f 3268 3269 3344
f 3268 3344 3343
f 3269 3270 3345
f 3269 3345 3344
f 3270 3271 3346
f 3270 3346 3345
f 3271 3272 3347
f 3271 3347 3346
f 3272 3273 3348
f 3272 3348 3347
f 3273 3274 3349
f 3273 3349 3348
f 3274 3275 3350
f 3274 3350 3349
f 3275 3276 3351
f 3275 3351 3350
f 3276 3277 3352
f 3276 3352 3351
f 3277 3278 3353
f 3277 3353 3352
f 3278 3279 3354
f 3278 3354 3353
f 3279 3280 3355
f 3279 3355 3354
f 3280 3281 3356
f 3280 3356 3355
f 3281 3282 3357
f 3281 3357 3356
f 3282 3283 3358
f 3282 3358 3357
f 3283 3284 3359
f 3283 3359 3358
f 3284 3285 3360
f 3284 3360 3359
f 3285 3286 3361
f 3285 3361 3360
f 3286 3287 3362
f 3286 3362 3361
f 3287 3288 3363
f 3287 3363 3362
f 3288 3289 3364
f 3288 3364 3363
f 3289 3290 3365
f 3289 3365 3364
f 3290 3291 3366
f 3290 3366 3365
f 3291 3292 3367
f 3291 3367 3366
f 3292 3293 3368
f 3292 3368 3367
f 3293 3294 3369
f 3293 3369 3368
f 3294 3295 3370
f 3294 3370 3369
f 3295 3296 3371
f 3295 3371 3370
f 3296 3297 3372
f 3296 3372 3371
f 3297 3298 3373
f 3297 3373 3372
f 3298 3299 3374
f 3298 3374 3373
f 3299 3300 3375
f 3299 3375 3374
f 3301 3302 3377
f 3301 3377 3376
f 3302 3303 3378
f 3302 3378 3377
f 3303 3304 3379
f 3303 3379 3378
f 3304 3305 3380
f 3304 3380 3379
f 3305 3306 3381
f 3305 3381 3380
f 3306 3307 3382
f 3306 3382 3381
f 3307 3308 3383
f 3307 3383 3382
f 3308 3309 3384
f 3308 3384 3383
f 3309 3310 3385
f 3309 3385 3384
f 3310 3311 3386
f 3310 3386 3385
f 3311 3312 3387
f 3311 3387 3386
f 3312 3313 3388
f 3312 3388 3387
f 3313 3314 3389
f 3313 3389 3388
f 3314 3315 3390
f 3314 3390 3389
f 3315 3316 3391
f 3315 3391 3390
f 3316 3317 3392
f 3316 3392 3391
f 3317 3318 3393
f 3317 3393 3392
f 3318 3319 3394
f 3318 3394 3393
f 3319 3320 3395
f 3319 3395 3394
f 3320 3321 3396
f 3320 3396 3395
f 3321 3322 3397
f 3321 3397 3396
f 3322 3323 3398
f 3322 3398 3397
f 3323 3324 3399
f 3323 3399 3398
f 3324 3325 3400
f 3324 3400 3399
f 3325 3326 3401
f 3325 3401 3400
f 3326 3327 3402
f 3326 3402 3401
f 3327 3328 3403
f 3327 3403 3402
f 3328 3329 3404
f 3328 3404 3403
f 3329 3330 3405
f 3329 3405 3404
f 3330 3331 3406
f 3330 3406 3405
f 3331 3332 3407
f 3331 3407 3406
f 3332 3333 3408
f 3332 3408 3407
f 3333 3334 3409
f 3333 3409 3408
f 3334 3335 3410
f 3334 3410 3409
f 3335 3336 3411
f 3335 3411 3410
f 3336 3337 3412
f 3336 3412 3411
f 3337 3338 3413
f 3337 3413 3412
f 3338 3339 3414
f 3338 3414 3413
f 3339 3340 3415
f 3339 3415 3414
f 3340 3341 3416
f 3340 3416 3415
f 3341 3342 3417
f 3341 3417 3416
f 3342 3343 3418
f 3342 3418 3417
f 3343 3344 3419
f 3343 3419 3418
f 3344 3345 3420
f 3344 3420 3419
f 3345 3346 3421
f 3345 3421 3420
f 3346 3347 3422
f 3346 3422 3421
f 3347 3348 3423
f 3347 3423 3422
f 3348 3349 3424
f 3348 3424 3423
f 3349 3350 3425
f 3349 3425 3424
f 3350 3351 3426
f 3350 3426 3425
f 3351 3352 3427
f 3351 3427 3426
f 3352 3353 3428
f 3352 3428 3427
f 3353 3354 3429
f 3353 3429 3428
f 3354 3355 3430
f 3354 3430 3429
f 3355 3356 3431
f 3355 3431 3430
f 3356 3357 3432
f 3356 3432 3431
f 3357 3358 3433
f 3357 3433 3432
f 3358 3359 3434
f 3358 3434 3433
f 3359 3360 3435
f 3359 3435 3434
f 3360 3361 3436
f 3360 3436 3435
f 3361 3362 3437
f 3361 3437 3436
f 3362 3363 3438
f 3362 3438 3437
f 3363 3364 3439
f 3363 3439 3438
f 3364 3365 3440
f 3364 3440 3439
f 3365 3366 3441
f 3365 3441 3440
f 3366 3367 3442
f 3366 3442 3441
f 3367 3368 3443
f 3367 3443 3442
f 3368 3369 3444
f 3368 3444 3443
f 3369 3370 3445
f 3369 3445 3444
f 3370 3371 3446
f 3370 3446 3445
f 3371 3372 3447
f 3371 3447 3446
f 3372 3373 3448
f 3372 3448 3447
f 3373 3374 3449
f 3373 3449 3448
f 3374 3375 3450
f 3374 3450 3449
f 3376 3377 3452
f 3376 3452 3451
f 3377 3378 3453
f 3377 3453 3452
f 3378 3379 3454
f 3378 3454 3453
f 3379 3380 3455
f 3379 3455 3454
f 3380 3381 3456
f 3380 3456 3455
f 3381 3382 3457
f 3381 3457 3456
f 3382 3383 3458
f 3382 3458 3457
f 3383 3384 3459
f 3383 3459 3458
f 3384 3385 3460
f 3384 3460 3459
f 3385 3386 3461
f 3385 3461 3460
f 3386 3387 3462
f 3386 3462 3461
f 3387 3388 3463
f 3387 3463 3462
f 3388 3389 3464
f 3388 3464 3463
f 3389 3390 3465
f 3389 3465 3464
f 3390 3391 3466
f 3390 3466 3465
f 3391 3392 3467
f 3391 3467 3466
f 3392 3393 3468
f 3392 3468 3467
f 3393 3394 3469
f 3393 3469 3468
f 3394 3395 3470
f 3394 3470 3469
f 3395 3396 3471
f 3395 3471 3470
f 3396 3397 3472
f 3396 3472 3471
f 3397 3398 3473
f 3397 3473 3472
f 3398 3399 3474
f 3398 3474 3473
f 3399 3400 3475
f 3399 3475 3474
f 3400 3401 3476
f 3400 3476 3475
f 3401 3402 3477
f 3401 3477 3476
f 3402 3403 3478
f 3402 3478 3477
f 3403 3404 3479
f 3403 3479 3478
f 3404 3405 3480
f 3404 3480 3479
f 3405 3406 3481
f 3405 3481 3480
f 3406 3407 3482
f 3406 3482 3481
f 3407 3408 3483
f 3407 3483 3482
f 3408 3409 3484
f 3408 3484 3483
f 3409 3410 3485
f 3409 3485 3484
f 3410 3411 3486
f 3410 3486 3485
f 3411 3412 3487
f 3411 3487 3486
f 3412 3413 3488
f 3412 3488 3487
f 3413 3414 3489
f 3413 3489 3488
f 3414 3415 3490
f 3414 3490 3489
f 3415 3416 3491
f 3415 3491 3490
f 3416 3417 3492
f 3416 3492 3491
f 3417 3418 3493
f 3417 3493 3492
f 3418 3419 3494
f 3418 3494 3493
f 3419 3420 3495
f 3419 3495 3494
f 3420 3421 3496
f 3420 3496 3495
f 3421 3422 3497
f 3421 3497 3496
f 3422 3423 3498
f 3422 3498 3497
f 3423 3424 3499
f 3423 3499 3498
f 3424 3425 3500
f 3424 3500 3499
f 3425 3426 3501
f 3425 3501 3500
f 3426 3427 3502
f 3426 3502 3501
f 3427 3428 3503
f 3427 3503 3502
f 3428 3429 3504
f 3428 3504 3503
f 3429 3430 3505
f 3429 3505 3504
f 3430 3431 3506
f 3430 3506 3505
f 3431 3432 3507
f 3431 3507 3506
f 3432 3433 3508
f 3432 3508 3507
f 3433 3434 3509
f 3433 3509 3508
f 3434 3435 3510
f 3434 3510 3509
f 3435 3436 3511
f 3435 3511 3510
f 3436 3437 3512
f 3436 3512 3511
f 3437 3438 3513
f 3437 3513 3512
f 3438 3439 3514
f 3438 3514 3513
f 3439 3440 3515
f 3439 3515 3514
f 3440 3441 3516
f 3440 3516 3515
f 3441 3442 3517
f 3441 3517 3516
f 3442 3443 3518
f 3442 3518 3517
f 3443 3444 3519
f 3443 3519 3518
f 3444 3445 3520
f 3444 3520 3519
f 3445 3446 3521
f 3445 3521 3520
f 3446 3447 3522
f 3446 3522 3521
f 3447 3448 3523
f 3447 3523 3522
f 3448 3449 3524
f 3448 3524 3523
f 3449 3450 3525
f 3449 3525 3524
f 3451 3452 3527
f 3451 3527 3526
f 3452 3453 3528
f 3452 3528 3527
f 3453 3454 3529
f 3453 3529 3528
f 3454 3455 3530
f 3454 3530 3529
f 3455 3456 3531
f 3455 3531 3530
f 3456 3457 3532
f 3456 3532 3531
f 3457 3458 3533
f 3457 3533 3532
f 3458 3459 3534
f 3458 3534 3533
f 3459 3460 3535
f 3459 3535 3534
f 3460 3461 3536
f 3460 3536 3535
f 3461 3462 3537
f 3461 3537 3536
f 3462 3463 3538
f 3462 3538 3537
f 3463 3464 3539
f 3463 3539 3538
f 3464 3465 3540
f 3464 3540 3539
f 3465 3466 3541
f 3465 3541 3540
f 3466 3467 3542
f 3466 3542 3541
f 3467 3468 3543
f 3467 3543 3542
f 3468 3469 3544
f 3468 3544 3543
f 3469 3470 3545
f 3469 3545 3544
f 3470 3471 3546
f 3470 3546 3545
f 3471 3472 3547
f 3471 3547 3546
f 3472 3473 3548
f 3472 3548 3547
f 3473 3474 3549
f 3473 3549 3548
f 3474 3475 3550
f 3474 3550 3549
f 3475 3476 3551
f 3475 3551 3550
f 3476 3477 3552
f 3476 3552 3551
f 3477 3478 3553
f 3477 3553 3552
f 3478 3479 3554
f 3478 3554 3553
f 3479 3480 3555
f 3479 3555 3554
f 3480 3481 3556
f 3480 3556 3555
f 3481 3482 3557
f 3481 3557 3556
f 3482 3483 3558
f 3482 3558 3557
f 3483 3484 3559
f 3483 3559 3558
f 3484 3485 3560
f 3484 3560 3559
f 3485 3486 3561
f 3485 3561 3560
f 3486 3487 3562
f 3486 3562 3561
f 3487 3488 3563
f 3487 3563 3562
f 3488 3489 3564
f 3488 3564 3563
f 3489 3490 3565
f 3489 3565 3564
f 3490 3491 3566
f 3490 3566 3565
f 3491 3492 3567
f 3491 3567 3566
f 3492 3493 3568
f 3492 3568 3567
f 3493 3494 3569
f 3493 3569 3568
f 3494 3495 3570
f 3494 3570 3569
f 3495 3496 3571
f 3495 3571 3570
f 3496 3497 3572
f 3496 3572 3571
f 3497 3498 3573
f 3497 3573 3572
f 3498 3499 3574
f 3498 3574 3573
f 3499 3500 3575
f 3499 3575 3574
f 3500 3501 3576
f 3500 3576 3575
f 3501 3502 3577
f 3501 3577 3576
f 3502 3503 3578
f 3502 3578 3577
f 3503 3504 3579
f 3503 3579 3578
f 3504 3505 3580
f 3504 3580 3579
f 3505 3506 3581
f 3505 3581 3580
f 3506 3507 3582
f 3506 3582 3581
f 3507 3508 3583
f 3507 3583 3582
f 3508 3509 3584
f 3508 3584 3583
f 3509 3510 3585
f 3509 3585 3584
f 3510 3511 3586
f 3510 3586 3585
f 3511 3512 3587
f 3511 3587 3586
f 3512 3513 3588
f 3512 3588 3587
f 3513 3514 3589
f 3513 3589 3588
f 3514 3515 3590
f 3514 3590 3589
f 3515 3516 3591
f 3515 3591 3590
f 3516 3517 3592
f 3516 3592 3591
f 3517 3518 3593
f 3517 3593 3592
f 3518 3519 3594
f 3518 3594 3593
f 3519 3520 3595
f 3519 3595 3594
f 3520 3521 3596
f 3520 3596 3595
f 3521 3522 3597
f 3521 3597 3596
f 3522 3523 3598
f 3522 3598 3597
f 3523 3524 3599
f 3523 3599 3598
f 3524 3525 3600
f 3524 3600 3599
f 3526 3527 3602
f 3526 3602 3601
f 3527 3528 3603
f 3527 3603 3602
f 3528 3529 3604
f 3528 3604 3603
f 3529 3530 3605
f 3529 3605 3604
f 3530 3531 3606
f 3530 3606 3605
f 3531 3532 3607
f 3531 3607 3606
f 3532 3533 3608
f 3532 3608 3607
f 3533 3534 3609
f 3533 3609 3608
f 3534 3535 3610
f 3534 3610 3609
f 3535 3536 3611
f 3535 3611 3610
f 3536 3537 3612
f 3536 3612 3611
f 3537 3538 3613
f 3537 3613 3612
f 3538 3539 3614
f 3538 3614 3613
f 3539 3540 3615
f 3539 3615 3614
f 3540 3541 3616
f 3540 3616 3615
f 3541 3542 3617
f 3541 3617 3616
f 3542 3543 3618
f 3542 3618 3617
f 3543 3544 3619
f 3543 3619 3618
f 3544 3545 3620
f 3544 3620 3619
f 3545 3546 3621
f 3545 3621 3620
f 3546 3547 3622
f 3546 3622 3621
f 3547 3548 3623
f 3547 3623 3622
f 3548 3549 3624
f 3548 3624 3623
f 3549 3550 3625
f 3549 3625 3624
f 3550 3551 3626
f 3550 3626 3625
f 3551 3552 3627
f 3551 3627 3626
f 3552 3553 3628
f 3552 3628 3627
f 3553 3554 3629
f 3553 3629 3628
f 3554 3555 3630
f 3554 3630 3629
f 3555 3556 3631
f 3555 3631 3630
f 3556 3557 3632
f 3556 3632 3631
f 3557 3558 3633
f 3557 3633 3632
f 3558 3559 3634
f 3558 3634 3633
f 3559 3560 3635
f 3559 3635 3634
f 3560 3561 3636
f 3560 3636 3635
f 3561 3562 3637
f 3561 3637 3636
f 3562 3563 3638
f 3562 3638 3637
f 3563 3564 3639
f 3563 3639 3638
f 3564 3565 3640
f 3564 3640 3639
f 3565 3566 3641
f 3565 3641 3640
f 3566 3567 3642
f 3566 3642 3641
f 3567 3568 3643
f 3567 3643 3642
f 3568 3569 3644
f 3568 3644 3643
f 3569 3570 3645
f 3569 3645 3644
f 3570 3571 3646
f 3570 3646 3645
f 3571 3572 3647
f 3571 3647 3646
f 3572 3573 3648
f 3572 3648 3647
f 3573 3574 3649
f 3573 3649 3648
f 3574 3575 3650
f 3574 3650 3649
f 3575 3576 3651
f 3575 3651 3650
f 3576 3577 3652
f 3576 3652 3651
f 3577 3578 3653
f 3577 3653 3652
f 3578 3579 3654
f 3578 3654 3653
f 3579 3580 3655
f 3579 3655 3654
f 3580 3581 3656
f 3580 3656 3655
f 3581 3582 3657
f 3581 3657 3656
f 3582 3583 3658
f 3582 3658 3657
f 3583 3584 3659
f 3583 3659 3658
f 3584 3585 3660
f 3584 3660 3659
f 3585 3586 3661
f 3585 3661 3660
f 3586 3587 3662
f 3586 3662 3661
f 3587 3588 3663
f 3587 3663 3662
f 3588 3589 3664
f 3588 3664 3663
f 3589 3590 3665
f 3589 3665 3664
f 3590 3591 3666
f 3590 3666 3665
f 3591 3592 3667
f 3591 3667 3666
f 3592 3593 3668
f 3592 3668 3667
f 3593 3594 3669
f 3593 3669 3668
f 3594 3595 3670
f 3594 3670 3669
f 3595 3596 3671
f 3595 3671 3670
f 3596 3597 3672
f 3596 3672 3671
f 3597 3598 3673
f 3597 3673 3672
f 3598 3599 3674
f 3598 3674 3673
f 3599 3600 3675
f 3599 3675 3674
f 3601 3602 3677
f 3601 3677 3676
f 3602 3603 3678
f 3602 3678 3677
f 3603 3604 3679
f 3603 3679 3678
f 3604 3605 3680
f 3604 3680 3679
f 3605 3606 3681
f 3605 3681 3680
f 3606 3607 3682
f 3606 3682 3681
f 3607 3608 3683
f 3607 3683 3682
f 3608 3609 3684
f 3608 3684 3683
f 3609 3610 3685
f 3609 3685 3684
f 3610 3611 3686
f 3610 3686 3685
f 3611 3612 3687
f 3611 3687 3686
f 3612 3613 3688
f 3612 3688 3687
f 3613 3614 3689
f 3613 3689 3688
f 3614 3615 3690
f 3614 3690 3689
f 3615 3616 3691
f 3615 3691 3690
f 3616 3617 3692
f 3616 3692 3691
f 3617 3618 3693
f 3617 3693 3692
f 3618 3619 3694
f 3618 3694 3693
f 3619 3620 3695
f 3619 3695 3694
f 3620 3621 3696
f 3620 3696 3695
f 3621 3622 3697
f 3621 3697 3696
f 3622 3623 3698
f 3622 3698 3697
f 3623 3624 3699
f 3623 3699 3698
f 3624 3625 3700
f 3624 3700 3699
f 3625 3626 3701
f 3625 3701 3700
f 3626 3627 3702
f 3626 3702 3701
f 3627 3628 3703
f 3627 3703 3702
f 3628 3629 3704
f 3628 3704 3703
f 3629 3630 3705
f 3629 3705 3704
f 3630 3631 3706
f 3630 3706 3705
f 3631 3632 3707
f 3631 3707 3706
f 3632 3633 3708
f 3632 3708 3707
f 3633 3634 3709
f 3633 3709 3708
f 3634 3635 3710
f 3634 3710 3709
f 3635 3636 3711
f 3635 3711 3710
f 3636 3637 3712
f 3636 3712 3711
f 3637 3638 3713
f 3637 3713 3712
f 3638 3639 3714
f 3638 3714 3713
f 3639 3640 3715
f 3639 3715 3714
f 3640 3641 3716
f 3640 3716 3715
f 3641 3642 3717
f 3641 3717 3716
f 3642 3643 3718
f 3642 3718 3717
f 3643 3644 3719
f 3643 3719 3718
f 3644 3645 3720
f 3644 3720 3719
f 3645 3646 3721
f 3645 3721 3720
f 3646 3647 3722
f 3646 3722 3721
f 3647 3648 3723
f 3647 3723 3722
f 3648 3649 3724
f 3648 3724 3723
f 3649 3650 3725
f 3649 3725 3724
f 3650 3651 3726
f 3650 3726 3725
f 3651 3652 3727
f 3651 3727 3726
f 3652 3653 3728
f 3652 3728 3727
f 3653 3654 3729
f 3653 3729 3728
f 3654 3655 3730
f 3654 3730 3729
f 3655 3656 3731
f 3655 3731 3730
f 3656 3657 3732
f 3656 3732 3731
f 3657 3658 3733
f 3657 3733 3732
f 3658 3659 3734
f 3658 3734 3733
f 3659 3660 3735
f 3659 3735 3734
f 3660 3661 3736
f 3660 3736 3735
f 3661 3662 3737
f 3661 3737 3736
f 3662 3663 3738
f 3662 3738 3737
f 3663 3664 3739
f 3663 3739 3738
f 3664 3665 3740
f 3664 3740 3739
f 3665 3666 3741
f 3665 3741 3740
f 3666 3667 3742
f 3666 3742 3741
f 3667 3668 3743
f 3667 3743 3742
f 3668 3669 3744
f 3668 3744 3743
f 3669 3670 3745
f 3669 3745 3744
f 3670 3671 3746
f 3670 3746 3745
f 3671 3672 3747
f 3671 3747 3746
f 3672 3673 3748
f 3672 3748 3747
f 3673 3674 3749
f 3673 3749 3748
f 3674 3675 3750
f 3674 3750 3749
f 3676 3677 3752
f 3676 3752 3751
f 3677 3678 3753
f 3677 3753 3752
f 3678 3679 3754
f 3678 3754 3753
f 3679 3680 3755
f 3679 3755 3754
f 3680 3681 3756
f 3680 3756 3755
f 3681 3682 3757
f 3681 3757 3756
f 3682 3683 3758
f 3682 3758 3757
f 3683 3684 3759
f 3683 3759 3758
f 3684 3685 3760
f 3684 3760 3759
f 3685 3686 3761
f 3685 3761 3760
f 3686 3687 3762
f 3686 3762 3761
f 3687 3688 3763
f 3687 3763 3762
f 3688 3689 3764
f 3688 3764 3763
f 3689 3690 3765
f 3689 3765 3764
f 3690 3691 3766
f 3690 3766 3765
f 3691 3692 3767
f 3691 3767 3766
f 3692 3693 3768
f 3692 3768 3767
f 3693 3694 3769
f 3693 3769 3768
f 3694 3695 3770
f 3694 3770 3769
f 3695 3696 3771
f 3695 3771 3770
f 3696 3697 3772
f 3696 3772 3771
f 3697 3698 3773
f 3697 3773 3772
f 3698 3699 3774
f 3698 3774 3773
f 3699 3700 3775
f 3699 3775 3774
f 3700 3701 3776
f 3700 3776 3775
f 3701 3702 3777
f 3701 3777 3776
f 3702 3703 3778
f 3702 3778 3777
f 3703 3704 3779
f 3703 3779 3778
f 3704 3705 3780
f 3704 3780 3779
f 3705 3706 3781
f 3705 3781 3780
f 3706 3707 3782
f 3706 3782 3781
f 3707 3708 3783
f 3707 3783 3782
f 3708 3709 3784
f 3708 3784 3783
f 3709 3710 3785
f 3709 3785 3784
f 3710 3711 3786
f 3710 3786 3785
f 3711 3712 3787
f 3711 3787 3786
f 3712 3713 3788
f 3712 3788 3787
f 3713 3714 3789
f 3713 3789 3788
f 3714 3715 3790
f 3714 3790 3789
f 3715 3716 3791
f 3715 3791 3790
f 3716 3717 3792
f 3716 3792 3791
f 3717 3718 3793
f 3717 3793 3792
f 3718 3719 3794
f 3718 3794 3793
f 3719 3720 3795
f 3719 3795 3794
f 3720 3721 3796
f 3720 3796 3795
f 3721 3722 3797
f 3721 3797 3796
f 3722 3723 3798
f 3722 3798 3797
f 3723 3724 3799
f 3723 3799 3798
f 3724 3725 3800
f 3724 3800 3799
f 3725 3726 3801
f 3725 3801 3800
f 3726 3727 3802
f 3726 3802 3801
f 3727 3728 3803
f 3727 3803 3802
f 3728 3729 3804
f 3728 3804 3803
f 3729 3730 3805
f 3729 3805 3804
f 3730 3731 3806
f 3730 3806 3805
f 3731 3732 3807
f 3731 3807 3806
f 3732 3733 3808
f 3732 3808 3807
f 3733 3734 3809
f 3733 3809 3808
f 3734 3735 3810
f 3734 3810 3809
f 3735 3736 3811
f 3735 3811 3810
f 3736 3737 3812
f 3736 3812 3811
f 3737 3738 3813
f 3737 3813 3812
f 3738 3739 3814
f 3738 3814 3813
f 3739 3740 3815
f 3739 3815 3814
f 3740 3741 3816
f 3740 3816 3815
f 3741 3742 3817
f 3741 3817 3816
f 3742 3743 3818
f 3742 3818 3817
f 3743 3744 3819
f 3743 3819 3818
f 3744 3745 3820
f 3744 3820 3819
f 3745 3746 3821
f 3745 3821 3820
f 3746 3747 3822
f 3746 3822 3821
f 3747 3748 3823
f 3747 3823 3822
f 3748 3749 3824
f 3748 3824 3823
f 3749 3750 3825
f 3749 3825 3824
f 3751 3752 3827
f 3751 3827 3826
f 3752 3753 3828
f 3752 3828 3827
f 3753 3754 3829
f 3753 3829 3828
f 3754 3755 3830
f 3754 3830 3829
f 3755 3756 3831
f 3755 3831 3830
f 3756 3757 3832
f 3756 3832 3831
f 3757 3758 3833
f 3757 3833 3832
f 3758 3759 3834
f 3758 3834 3833
f 3759 3760 3835
f 3759 3835 3834
f 3760 3761 3836
f 3760 3836 3835
f 3761 3762 3837
f 3761 3837 3836
f 3762 3763 3838
f 3762 3838 3837
f 3763 3764 3839
f 3763 3839 3838
f 3764 3765 3840
f 3764 3840 3839
f 3765 3766 3841
f 3765 3841 3840
f 3766 3767 3842
f 3766 3842 3841
f 3767 3768 3843
f 3767 3843 3842
f 3768 3769 3844
f 3768 3844 3843
f 3769 3770 3845
f 3769 3845 3844
f 3770 3771 3846
f 3770 3846 3845
f 3771 3772 3847
f 3771 3847 3846
f 3772 3773 3848
f 3772 3848 3847
f 3773 3774 3849
f 3773 3849 3848
f 3774 3775 3850
f 3774 3850 3849
f 3775 3776 3851
f 3775 3851 3850
f 3776 3777 3852
f 3776 3852 3851
f 3777 3778 3853
f 3777 3853 3852
f 3778 3779 3854
f 3778 3854 3853
f 3779 3780 3855
f 3779 3855 3854
f 3780 3781 3856
f 3780 3856 3855
f 3781 3782 3857
f 3781 3857 3856
f 3782 3783 3858
f 3782 3858 3857
f 3783 3784 3859
f 3783 3859 3858
f 3784 3785 3860
f 3784 3860 3859
f 3785 3786 3861
f 3785 3861 3860
f 3786 3787 3862
f 3786 3862 3861
f 3787 3788 3863
f 3787 3863 3862
f 3788 3789 3864
f 3788 3864 3863
f 3789 3790 3865
f 3789 3865 3864
f 3790 3791 3866
f 3790 3866 3865
f 3791 3792 3867
f 3791 3867 3866
f 3792 3793 3868
f 3792 3868 3867
f 3793 3794 3869
f 3793 3869 3868
f 3794 3795 3870
f 3794 3870 3869
f 3795 3796 3871
f 3795 3871 3870
f 3796 3797 3872
f 3796 3872 3871
f 3797 3798 3873
f 3797 3873 3872
f 3798 3799 3874
f 3798 3874 3873
f 3799 3800 3875
f 3799 3875 3874
f 3800 3801 3876
f 3800 3876 3875
f 3801 3802 3877
f 3801 3877 3876
f 3802 3803 3878
f 3802 3878 3877
f 3803 3804 3879
f 3803 3879 3878
f 3804 3805 3880
f 3804 3880 3879
f 3805 3806 3881
f 3805 3881 3880
f 3806 3807 3882
f 3806 3882 3881
f 3807 3808 3883
f 3807 3883 3882
f 3808 3809 3884
f 3808 3884 3883
f 3809 3810 3885
f 3809 3885 3884
f 3810 3811 3886
f 3810 3886 3885
f 3811 3812 3887
f 3811 3887 3886
f 3812 3813 3888
f 3812 3888 3887
f 3813 3814 3889
f 3813 3889 3888
f 3814 3815 3890
f 3814 3890 3889
f 3815 3816 3891
f 3815 3891 3890
f 3816 3817 3892
f 3816 3892 3891
f 3817 3818 3893
f 3817 3893 3892
f 3818 3819 3894
f 3818 3894 3893
f 3819 3820 3895
f 3819 3895 3894
f 3820 3821 3896
f 3820 3896 3895
f 3821 3822 3897
f 3821 3897 3896
f 3822 3823 3898
f 3822 3898 3897
f 3823 3824 3899
f 3823 3899 3898
f 3824 3825 3900
f 3824 3900 3899
f 3826 3827 3902
f 3826 3902 3901
f 3827 3828 3903
f 3827 3903 3902
f 3828 3829 3904
f 3828 3904 3903
f 3829 3830 3905
f 3829 3905 3904
f 3830 3831 3906
f 3830 3906 3905
f 3831 3832 3907
f 3831 3907 3906
f 3832 3833 3908
f 3832 3908 3907
f 3833 3834 3909
f 3833 3909 3908
f 3834 3835 3910
f 3834 3910 3909
f 3835 3836 3911
f 3835 3911 3910
f 3836 3837 3912
f 3836 3912 3911
f 3837 3838 3913
f 3837 3913 3912
f 3838 3839 3914
f 3838 3914 3913
f 3839 3840 3915
f 3839 3915 3914
f 3840 3841 3916
f 3840 3916 3915
f 3841 3842 3917
f 3841 3917 3916
f 3842 3843 3918
f 3842 3918 3917
f 3843 3844 3919
f 3843 3919 3918
f 3844 3845 3920
f 3844 3920 3919
f 3845 3846 3921
f 3845 3921 3920
f 3846 3847 3922
f 3846 3922 3921
f 3847 3848 3923
f 3847 3923 3922
f 3848 3849 3924
f 3848 3924 3923
f 3849 3850 3925
f 3849 3925 3924
f 3850 3851 3926
f 3850 3926 3925
f 3851 3852 3927
f 3851 3927 3926
f 3852 3853 3928
f 3852 3928 3927
f 3853 3854 3929
f 3853 3929 3928
f 3854 3855 3930
f 3854 3930 3929
f 3855 3856 3931
f 3855 3931 3930
f 3856 3857 3932
f 3856 3932 3931
f 3857 3858 3933
f 3857 3933 3932
f 3858 3859 3934
f 3858 3934 3933
f 3859 3860 3935
f 3859 3935 3934
f 3860 3861 3936
f 3860 3936 3935
f 3861 3862 3937
f 3861 3937 3936
f 3862 3863 3938
f 3862 3938 3937
f 3863 3864 3939
f 3863 3939 3938
f 3864 3865 3940
f 3864 3940 3939
f 3865 3866 3941
f 3865 3941 3940
f 3866 3867 3942
f 3866 3942 3941
f 3867 3868 3943
f 3867 3943 3942
f 3868 3869 3944
f 3868 3944 3943
f 3869 3870 3945
f 3869 3945 3944
f 3870 3871 3946
f 3870 3946 3945
f 3871 3872 3947
f 3871 3947 3946
f 3872 3873 3948
f 3872 3948 3947
f 3873 3874 3949
f 3873 3949 3948
f 3874 3875 3950
f 3874 3950 3949
f 3875 3876 3951
f 3875 3951 3950
f 3876 3877 3952
f 3876 3952 3951
f 3877 3878 3953
f 3877 3953 3952
f 3878 3879 3954
f 3878 3954 3953
f 3879 3880 3955
f 3879 3955 3954
f 3880 3881 3956
f 3880 3956 3955
f 3881 3882 3957
f 3881 3957 3956
f 3882 3883 3958
f 3882 3958 3957
f 3883 3884 3959
f 3883 3959 3958
f 3884 3885 3960
f 3884 3960 3959
f 3885 3886 3961
f 3885 3961 3960
f 3886 3887 3962
f 3886 3962 3961
f 3887 3888 3963
f 3887 3963 3962
f 3888 3889 3964
f 3888 3964 3963
f 3889 3890 3965
f 3889 3965 3964
f 3890 3891 3966
f 3890 3966 3965
f 3891 3892 3967
f 3891 3967 3966
f 3892 3893 3968
f 3892 3968 3967
f 3893 3894 3969
f 3893 3969 3968
f 3894 3895 3970
f 3894 3970 3969
f 3895 3896 3971
f 3895 3971 3970
f 3896 3897 3972
f 3896 3972 3971
f 3897 3898 3973
f 3897 3973 3972
f 3898 3899 3974
f 3898 3974 3973
f 3899 3900 3975
f 3899 3975 3974
f 3901 3902 3977
f 3901 3977 3976
f 3902 3903 3978
f 3902 3978 3977
f 3903 3904 3979
f 3903 3979 3978
f 3904 3905 3980
f 3904 3980 3979
f 3905 3906 3981
f 3905 3981 3980
f 3906 3907 3982
f 3906 3982 3981
f 3907 3908 3983
f 3907 3983 3982
f 3908 3909 3984
f 3908 3984 3983
f 3909 3910 3985
f 3909 3985 3984
f 3910 3911 3986
f 3910 3986 3985
f 3911 3912 3987
f 3911 3987 3986
f 3912 3913 3988
f 3912 3988 3987
f 3913 3914 3989
f 3913 3989 3988
f 3914 3915 3990
f 3914 3990 3989
f 3915 3916 3991
f 3915 3991 3990
f 3916 3917 3992
f 3916 3992 3991
f 3917 3918 3993
f 3917 3993 3992
f 3918 3919 3994
f 3918 3994 3993
f 3919 3920 3995
f 3919 3995 3994
f 3920 3921 3996
f 3920 3996 3995
f 3921 3922 3997
f 3921 3997 3996
f 3922 3923 3998
f 3922 3998 3997
f 3923 3924 3999
f 3923 3999 3998
f 3924 3925 4000
f 3924 4000 3999
f 3925 3926 4001
f 3925 4001 4000
f 3926 3927 4002
f 3926 4002 4001
f 3927 3928 4003
f 3927 4003 4002
f 3928 3929 4004
f 3928 4004 4003
f 3929 3930 4005
f 3929 4005 4004
f 3930 3931 4006
f 3930 4006 4005
f 3931 3932 4007
f 3931 4007 4006
f 3932 3933 4008
f 3932 4008 4007
f 3933 3934 4009
f 3933 4009 4008
f 3934 3935 4010
f 3934 4010 4009
f 3935 3936 4011
f 3935 4011 4010
f 3936 3937 4012
f 3936 4012 4011
f 3937 3938 4013
f 3937 4013 4012
f 3938 3939 4014
f 3938 4014 4013
f 3939 3940 4015
f 3939 4015 4014
f 3940 3941 4016
f 3940 4016 4015
f 3941 3942 4017
f 3941 4017 4016
f 3942 3943 4018
f 3942 4018 4017
f 3943 3944 4019
f 3943 4019 4018
f 3944 3945 4020
f 3944 4020 4019
f 3945 3946 4021
f 3945 4021 4020
f 3946 3947 4022
f 3946 4022 4021
f 3947 3948 4023
f 3947 4023 4022
f 3948 3949 4024
f 3948 4024 4023
f 3949 3950 4025
f 3949 4025 4024
f 3950 3951 4026
f 3950 4026 4025
f 3951 3952 4027
f 3951 4027 4026
f 3952 3953 4028
f 3952 4028 4027
f 3953 3954 4029
f 3953 4029 4028
f 3954 3955 4030
f 3954 4030 4029
f 3955 3956 4031
f 3955 4031 4030
f 3956 3957 4032
f 3956 4032 4031
f 3957 3958 4033
f 3957 4033 4032
f 3958 3959 4034
f 3958 4034 4033
f 3959 3960 4035
f 3959 4035 4034
f 3960 3961 4036
f 3960 4036 4035
f 3961 3962 4037
f 3961 4037 4036
f 3962 3963 4038
f 3962 4038 4037
f 3963 3964 4039
f 3963 4039 4038
f 3964 3965 4040
f 3964 4040 4039
f 3965 3966 4041
f 3965 4041 4040
f 3966 3967 4042
f 3966 4042 4041
f 3967 3968 4043
f 3967 4043 4042
f 3968 3969 4044
f 3968 4044 4043
f 3969 3970 4045
f 3969 4045 4044
f 3970 3971 4046
f 3970 4046 4045
f 3971 3972 4047
f 3971 4047 4046
f 3972 3973 4048
f 3972 4048 4047
f 3973 3974 4049
f 3973 4049 4048
f 3974 3975 4050
f 3974 4050 4049
f 3976 3977 4052
f 3976 4052 4051
f 3977 3978 4053
f 3977 4053 4052
f 3978 3979 4054
f 3978 4054 4053
f 3979 3980 4055
f 3979 4055 4054
f 3980 3981 4056
f 3980 4056 4055
f 3981 3982 4057
f 3981 4057 4056
f 3982 3983 4058
f 3982 4058 4057
f 3983 3984 4059
f 3983 4059 4058
f 3984 3985 4060
f 3984 4060 4059
f 3985 3986 4061
f 3985 4061 4060
f 3986 3987 4062
f 3986 4062 4061
f 3987 3988 4063
f 3987 4063 4062
f 3988 3989 4064
f 3988 4064 4063
f 3989 3990 4065
f 3989 4065 4064
f 3990 3991 4066
f 3990 4066 4065
f 3991 3992 4067
f 3991 4067 4066
f 3992 3993 4068
f 3992 4068 4067
f 3993 3994 4069
f 3993 4069 4068
f 3994 3995 4070
f 3994 4070 4069
f 3995 3996 4071
f 3995 4071 4070
f 3996 3997 4072
f 3996 4072 4071
f 3997 3998 4073
f 3997 4073 4072
f 3998 3999 4074
f 3998 4074 4073
f 3999 4000 4075
f 3999 4075 4074
f 4000 4001 4076
f 4000 4076 4075
f 4001 4002 4077
f 4001 4077 4076
f 4002 4003 4078
f 4002 4078 4077
f 4003 4004 4079
f 4003 4079 4078
f 4004 4005 4080
f 4004 4080 4079
f 4005 4006 4081
f 4005 4081 4080
f 4006 4007 4082
f 4006 4082 4081
f 4007 4008 4083
f 4007 4083 4082
f 4008 4009 4084
f 4008 4084 4083
f 4009 4010 4085
f 4009 4085 4084
f 4010 4011 4086
f 4010 4086 4085
f 4011 4012 4087
f 4011 4087 4086
f 4012 4013 4088
f 4012 4088 4087
f 4013 4014 4089
f 4013 4089 4088
f 4014 4015 4090
f 4014 4090 4089
f 4015 4016 4091
f 4015 4091 4090
f 4016 4017 4092
f 4016 4092 4091
f 4017 4018 4093
f 4017 4093 4092
f 4018 4019 4094
f 4018 4094 4093
f 4019 4020 4095
f 4019 4095 4094
f 4020 4021 4096
f 4020 4096 4095
f 4021 4022 4097
f 4021 4097 4096
f 4022 4023 4098
f 4022 4098 4097
f 4023 4024 4099
f 4023 4099 4098
f 4024 4025 4100
f 4024 4100 4099
f 4025 4026 4101
f 4025 4101 4100
f 4026 4027 4102
f 4026 4102 4101
f 4027 4028 4103
f 4027 4103 4102
f 4028 4029 4104
f 4028 4104 4103
f 4029 4030 4105
f 4029 4105 4104
f 4030 4031 4106
f 4030 4106 4105
f 4031 4032 4107
f 4031 4107 4106
f 4032 4033 4108
f 4032 4108 4107
f 4033 4034 4109
f 4033 4109 4108
f 4034 4035 4110
f 4034 4110 4109
f 4035 4036 4111
f 4035 4111 4110
f 4036 4037 4112
f 4036 4112 4111
f 4037 4038 4113
f 4037 4113 4112
f 4038 4039 4114
f 4038 4114 4113
f 4039 4040 4115
f 4039 4115 4114
f 4040 4041 4116
f 4040 4116 4115
f 4041 4042 4117
f 4041 4117 4116
f 4042 4043 4118
f 4042 4118 4117
f 4043 4044 4119
f 4043 4119 4118
f 4044 4045 4120
f 4044 4120 4119
f 4045 4046 4121
f 4045 4121 4120
f 4046 4047 4122
f 4046 4122 4121
f 4047 4048 4123
f 4047 4123 4122
f 4048 4049 4124
f 4048 4124 4123
f 4049 4050 4125
f 4049 4125 4124
f 4051 4052 4127
f 4051 4127 4126
f 4052 4053 4128
f 4052 4128 4127
f 4053 4054 4129
f 4053 4129 4128
f 4054 4055 4130
f 4054 4130 4129
f 4055 4056 4131
f 4055 4131 4130
f 4056 4057 4132
f 4056 4132 4131
f 4057 4058 4133
f 4057 4133 4132
f 4058 4059 4134
f 4058 4134 4133
f 4059 4060 4135
f 4059 4135 4134
f 4060 4061 4136
f 4060 4136 4135
f 4061 4062 4137
f 4061 4137 4136
f 4062 4063 4138
f 4062 4138 4137
f 4063 4064 4139
f 4063 4139 4138
f 4064 4065 4140
f 4064 4140 4139
f 4065 4066 4141
f 4065 4141 4140
f 4066 4067 4142
f 4066 4142 4141
f 4067 4068 4143
f 4067 4143 4142
f 4068 4069 4144
f 4068 4144 4143
f 4069 4070 4145
f 4069 4145 4144
f 4070 4071 4146
f 4070 4146 4145
f 4071 4072 4147
f 4071 4147 4146
f 4072 4073 4148
f 4072 4148 4147
f 4073 4074 4149
f 4073 4149 4148
f 4074 4075 4150
f 4074 4150 4149
f 4075 4076 4151
f 4075 4151 4150
f 4076 4077 4152
f 4076 4152 4151
f 4077 4078 4153
f 4077 4153 4152
f 4078 4079 4154
f 4078 4154 4153
f 4079 4080 4155
f 4079 4155 4154
f 4080 4081 4156
f 4080 4156 4155
f 4081 4082 4157
f 4081 4157 4156
f 4082 4083 4158
f 4082 4158 4157
f 4083 4084 4159
f 4083 4159 4158
f 4084 4085 4160
f 4084 4160 4159
f 4085 4086 4161
f 4085 4161 4160
f 4086 4087 4162
f 4086 4162 4161
f 4087 4088 4163
f 4087 4163 4162
f 4088 4089 4164
f 4088 4164 4163
f 4089 4090 4165
f 4089 4165 4164
f 4090 4091 4166
f 4090 4166 4165
f 4091 4092 4167
f 4091 4167 4166
f 4092 4093 4168
f 4092 4168 4167
f 4093 4094 4169
f 4093 4169 4168
f 4094 4095 4170
f 4094 4170 4169
f 4095 4096 4171
f 4095 4171 4170
f 4096 4097 4172
f 4096 4172 4171
f 4097 4098 4173
f 4097 4173 4172
f 4098 4099 4174
f 4098 4174 4173
f 4099 4100 4175
f 4099 4175 4174
f 4100 4101 4176
f 4100 4176 4175
f 4101 4102 4177
f 4101 4177 4176
f 4102 4103 4178
f 4102 4178 4177
f 4103 4104 4179
f 4103 4179 4178
f 4104 4105 4180
f 4104 4180 4179
f 4105 4106 4181
f 4105 4181 4180
f 4106 4107 4182
f 4106 4182 4181
f 4107 4108 4183
f 4107 4183 4182
f 4108 4109 4184
f 4108 4184 4183
f 4109 4110 4185
f 4109 4185 4184
f 4110 4111 4186
f 4110 4186 4185
f 4111 4112 4187
f 4111 4187 4186
f 4112 4113 4188
f 4112 4188 4187
f 4113 4114 4189
f 4113 4189 4188
f 4114 4115 4190
f 4114 4190 4189
f 4115 4116 4191
f 4115 4191 4190
f 4116 4117 4192
f 4116 4192 4191
f 4117 4118 4193
f 4117 4193 4192
f 4118 4119 4194
f 4118 4194 4193
f 4119 4120 4195
f 4119 4195 4194
f 4120 4121 4196
f 4120 4196 4195
f 4121 4122 4197
f 4121 4197 4196
f 4122 4123 4198
f 4122 4198 4197
f 4123 4124 4199
f 4123 4199 4198
f 4124 4125 4200
f 4124 4200 4199
f 4126 4127 4202
f 4126 4202 4201
f 4127 4128 4203
f 4127 4203 4202
f 4128 4129 4204
f 4128 4204 4203
f 4129 4130 4205
f 4129 4205 4204
f 4130 4131 4206
f 4130 4206 4205
f 4131 4132 4207
f 4131 4207 4206
f 4132 4133 4208
f 4132 4208 4207
f 4133 4134 4209
f 4133 4209 4208
f 4134 4135 4210
f 4134 4210 4209
f 4135 4136 4211
f 4135 4211 4210
f 4136 4137 4212
f 4136 4212 4211
f 4137 4138 4213
f 4137 4213 4212
f 4138 4139 4214
f 4138 4214 4213
f 4139 4140 4215
f 4139 4215 4214
f 4140 4141 4216
f 4140 4216 4215
f 4141 4142 4217
f 4141 4217 4216
f 4142 4143 4218
f 4142 4218 4217
f 4143 4144 4219
f 4143 4219 4218
f 4144 4145 4220
f 4144 4220 4219
f 4145 4146 4221
f 4145 4221 4220
f 4146 4147 4222
f 4146 4222 4221
f 4147 4148 4223
f 4147 4223 4222
f 4148 4149 4224
f 4148 4224 4223
f 4149 4150 4225
f 4149 4225 4224
f 4150 4151 4226
f 4150 4226 4225
f 4151 4152 4227
f 4151 4227 4226
f 4152 4153 4228
f 4152 4228 4227
f 4153 4154 4229
f 4153 4229 4228
f 4154 4155 4230
f 4154 4230 4229
f 4155 4156 4231
f 4155 4231 4230
f 4156 4157 4232
f 4156 4232 4231
f 4157 4158 4233
f 4157 4233 4232
f 4158 4159 4234
f 4158 4234 4233
f 4159 4160 4235
f 4159 4235 4234
f 4160 4161 4236
f 4160 4236 4235
f 4161 4162 4237
f 4161 4237 4236
f 4162 4163 4238
f 4162 4238 4237
f 4163 4164 4239
f 4163 4239 4238
f 4164 4165 4240
f 4164 4240 4239
f 4165 4166 4241
f 4165 4241 4240
f 4166 4167 4242
f 4166 4242 4241
f 4167 4168 4243
f 4167 4243 4242
f 4168 4169 4244
f 4168 4244 4243
f 4169 4170 4245
f 4169 4245 4244
f 4170 4171 4246
f 4170 4246 4245
f 4171 4172 4247
f 4171 4247 4246
f 4172 4173 4248
f 4172 4248 4247
f 4173 4174 4249
f 4173 4249 4248
f 4174 4175 4250
f 4174 4250 4249
f 4175 4176 4251
f 4175 4251 4250
f 4176 4177 4252
f 4176 4252 4251
f 4177 4178 4253
f 4177 4253 4252
f 4178 4179 4254
f 4178 4254 4253
f 4179 4180 4255
f 4179 4255 4254
f 4180 4181 4256
f 4180 4256 4255
f 4181 4182 4257
f 4181 4257 4256
f 4182 4183 4258
f 4182 4258 4257
f 4183 4184 4259
f 4183 4259 4258
f 4184 4185 4260
f 4184 4260 4259
f 4185 4186 4261
f 4185 4261 4260
f 4186 4187 4262
f 4186 4262 4261
f 4187 4188 4263
f 4187 4263 4262
f 4188 4189 4264
f 4188 4264 4263
f 4189 4190 4265
f 4189 4265 4264
f 4190 4191 4266
f 4190 4266 4265
f 4191 4192 4267
f 4191 4267 4266
f 4192 4193 4268
f 4192 4268 4267
f 4193 4194 4269
f 4193 4269 4268
f 4194 4195 4270
f 4194 4270 4269
f 4195 4196 4271
f 4195 4271 4270
f 4196 4197 4272
f 4196 4272 4271
f 4197 4198 4273
f 4197 4273 4272
f 4198 4199 4274
f 4198 4274 4273
f 4199 4200 4275
f 4199 4275 4274
f 4201 4202 4277
f 4201 4277 4276
f 4202 4203 4278
f 4202 4278 4277
f 4203 4204 4279
f 4203 4279 4278
f 4204 4205 4280
f 4204 4280 4279
f 4205 4206 4281
f 4205 4281 4280
f 4206 4207 4282
f 4206 4282 4281
f 4207 4208 4283
f 4207 4283 4282
f 4208 4209 4284
f 4208 4284 4283
f 4209 4210 4285
f 4209 4285 4284
f 4210 4211 4286
f 4210 4286 4285
f 4211 4212 4287
f 4211 4287 4286
f 4212 4213 4288
f 4212 4288 4287
f 4213 4214 4289
f 4213 4289 4288
f 4214 4215 4290
f 4214 4290 4289
f 4215 4216 4291
f 4215 4291 4290
f 4216 4217 4292
f 4216 4292 4291
f 4217 4218 4293
f 4217 4293 4292
f 4218 4219 4294
f 4218 4294 4293
f 4219 4220 4295
f 4219 4295 4294
f 4220 4221 4296
f 4220 4296 4295
f 4221 4222 4297
f 4221 4297 4296
f 4222 4223 4298
f 4222 4298 4297
f 4223 4224 4299
f 4223 4299 4298
f 4224 4225 4300
f 4224 4300 4299
f 4225 4226 4301
f 4225 4301 4300
f 4226 4227 4302
f 4226 4302 4301
f 4227 4228 4303
f 4227 4303 4302
f 4228 4229 4304
f 4228 4304 4303
f 4229 4230 4305
f 4229 4305 4304
f 4230 4231 4306
f 4230 4306 4305
f 4231 4232 4307
f 4231 4307 4306
f 4232 4233 4308
f 4232 4308 4307
f 4233 4234 4309
f 4233 4309 4308
f 4234 4235 4310
f 4234 4310 4309
f 4235 4236 4311
f 4235 4311 4310
f 4236 4237 4312
f 4236 4312 4311
f 4237 4238 4313
f 4237 4313 4312
f 4238 4239 4314
f 4238 4314 4313
f 4239 4240 4315
f 4239 4315 4314
f 4240 4241 4316
f 4240 4316 4315
f 4241 4242 4317
f 4241 4317 4316
f 4242 4243 4318
f 4242 4318 4317
f 4243 4244 4319
f 4243 4319 4318
f 4244 4245 4320
f 4244 4320 4319
f 4245 4246 4321
f 4245 4321 4320
f 4246 4247 4322
f 4246 4322 4321
f 4247 4248 4323
f 4247 4323 4322
f 4248 4249 4324
f 4248 4324 4323
f 4249 4250 4325
f 4249 4325 4324
f 4250 4251 4326
f 4250 4326 4325
f 4251 4252 4327
f 4251 4327 4326
f 4252 4253 4328
f 4252 4328 4327
f 4253 4254 4329
f 4253 4329 4328
f 4254 4255 4330
f 4254 4330 4329
f 4255 4256 4331
f 4255 4331 4330
f 4256 4257 4332
f 4256 4332 4331
f 4257 4258 4333
f 4257 4333 4332
f 4258 4259 4334
f 4258 4334 4333
f 4259 4260 4335
f 4259 4335 4334
f 4260 4261 4336
f 4260 4336 4335
f 4261 4262 4337
f 4261 4337 4336
f 4262 4263 4338
f 4262 4338 4337
f 4263 4264 4339
f 4263 4339 4338
f 4264 4265 4340
f 4264 4340 4339
f 4265 4266 4341
f 4265 4341 4340
f 4266 4267 4342
f 4266 4342 4341
f 4267 4268 4343
f 4267 4343 4342
f 4268 4269 4344
f 4268 4344 4343
f 4269 4270 4345
f 4269 4345 4344
f 4270 4271 4346
f 4270 4346 4345
f 4271 4272 4347
f 4271 4347 4346
f 4272 4273 4348
f 4272 4348 4347
f 4273 4274 4349
f 4273 4349 4348
f 4274 4275 4350
f 4274 4350 4349
f 4276 4277 4352
f 4276 4352 4351
f 4277 4278 4353
f 4277 4353 4352
f 4278 4279 4354
f 4278 4354 4353
f 4279 4280 4355
f 4279 4355 4354
f 4280 4281 4356
f 4280 4356 4355
f 4281 4282 4357
f 4281 4357 4356
f 4282 4283 4358
f 4282 4358 4357
f 4283 4284 4359
f 4283 4359 4358
f 4284 4285 4360
f 4284 4360 4359
f 4285 4286 4361
f 4285 4361 4360
f 4286 4287 4362
f 4286 4362 4361
f 4287 4288 4363
f 4287 4363 4362
f 4288 4289 4364
f 4288 4364 4363
f 4289 4290 4365
f 4289 4365 4364
f 4290 4291 4366
f 4290 4366 4365
f 4291 4292 4367
f 4291 4367 4366
f 4292 4293 4368
f 4292 4368 4367
f 4293 4294 4369
f 4293 4369 4368
f 4294 4295 4370
f 4294 4370 4369
f 4295 4296 4371
f 4295 4371 4370
f 4296 4297 4372
f 4296 4372 4371
f 4297 4298 4373
f 4297 4373 4372
f 4298 4299 4374
f 4298 4374 4373
f 4299 4300 4375
f 4299 4375 4374
f 4300 4301 4376
f 4300 4376 4375
f 4301 4302 4377
f 4301 4377 4376
f 4302 4303 4378
f 4302 4378 4377
f 4303 4304 4379
f 4303 4379 4378
f 4304 4305 4380
f 4304 4380 4379
f 4305 4306 4381
f 4305 4381 4380
f 4306 4307 4382
f 4306 4382 4381
f 4307 4308 4383
f 4307 4383 4382
f 4308 4309 4384
f 4308 4384 4383
f 4309 4310 4385
f 4309 4385 4384
f 4310 4311 4386
f 4310 4386 4385
f 4311 4312 4387
f 4311 4387 4386
f 4312 4313 4388
f 4312 4388 4387
f 4313 4314 4389
f 4313 4389 4388
f 4314 4315 4390
f 4314 4390 4389
f 4315 4316 4391
f 4315 4391 4390
f 4316 4317 4392
f 4316 4392 4391
f 4317 4318 4393
f 4317 4393 4392
f 4318 4319 4394
f 4318 4394 4393
f 4319 4320 4395
f 4319 4395 4394
f 4320 4321 4396
f 4320 4396 4395
f 4321 4322 4397
f 4321 4397 4396
f 4322 4323 4398
f 4322 4398 4397
f 4323 4324 4399
f 4323 4399 4398
f 4324 4325 4400
f 4324 4400 4399
f 4325 4326 4401
f 4325 4401 4400
f 4326 4327 4402
f 4326 4402 4401
f 4327 4328 4403
f 4327 4403 4402
f 4328 4329 4404
f 4328 4404 4403
f 4329 4330 4405
f 4329 4405 4404
f 4330 4331 4406
f 4330 4406 4405
f 4331 4332 4407
f 4331 4407 4406
f 4332 4333 4408
f 4332 4408 4407
f 4333 4334 4409
f 4333 4409 4408
f 4334 4335 4410
f 4334 4410 4409
f 4335 4336 4411
f 4335 4411 4410
f 4336 4337 4412
f 4336 4412 4411
f 4337 4338 4413
f 4337 4413 4412
f 4338 4339 4414
f 4338 4414 4413
f 4339 4340 4415
f 4339 4415 4414
f 4340 4341 4416
f 4340 4416 4415
f 4341 4342 4417
f 4341 4417 4416
f 4342 4343 4418
f 4342 4418 4417
f 4343 4344 4419
f 4343 4419 4418
f 4344 4345 4420
f 4344 4420 4419
f 4345 4346 4421
f 4345 4421 4420
f 4346 4347 4422
f 4346 4422 4421
f 4347 4348 4423
f 4347 4423 4422
f 4348 4349 4424
f 4348 4424 4423
f 4349 4350 4425
f 4349 4425 4424
f 4351 4352 4427
f 4351 4427 4426
f 4352 4353 4428
f 4352 4428 4427
f 4353 4354 4429
f 4353 4429 4428
f 4354 4355 4430
f 4354 4430 4429
f 4355 4356 4431
f 4355 4431 4430
f 4356 4357 4432
f 4356 4432 4431
f 4357 4358 4433
f 4357 4433 4432
f 4358 4359 4434
f 4358 4434 4433
f 4359 4360 4435
f 4359 4435 4434
f 4360 4361 4436
f 4360 4436 4435
f 4361 4362 4437
f 4361 4437 4436
f 4362 4363 4438
f 4362 4438 4437
f 4363 4364 4439
f 4363 4439 4438
f 4364 4365 4440
f 4364 4440 4439
f 4365 4366 4441
f 4365 4441 4440
f 4366 4367 4442
f 4366 4442 4441
f 4367 4368 4443
f 4367 4443 4442
f 4368 4369 4444
f 4368 4444 4443
f 4369 4370 4445
f 4369 4445 4444
f 4370 4371 4446
f 4370 4446 4445
f 4371 4372 4447
f 4371 4447 4446
f 4372 4373 4448
f 4372 4448 4447
f 4373 4374 4449
f 4373 4449 4448
f 4374 4375 4450
f 4374 4450 4449
f 4375 4376 4451
f 4375 4451 4450
f 4376 4377 4452
f 4376 4452 4451
f 4377 4378 4453
f 4377 4453 4452
f 4378 4379 4454
f 4378 4454 4453
f 4379 4380 4455
f 4379 4455 4454
f 4380 4381 4456
f 4380 4456 4455
f 4381 4382 4457
f 4381 4457 4456
f 4382 4383 4458
f 4382 4458 4457
f 4383 4384 4459
f 4383 4459 4458
f 4384 4385 4460
f 4384 4460 4459
f 4385 4386 4461
f 4385 4461 4460
f 4386 4387 4462
f 4386 4462 4461
f 4387 4388 4463
f 4387 4463 4462
f 4388 4389 4464
f 4388 4464 4463
f 4389 4390 4465
f 4389 4465 4464
f 4390 4391 4466
f 4390 4466 4465
f 4391 4392 4467
f 4391 4467 4466
f 4392 4393 4468
f 4392 4468 4467
f 4393 4394 4469
f 4393 4469 4468
f 4394 4395 4470
f 4394 4470 4469
f 4395 4396 4471
f 4395 4471 4470
f 4396 4397 4472
f 4396 4472 4471
f 4397 4398 4473
f 4397 4473 4472
f 4398 4399 4474
f 4398 4474 4473
f 4399 4400 4475
f 4399 4475 4474
f 4400 4401 4476
f 4400 4476 4475
f 4401 4402 4477
f 4401 4477 4476
f 4402 4403 4478
f 4402 4478 4477
f 4403 4404 4479
f 4403 4479 4478
f 4404 4405 4480
f 4404 4480 4479
f 4405 4406 4481
f 4405 4481 4480
f 4406 4407 4482
f 4406 4482 4481
f 4407 4408 4483
f 4407 4483 4482
f 4408 4409 4484
f 4408 4484 4483
f 4409 4410 4485
f 4409 4485 4484
f 4410 4411 4486
f 4410 4486 4485
f 4411 4412 4487
f 4411 4487 4486
f 4412 4413 4488
f 4412 4488 4487
f 4413 4414 4489
f 4413 4489 4488
f 4414 4415 4490
f 4414 4490 4489
f 4415 4416 4491
f 4415 4491 4490
f 4416 4417 4492
f 4416 4492 4491
f 4417 4418 4493
f 4417 4493 4492
f 4418 4419 4494
f 4418 4494 4493
f 4419 4420 4495
f 4419 4495 4494
f 4420 4421 4496
f 4420 4496 4495
f 4421 4422 4497
f 4421 4497 4496
f 4422 4423 4498
f 4422 4498 4497
f 4423 4424 4499
f 4423 4499 4498
f 4424 4425 4500
f 4424 4500 4499
f 4426 4427 4502
f 4426 4502 4501
f 4427 4428 4503
f 4427 4503 4502
f 4428 4429 4504
f 4428 4504 4503
f 4429 4430 4505
f 4429 4505 4504
f 4430 4431 4506
f 4430 4506 4505
f 4431 4432 4507
f 4431 4507 4506
f 4432 4433 4508
f 4432 4508 4507
f 4433 4434 4509
f 4433 4509 4508
f 4434 4435 4510
f 4434 4510 4509
f 4435 4436 4511
f 4435 4511 4510
f 4436 4437 4512
f 4436 4512 4511
f 4437 4438 4513
f 4437 4513 4512
f 4438 4439 4514
f 4438 4514 4513
f 4439 4440 4515
f 4439 4515 4514
f 4440 4441 4516
f 4440 4516 4515
f 4441 4442 4517
f 4441 4517 4516
f 4442 4443 4518
f 4442 4518 4517
f 4443 4444 4519
f 4443 4519 4518
f 4444 4445 4520
f 4444 4520 4519
f 4445 4446 4521
f 4445 4521 4520
f 4446 4447 4522
f 4446 4522 4521
f 4447 4448 4523
f 4447 4523 4522
f 4448 4449 4524
f 4448 4524 4523
f 4449 4450 4525
f 4449 4525 4524
f 4450 4451 4526
f 4450 4526 4525
f 4451 4452 4527
f 4451 4527 4526
f 4452 4453 4528
f 4452 4528 4527
f 4453 4454 4529
f 4453 4529 4528
f 4454 4455 4530
f 4454 4530 4529
f 4455 4456 4531
f 4455 4531 4530
f 4456 4457 4532
f 4456 4532 4531
f 4457 4458 4533
f 4457 4533 4532
f 4458 4459 4534
f 4458 4534 4533
f 4459 4460 4535
f 4459 4535 4534
f 4460 4461 4536
f 4460 4536 4535
f 4461 4462 4537
f 4461 4537 4536
f 4462 4463 4538
f 4462 4538 4537
f 4463 4464 4539
f 4463 4539 4538
f 4464 4465 4540
f 4464 4540 4539
f 4465 4466 4541
f 4465 4541 4540
f 4466 4467 4542
f 4466 4542 4541
f 4467 4468 4543
f 4467 4543 4542
f 4468 4469 4544
f 4468 4544 4543
f 4469 4470 4545
f 4469 4545 4544
f 4470 4471 4546
f 4470 4546 4545
f 4471 4472 4547
f 4471 4547 4546
f 4472 4473 4548
f 4472 4548 4547
f 4473 4474 4549
f 4473 4549 4548
f 4474 4475 4550
f 4474 4550 4549
f 4475 4476 4551
f 4475 4551 4550
f 4476 4477 4552
f 4476 4552 4551
f 4477 4478 4553
f 4477 4553 4552
f 4478 4479 4554
f 4478 4554 4553
f 4479 4480 4555
f 4479 4555 4554
f 4480 4481 4556
f 4480 4556 4555
f 4481 4482 4557
f 4481 4557 4556
f 4482 4483 4558
f 4482 4558 4557
f 4483 4484 4559
f 4483 4559 4558
f 4484 4485 4560
f 4484 4560 4559
f 4485 4486 4561
f 4485 4561 4560
f 4486 4487 4562
f 4486 4562 4561
f 4487 4488 4563
f 4487 4563 4562
f 4488 4489 4564
f 4488 4564 4563
f 4489 4490 4565
f 4489 4565 4564
f 4490 4491 4566
f 4490 4566 4565
f 4491 4492 4567
f 4491 4567 4566
f 4492 4493 4568
f 4492 4568 4567
f 4493 4494 4569
f 4493 4569 4568
f 4494 4495 4570
f 4494 4570 4569
f 4495 4496 4571
f 4495 4571 4570
f 4496 4497 4572
f 4496 4572 4571
f 4497 4498 4573
f 4497 4573 4572
f 4498 4499 4574
f 4498 4574 4573
f 4499 4500 4575
f 4499 4575 4574
f 4501 4502 4577
f 4501 4577 4576
f 4502 4503 4578
f 4502 4578 4577
f 4503 4504 4579
f 4503 4579 4578
f 4504 4505 4580
f 4504 4580 4579
f 4505 4506 4581
f 4505 4581 4580
f 4506 4507 4582
f 4506 4582 4581
f 4507 4508 4583
f 4507 4583 4582
f 4508 4509 4584
f 4508 4584 4583
f 4509 4510 4585
f 4509 4585 4584
f 4510 4511 4586
f 4510 4586 4585
f 4511 4512 4587
f 4511 4587 4586
f 4512 4513 4588
f 4512 4588 4587
f 4513 4514 4589
f 4513 4589 4588
f 4514 4515 4590
f 4514 4590 4589
f 4515 4516 4591
f 4515 4591 4590
f 4516 4517 4592
f 4516 4592 4591
f 4517 4518 4593
f 4517 4593 4592
f 4518 4519 4594
f 4518 4594 4593
f 4519 4520 4595
f 4519 4595 4594
f 4520 4521 4596
f 4520 4596 4595
f 4521 4522 4597
f 4521 4597 4596
f 4522 4523 4598
f 4522 4598 4597
f 4523 4524 4599
f 4523 4599 4598
f 4524 4525 4600
f 4524 4600 4599
f 4525 4526 4601
f 4525 4601 4600
f 4526 4527 4602
f 4526 4602 4601
f 4527 4528 4603
f 4527 4603 4602
f 4528 4529 4604
f 4528 4604 4603
f 4529 4530 4605
f 4529 4605 4604
f 4530 4531 4606
f 4530 4606 4605
f 4531 4532 4607
f 4531 4607 4606
f 4532 4533 4608
f 4532 4608 4607
f 4533 4534 4609
f 4533 4609 4608
f 4534 4535 4610
f 4534 4610 4609
f 4535 4536 4611
f 4535 4611 4610
f 4536 4537 4612
f 4536 4612 4611
f 4537 4538 4613
f 4537 4613 4612
f 4538 4539 4614
f 4538 4614 4613
f 4539 4540 4615
f 4539 4615 4614
f 4540 4541 4616
f 4540 4616 4615
f 4541 4542 4617
f 4541 4617 4616
f 4542 4543 4618
f 4542 4618 4617
f 4543 4544 4619
f 4543 4619 4618
f 4544 4545 4620
f 4544 4620 4619
f 4545 4546 4621
f 4545 4621 4620
f 4546 4547 4622
f 4546 4622 4621
f 4547 4548 4623
f 4547 4623 4622
f 4548 4549 4624
f 4548 4624 4623
f 4549 4550 4625
f 4549 4625 4624
f 4550 4551 4626
f 4550 4626 4625
f 4551 4552 4627
f 4551 4627 4626
f 4552 4553 4628
f 4552 4628 4627
f 4553 4554 4629
f 4553 4629 4628
f 4554 4555 4630
f 4554 4630 4629
f 4555 4556 4631
f 4555 4631 4630
f 4556 4557 4632
f 4556 4632 4631
f 4557 4558 4633
f 4557 4633 4632
f 4558 4559 4634
f 4558 4634 4633
f 4559 4560 4635
f 4559 4635 4634
f 4560 4561 4636
f 4560 4636 4635
f 4561 4562 4637
f 4561 4637 4636
f 4562 4563 4638
f 4562 4638 4637
f 4563 4564 4639
f 4563 4639 4638
f 4564 4565 4640
f 4564 4640 4639
f 4565 4566 4641
f 4565 4641 4640
f 4566 4567 4642
f 4566 4642 4641
f 4567 4568 4643
f 4567 4643 4642
f 4568 4569 4644
f 4568 4644 4643
f 4569 4570 4645
f 4569 4645 4644
f 4570 4571 4646
f 4570 4646 4645
f 4571 4572 4647
f 4571 4647 4646
f 4572 4573 4648
f 4572 4648 4647
f 4573 4574 4649
f 4573 4649 4648
f 4574 4575 4650
f 4574 4650 4649
f 4576 4577 4652
f 4576 4652 4651
f 4577 4578 4653
f 4577 4653 4652
f 4578 4579 4654
f 4578 4654 4653
f 4579 4580 4655
f 4579 4655 4654
f 4580 4581 4656
f 4580 4656 4655
f 4581 4582 4657
f 4581 4657 4656
f 4582 4583 4658
f 4582 4658 4657
f 4583 4584 4659
f 4583 4659 4658
f 4584 4585 4660
f 4584 4660 4659
f 4585 4586 4661
f 4585 4661 4660
f 4586 4587 4662
f 4586 4662 4661
f 4587 4588 4663
f 4587 4663 4662
f 4588 4589 4664
f 4588 4664 4663
f 4589 4590 4665
f 4589 4665 4664
f 4590 4591 4666
f 4590 4666 4665
f 4591 4592 4667
f 4591 4667 4666
f 4592 4593 4668
f 4592 4668 4667
f 4593 4594 4669
f 4593 4669 4668
f 4594 4595 4670
f 4594 4670 4669
f 4595 4596 4671
f 4595 4671 4670
f 4596 4597 4672
f 4596 4672 4671
f 4597 4598 4673
f 4597 4673 4672
f 4598 4599 4674
f 4598 4674 4673
f 4599 4600 4675
f 4599 4675 4674
f 4600 4601 4676
f 4600 4676 4675
f 4601 4602 4677
f 4601 4677 4676
f 4602 4603 4678
f 4602 4678 4677
f 4603 4604 4679
f 4603 4679 4678
f 4604 4605 4680
f 4604 4680 4679
f 4605 4606 4681
f 4605 4681 4680
f 4606 4607 4682
f 4606 4682 4681
f 4607 4608 4683
f 4607 4683 4682
f 4608 4609 4684
f 4608 4684 4683
f 4609 4610 4685
f 4609 4685 4684
f 4610 4611 4686
f 4610 4686 4685
f 4611 4612 4687
f 4611 4687 4686
f 4612 4613 4688
f 4612 4688 4687
f 4613 4614 4689
f 4613 4689 4688
f 4614 4615 4690
f 4614 4690 4689
f 4615 4616 4691
f 4615 4691 4690
f 4616 4617 4692
f 4616 4692 4691
f 4617 4618 4693
f 4617 4693 4692
f 4618 4619 4694
f 4618 4694 4693
f 4619 4620 4695
f 4619 4695 4694
f 4620 4621 4696
f 4620 4696 4695
f 4621 4622 4697
f 4621 4697 4696
f 4622 4623 4698
f 4622 4698 4697
f 4623 4624 4699
f 4623 4699 4698
f 4624 4625 4700
f 4624 4700 4699
f 4625 4626 4701
f 4625 4701 4700
f 4626 4627 4702
f 4626 4702 4701
f 4627 4628 4703
f 4627 4703 4702
f 4628 4629 4704
f 4628 4704 4703
f 4629 4630 4705
f 4629 4705 4704
f 4630 4631 4706
f 4630 4706 4705
f 4631 4632 4707
f 4631 4707 4706
f 4632 4633 4708
f 4632 4708 4707
f 4633 4634 4709
f 4633 4709 4708
f 4634 4635 4710
f 4634 4710 4709
f 4635 4636 4711
f 4635 4711 4710
f 4636 4637 4712
f 4636 4712 4711
f 4637 4638 4713
f 4637 4713 4712
f 4638 4639 4714
f 4638 4714 4713
f 4639 4640 4715
f 4639 4715 4714
f 4640 4641 4716
f 4640 4716 4715
f 4641 4642 4717
f 4641 4717 4716
f 4642 4643 4718
f 4642 4718 4717
f 4643 4644 4719
f 4643 4719 4718
f 4644 4645 4720
f 4644 4720 4719
f 4645 4646 4721
f 4645 4721 4720
f 4646 4647 4722
f 4646 4722 4721
f 4647 4648 4723
f 4647 4723 4722
f 4648 4649 4724
f 4648 4724 4723
f 4649 4650 4725
f 4649 4725 4724
f 4651 4652 4727
f 4651 4727 4726
f 4652 4653 4728
f 4652 4728 4727
f 4653 4654 4729
f 4653 4729 4728
f 4654 4655 4730
f 4654 4730 4729
f 4655 4656 4731
f 4655 4731 4730
f 4656 4657 4732
f 4656 4732 4731
f 4657 4658 4733
f 4657 4733 4732
f 4658 4659 4734
f 4658 4734 4733
f 4659 4660 4735
f 4659 4735 4734
f 4660 4661 4736
f 4660 4736 4735
f 4661 4662 4737
f 4661 4737 4736
f 4662 4663 4738
f 4662 4738 4737
f 4663 4664 4739
f 4663 4739 4738
f 4664 4665 4740
f 4664 4740 4739
f 4665 4666 4741
f 4665 4741 4740
f 4666 4667 4742
f 4666 4742 4741
f 4667 4668 4743
f 4667 4743 4742
f 4668 4669 4744
f 4668 4744 4743
f 4669 4670 4745
f 4669 4745 4744
f 4670 4671 4746
f 4670 4746 4745
f 4671 4672 4747
f 4671 4747 4746
f 4672 4673 4748
f 4672 4748 4747
f 4673 4674 4749
f 4673 4749 4748
f 4674 4675 4750
f 4674 4750 4749
f 4675 4676 4751
f 4675 4751 4750
f 4676 4677 4752
f 4676 4752 4751
f 4677 4678 4753
f 4677 4753 4752
f 4678 4679 4754
f 4678 4754 4753
f 4679 4680 4755
f 4679 4755 4754
f 4680 4681 4756
f 4680 4756 4755
f 4681 4682 4757
f 4681 4757 4756
f 4682 4683 4758
f 4682 4758 4757
f 4683 4684 4759
f 4683 4759 4758
f 4684 4685 4760
f 4684 4760 4759
f 4685 4686 4761
f 4685 4761 4760
f 4686 4687 4762
f 4686 4762 4761
f 4687 4688 4763
f 4687 4763 4762
f 4688 4689 4764
f 4688 4764 4763
f 4689 4690 4765
f 4689 4765 4764
f 4690 4691 4766
f 4690 4766 4765
f 4691 4692 4767
f 4691 4767 4766
f 4692 4693 4768
f 4692 4768 4767
f 4693 4694 4769
f 4693 4769 4768
f 4694 4695 4770
f 4694 4770 4769
f 4695 4696 4771
f 4695 4771 4770
f 4696 4697 4772
f 4696 4772 4771
f 4697 4698 4773
f 4697 4773 4772
f 4698 4699 4774
f 4698 4774 4773
f 4699 4700 4775
f 4699 4775 4774
f 4700 4701 4776
f 4700 4776 4775
f 4701 4702 4777
f 4701 4777 4776
f 4702 4703 4778
f 4702 4778 4777
f 4703 4704 4779
f 4703 4779 4778
f 4704 4705 4780
f 4704 4780 4779
f 4705 4706 4781
f 4705 4781 4780
f 4706 4707 4782
f 4706 4782 4781
f 4707 4708 4783
f 4707 4783 4782
f 4708 4709 4784
f 4708 4784 4783
f 4709 4710 4785
f 4709 4785 4784
f 4710 4711 4786
f 4710 4786 4785
f 4711 4712 4787
f 4711 4787 4786
f 4712 4713 4788
f 4712 4788 4787
f 4713 4714 4789
f 4713 4789 4788
f 4714 4715 4790
f 4714 4790 4789
f 4715 4716 4791
f 4715 4791 4790
f 4716 4717 4792
f 4716 4792 4791
f 4717 4718 4793
f 4717 4793 4792
f 4718 4719 4794
f 4718 4794 4793
f 4719 4720 4795
f 4719 4795 4794
f 4720 4721 4796
f 4720 4796 4795
f 4721 4722 4797
f 4721 4797 4796
f 4722 4723 4798
f 4722 4798 4797
f 4723 4724 4799
f 4723 4799 4798
f 4724 4725 4800
f 4724 4800 4799
f 4726 4727 4802
f 4726 4802 4801
f 4727 4728 4803
f 4727 4803 4802
f 4728 4729 4804
f 4728 4804 4803
f 4729 4730 4805
f 4729 4805 4804
f 4730 4731 4806
f 4730 4806 4805
f 4731 4732 4807
f 4731 4807 4806
f 4732 4733 4808
f 4732 4808 4807
f 4733 4734 4809
f 4733 4809 4808
f 4734 4735 4810
f 4734 4810 4809
f 4735 4736 4811
f 4735 4811 4810
f 4736 4737 4812
f 4736 4812 4811
f 4737 4738 4813
f 4737 4813 4812
f 4738 4739 4814
f 4738 4814 4813
f 4739 4740 4815
f 4739 4815 4814
f 4740 4741 4816
f 4740 4816 4815
f 4741 4742 4817
f 4741 4817 4816
f 4742 4743 4818
f 4742 4818 4817
f 4743 4744 4819
f 4743 4819 4818
f 4744 4745 4820
f 4744 4820 4819
f 4745 4746 4821
f 4745 4821 4820
f 4746 4747 4822
f 4746 4822 4821
f 4747 4748 4823
f 4747 4823 4822
f 4748 4749 4824
f 4748 4824 4823
f 4749 4750 4825
f 4749 4825 4824
f 4750 4751 4826
f 4750 4826 4825
f 4751 4752 4827
f 4751 4827 4826
f 4752 4753 4828
f 4752 4828 4827
f 4753 4754 4829
f 4753 4829 4828
f 4754 4755 4830
f 4754 4830 4829
f 4755 4756 4831
f 4755 4831 4830
f 4756 4757 4832
f 4756 4832 4831
f 4757 4758 4833
f 4757 4833 4832
f 4758 4759 4834
f 4758 4834 4833
f 4759 4760 4835
f 4759 4835 4834
f 4760 4761 4836
f 4760 4836 4835
f 4761 4762 4837
f 4761 4837 4836
f 4762 4763 4838
f 4762 4838 4837
f 4763 4764 4839
f 4763 4839 4838
f 4764 4765 4840
f 4764 4840 4839
f 4765 4766 4841
f 4765 4841 4840
f 4766 4767 4842
f 4766 4842 4841
f 4767 4768 4843
f 4767 4843 4842
f 4768 4769 4844
f 4768 4844 4843
f 4769 4770 4845
f 4769 4845 4844
f 4770 4771 4846
f 4770 4846 4845
f 4771 4772 4847
f 4771 4847 4846
f 4772 4773 4848
f 4772 4848 4847
f 4773 4774 4849
f 4773 4849 4848
f 4774 4775 4850
f 4774 4850 4849
f 4775 4776 4851
f 4775 4851 4850
f 4776 4777 4852
f 4776 4852 4851
f 4777 4778 4853
f 4777 4853 4852
f 4778 4779 4854
f 4778 4854 4853
f 4779 4780 4855
f 4779 4855 4854
f 4780 4781 4856
f 4780 4856 4855
f 4781 4782 4857
f 4781 4857 4856
f 4782 4783 4858
f 4782 4858 4857
f 4783 4784 4859
f 4783 4859 4858
f 4784 4785 4860
f 4784 4860 4859
f 4785 4786 4861
f 4785 4861 4860
f 4786 4787 4862
f 4786 4862 4861
f 4787 4788 4863
f 4787 4863 4862
f 4788 4789 4864
f 4788 4864 4863
f 4789 4790 4865
f 4789 4865 4864
f 4790 4791 4866
f 4790 4866 4865
f 4791 4792 4867
f 4791 4867 4866
f 4792 4793 4868
f 4792 4868 4867
f 4793 4794 4869
f 4793 4869 4868
f 4794 4795 4870
f 4794 4870 4869
f 4795 4796 4871
f 4795 4871 4870
f 4796 4797 4872
f 4796 4872 4871
f 4797 4798 4873
f 4797 4873 4872
f 4798 4799 4874
f 4798 4874 4873
f 4799 4800 4875
f 4799 4875 4874
f 4801 4802 4877
f 4801 4877 4876
f 4802 4803 4878
f 4802 4878 4877
f 4803 4804 4879
f 4803 4879 4878
f 4804 4805 4880
f 4804 4880 4879
f 4805 4806 4881
f 4805 4881 4880
f 4806 4807 4882
f 4806 4882 4881
f 4807 4808 4883
f 4807 4883 4882
f 4808 4809 4884
f 4808 4884 4883
f 4809 4810 4885
f 4809 4885 4884
f 4810 4811 4886
f 4810 4886 4885
f 4811 4812 4887
f 4811 4887 4886
f 4812 4813 4888
f 4812 4888 4887
f 4813 4814 4889
f 4813 4889 4888
f 4814 4815 4890
f 4814 4890 4889
f 4815 4816 4891
f 4815 4891 4890
f 4816 4817 4892
f 4816 4892 4891
f 4817 4818 4893
f 4817 4893 4892
f 4818 4819 4894
f 4818 4894 4893
f 4819 4820 4895
f 4819 4895 4894
f 4820 4821 4896
f 4820 4896 4895
f 4821 4822 4897
f 4821 4897 4896
f 4822 4823 4898
f 4822 4898 4897
f 4823 4824 4899
f 4823 4899 4898
f 4824 4825 4900
f 4824 4900 4899
f 4825 4826 4901
f 4825 4901 4900
f 4826 4827 4902
f 4826 4902 4901
f 4827 4828 4903
f 4827 4903 4902
f 4828 4829 4904
f 4828 4904 4903
f 4829 4830 4905
f 4829 4905 4904
f 4830 4831 4906
f 4830 4906 4905
f 4831 4832 4907
f 4831 4907 4906
f 4832 4833 4908
f 4832 4908 4907
f 4833 4834 4909
f 4833 4909 4908
f 4834 4835 4910
f 4834 4910 4909
f 4835 4836 4911
f 4835 4911 4910
f 4836 4837 4912
f 4836 4912 4911
f 4837 4838 4913
f 4837 4913 4912
f 4838 4839 4914
f 4838 4914 4913
f 4839 4840 4915
f 4839 4915 4914
f 4840 4841 4916
f 4840 4916 4915
f 4841 4842 4917
f 4841 4917 4916
f 4842 4843 4918
f 4842 4918 4917
f 4843 4844 4919
f 4843 4919 4918
f 4844 4845 4920
f 4844 4920 4919
f 4845 4846 4921
f 4845 4921 4920
f 4846 4847 4922
f 4846 4922 4921
f 4847 4848 4923
f 4847 4923 4922
f 4848 4849 4924
f 4848 4924 4923
f 4849 4850 4925
f 4849 4925 4924
f 4850 4851 4926
f 4850 4926 4925
f 4851 4852 4927
f 4851 4927 4926
f 4852 4853 4928
f 4852 4928 4927
f 4853 4854 4929
f 4853 4929 4928
f 4854 4855 4930
f 4854 4930 4929
f 4855 4856 4931
f 4855 4931 4930
f 4856 4857 4932
f 4856 4932 4931
f 4857 4858 4933
f 4857 4933 4932
f 4858 4859 4934
f 4858 4934 4933
f 4859 4860 4935
f 4859 4935 4934
f 4860 4861 4936
f 4860 4936 4935
f 4861 4862 4937
f 4861 4937 4936
f 4862 4863 4938
f 4862 4938 4937
f 4863 4864 4939
f 4863 4939 4938
f 4864 4865 4940
f 4864 4940 4939
f 4865 4866 4941
f 4865 4941 4940
f 4866 4867 4942
f 4866 4942 4941
f 4867 4868 4943
f 4867 4943 4942
f 4868 4869 4944
f 4868 4944 4943
f 4869 4870 4945
f 4869 4945 4944
f 4870 4871 4946
f 4870 4946 4945
f 4871 4872 4947
f 4871 4947 4946
f 4872 4873 4948
f 4872 4948 4947
f 4873 4874 4949
f 4873 4949 4948
f 4874 4875 4950
f 4874 4950 4949
f 4876 4877 4952
f 4876 4952 4951
f 4877 4878 4953
f 4877 4953 4952
f 4878 4879 4954
f 4878 4954 4953
f 4879 4880 4955
f 4879 4955 4954
f 4880 4881 4956
f 4880 4956 4955
f 4881 4882 4957
f 4881 4957 4956
f 4882 4883 4958
f 4882 4958 4957
f 4883 4884 4959
f 4883 4959 4958
f 4884 4885 4960
f 4884 4960 4959
f 4885 4886 4961
f 4885 4961 4960
f 4886 4887 4962
f 4886 4962 4961
f 4887 4888 4963
f 4887 4963 4962
f 4888 4889 4964
f 4888 4964 4963
f 4889 4890 4965
f 4889 4965 4964
f 4890 4891 4966
f 4890 4966 4965
f 4891 4892 4967
f 4891 4967 4966
f 4892 4893 4968
f 4892 4968 4967
f 4893 4894 4969
f 4893 4969 4968
f 4894 4895 4970
f 4894 4970 4969
f 4895 4896 4971
f 4895 4971 4970
f 4896 4897 4972
f 4896 4972 4971
f 4897 4898 4973
f 4897 4973 4972
f 4898 4899 4974
f 4898 4974 4973
f 4899 4900 4975
f 4899 4975 4974
f 4900 4901 4976
f 4900 4976 4975
f 4901 4902 4977
f 4901 4977 4976
f 4902 4903 4978
f 4902 4978 4977
f 4903 4904 4979
f 4903 4979 4978
f 4904 4905 4980
f 4904 4980 4979
f 4905 4906 4981
f 4905 4981 4980
f 4906 4907 4982
f 4906 4982 4981
f 4907 4908 4983
f 4907 4983 4982
f 4908 4909 4984
f 4908 4984 4983
f 4909 4910 4985
f 4909 4985 4984
f 4910 4911 4986
f 4910 4986 4985
f 4911 4912 4987
f 4911 4987 4986
f 4912 4913 4988
f 4912 4988 4987
f 4913 4914 4989
f 4913 4989 4988
f 4914 4915 4990
f 4914 4990 4989
f 4915 4916 4991
f 4915 4991 4990
f 4916 4917 4992
f 4916 4992 4991
f 4917 4918 4993
f 4917 4993 4992
f 4918 4919 4994
f 4918 4994 4993
f 4919 4920 4995
f 4919 4995 4994
f 4920 4921 4996
f 4920 4996 4995
f 4921 4922 4997
f 4921 4997 4996
f 4922 4923 4998
f 4922 4998 4997
f 4923 4924 4999
f 4923 4999 4998
f 4924 4925 5000
f 4924 5000 4999
f 4925 4926 5001
f 4925 5001 5000
f 4926 4927 5002
f 4926 5002 5001
f 4927 4928 5003
f 4927 5003 5002
f 4928 4929 5004
f 4928 5004 5003
f 4929 4930 5005
f 4929 5005 5004
f 4930 4931 5006
f 4930 5006 5005
f 4931 4932 5007
f 4931 5007 5006
f 4932 4933 5008
f 4932 5008 5007
f 4933 4934 5009
f 4933 5009 5008
f 4934 4935 5010
f 4934 5010 5009
f 4935 4936 5011
f 4935 5011 5010
f 4936 4937 5012
f 4936 5012 5011
f 4937 4938 5013
f 4937 5013 5012
f 4938 4939 5014
f 4938 5014 5013
f 4939 4940 5015
f 4939 5015 5014
f 4940 4941 5016
f 4940 5016 5015
f 4941 4942 5017
f 4941 5017 5016
f 4942 4943 5018
f 4942 5018 5017
f 4943 4944 5019
f 4943 5019 5018
f 4944 4945 5020
f 4944 5020 5019
f 4945 4946 5021
f 4945 5021 5020
f 4946 4947 5022
f 4946 5022 5021
f 4947 4948 5023
f 4947 5023 5022
f 4948 4949 5024
f 4948 5024 5023
f 4949 4950 5025
f 4949 5025 5024
f 4951 4952 5027
f 4951 5027 5026
f 4952 4953 5028
f 4952 5028 5027
f 4953 4954 5029
f 4953 5029 5028
f 4954 4955 5030
f 4954 5030 5029
f 4955 4956 5031
f 4955 5031 5030
f 4956 4957 5032
f 4956 5032 5031
f 4957 4958 5033
f 4957 5033 5032
f 4958 4959 5034
f 4958 5034 5033
f 4959 4960 5035
f 4959 5035 5034
f 4960 4961 5036
f 4960 5036 5035
f 4961 4962 5037
f 4961 5037 5036
f 4962 4963 5038
f 4962 5038 5037
f 4963 4964 5039
f 4963 5039 5038
f 4964 4965 5040
f 4964 5040 5039
f 4965 4966 5041
f 4965 5041 5040
f 4966 4967 5042
f 4966 5042 5041
f 4967 4968 5043
f 4967 5043 5042
f 4968 4969 5044
f 4968 5044 5043
f 4969 4970 5045
f 4969 5045 5044
f 4970 4971 5046
f 4970 5046 5045
f 4971 4972 5047
f 4971 5047 5046
f 4972 4973 5048
f 4972 5048 5047
f 4973 4974 5049
f 4973 5049 5048
f 4974 4975 5050
f 4974 5050 5049
f 4975 4976 5051
f 4975 5051 5050
f 4976 4977 5052
f 4976 5052 5051
f 4977 4978 5053
f 4977 5053 5052
f 4978 4979 5054
f 4978 5054 5053
f 4979 4980 5055
f 4979 5055 5054
f 4980 4981 5056
f 4980 5056 5055
f 4981 4982 5057
f 4981 5057 5056
f 4982 4983 5058
f 4982 5058 5057
f 4983 4984 5059
f 4983 5059 5058
f 4984 4985 5060
f 4984 5060 5059
f 4985 4986 5061
f 4985 5061 5060
f 4986 4987 5062
f 4986 5062 5061
f 4987 4988 5063
f 4987 5063 5062
f 4988 4989 5064
f 4988 5064 5063
f 4989 4990 5065
f 4989 5065 5064
f 4990 4991 5066
f 4990 5066 5065
f 4991 4992 5067
f 4991 5067 5066
f 4992 4993 5068
f 4992 5068 5067
f 4993 4994 5069
f 4993 5069 5068
f 4994 4995 5070
f 4994 5070 5069
f 4995 4996 5071
f 4995 5071 5070
f 4996 4997 5072
f 4996 5072 5071
f 4997 4998 5073
f 4997 5073 5072
f 4998 4999 5074
f 4998 5074 5073
f 4999 5000 5075
f 4999 5075 5074
f 5000 5001 5076
f 5000 5076 5075
f 5001 5002 5077
f 5001 5077 5076
f 5002 5003 5078
f 5002 5078 5077
f 5003 5004 5079
f 5003 5079 5078
f 5004 5005 5080
f 5004 5080 5079
f 5005 5006 5081
f 5005 5081 5080
f 5006 5007 5082
f 5006 5082 5081
f 5007 5008 5083
f 5007 5083 5082
f 5008 5009 5084
f 5008 5084 5083
f 5009 5010 5085
f 5009 5085 5084
f 5010 5011 5086
f 5010 5086 5085
f 5011 5012 5087
f 5011 5087 5086
f 5012 5013 5088
f 5012 5088 5087
f 5013 5014 5089
f 5013 5089 5088
f 5014 5015 5090
f 5014 5090 5089
f 5015 5016 5091
f 5015 5091 5090
f 5016 5017 5092
f 5016 5092 5091
f 5017 5018 5093
f 5017 5093 5092
f 5018 5019 5094
f 5018 5094 5093
f 5019 5020 5095
f 5019 5095 5094
f 5020 5021 5096
f 5020 5096 5095
f 5021 5022 5097
f 5021 5097 5096
f 5022 5023 5098
f 5022 5098 5097
f 5023 5024 5099
f 5023 5099 5098
f 5024 5025 5100
f 5024 5100 5099
f 5026 5027 5102
f 5026 5102 5101
f 5027 5028 5103
f 5027 5103 5102
f 5028 5029 5104
f 5028 5104 5103
f 5029 5030 5105
f 5029 5105 5104
f 5030 5031 5106
f 5030 5106 5105
f 5031 5032 5107
f 5031 5107 5106
f 5032 5033 5108
f 5032 5108 5107
f 5033 5034 5109
f 5033 5109 5108
f 5034 5035 5110
f 5034 5110 5109
f 5035 5036 5111
f 5035 5111 5110
f 5036 5037 5112
f 5036 5112 5111
f 5037 5038 5113
f 5037 5113 5112
f 5038 5039 5114
f 5038 5114 5113
f 5039 5040 5115
f 5039 5115 5114
f 5040 5041 5116
f 5040 5116 5115
f 5041 5042 5117
f 5041 5117 5116
f 5042 5043 5118
f 5042 5118 5117
f 5043 5044 5119
f 5043 5119 5118
f 5044 5045 5120
f 5044 5120 5119
f 5045 5046 5121
f 5045 5121 5120
f 5046 5047 5122
f 5046 5122 5121
f 5047 5048 5123
f 5047 5123 5122
f 5048 5049 5124
f 5048 5124 5123
f 5049 5050 5125
f 5049 5125 5124
f 5050 5051 5126
f 5050 5126 5125
f 5051 5052 5127
f 5051 5127 5126
f 5052 5053 5128
f 5052 5128 5127
f 5053 5054 5129
f 5053 5129 5128
f 5054 5055 5130
f 5054 5130 5129
f 5055 5056 5131
f 5055 5131 5130
f 5056 5057 5132
f 5056 5132 5131
f 5057 5058 5133
f 5057 5133 5132
f 5058 5059 5134
f 5058 5134 5133
f 5059 5060 5135
f 5059 5135 5134
f 5060 5061 5136
f 5060 5136 5135
f 5061 5062 5137
f 5061 5137 5136
f 5062 5063 5138
f 5062 5138 5137
f 5063 5064 5139
f 5063 5139 5138
f 5064 5065 5140
f 5064 5140 5139
f 5065 5066 5141
f 5065 5141 5140
f 5066 5067 5142
f 5066 5142 5141
f 5067 5068 5143
f 5067 5143 5142
f 5068 5069 5144
f 5068 5144 5143
f 5069 5070 5145
f 5069 5145 5144
f 5070 5071 5146
f 5070 5146 5145
f 5071 5072 5147
f 5071 5147 5146
f 5072 5073 5148
f 5072 5148 5147
f 5073 5074 5149
f 5073 5149 5148
f 5074 5075 5150
f 5074 5150 5149
f 5075 5076 5151
f 5075 5151 5150
f 5076 5077 5152
f 5076 5152 5151
f 5077 5078 5153
f 5077 5153 5152
f 5078 5079 5154
f 5078 5154 5153
f 5079 5080 5155
f 5079 5155 5154
f 5080 5081 5156
f 5080 5156 5155
f 5081 5082 5157
f 5081 5157 5156
f 5082 5083 5158
f 5082 5158 5157
f 5083 5084 5159
f 5083 5159 5158
f 5084 5085 5160
f 5084 5160 5159
f 5085 5086 5161
f 5085 5161 5160
f 5086 5087 5162
f 5086 5162 5161
f 5087 5088 5163
f 5087 5163 5162
f 5088 5089 5164
f 5088 5164 5163
f 5089 5090 5165
f 5089 5165 5164
f 5090 5091 5166
f 5090 5166 5165
f 5091 5092 5167
f 5091 5167 5166
f 5092 5093 5168
f 5092 5168 5167
f 5093 5094 5169
f 5093 5169 5168
f 5094 5095 5170
f 5094 5170 5169
f 5095 5096 5171
f 5095 5171 5170
f 5096 5097 5172
f 5096 5172 5171
f 5097 5098 5173
f 5097 5173 5172
f 5098 5099 5174
f 5098 5174 5173
f 5099 5100 5175
f 5099 5175 5174
f 5101 5102 5177
f 5101 5177 5176
f 5102 5103 5178
f 5102 5178 5177
f 5103 5104 5179
f 5103 5179 5178
f 5104 5105 5180
f 5104 5180 5179
f 5105 5106 5181
f 5105 5181 5180
f 5106 5107 5182
f 5106 5182 5181
f 5107 5108 5183
f 5107 5183 5182
f 5108 5109 5184
f 5108 5184 5183
f 5109 5110 5185
f 5109 5185 5184
f 5110 5111 5186
f 5110 5186 5185
f 5111 5112 5187
f 5111 5187 5186
f 5112 5113 5188
f 5112 5188 5187
f 5113 5114 5189
f 5113 5189 5188
f 5114 5115 5190
f 5114 5190 5189
f 5115 5116 5191
f 5115 5191 5190
f 5116 5117 5192
f 5116 5192 5191
f 5117 5118 5193
f 5117 5193 5192
f 5118 5119 5194
f 5118 5194 5193
f 5119 5120 5195
f 5119 5195 5194
f 5120 5121 5196
f 5120 5196 5195
f 5121 5122 5197
f 5121 5197 5196
f 5122 5123 5198
f 5122 5198 5197
f 5123 5124 5199
f 5123 5199 5198
f 5124 5125 5200
f 5124 5200 5199
f 5125 5126 5201
f 5125 5201 5200
f 5126 5127 5202
f 5126 5202 5201
f 5127 5128 5203
f 5127 5203 5202
f 5128 5129 5204
f 5128 5204 5203
f 5129 5130 5205
f 5129 5205 5204
f 5130 5131 5206
f 5130 5206 5205
f 5131 5132 5207
f 5131 5207 5206
f 5132 5133 5208
f 5132 5208 5207
f 5133 5134 5209
f 5133 5209 5208
f 5134 5135 5210
f 5134 5210 5209
f 5135 5136 5211
f 5135 5211 5210
f 5136 5137 5212
f 5136 5212 5211
f 5137 5138 5213
f 5137 5213 5212
f 5138 5139 5214
f 5138 5214 5213
f 5139 5140 5215
f 5139 5215 5214
f 5140 5141 5216
f 5140 5216 5215
f 5141 5142 5217
f 5141 5217 5216
f 5142 5143 5218
f 5142 5218 5217
f 5143 5144 5219
f 5143 5219 5218
f 5144 5145 5220
f 5144 5220 5219
f 5145 5146 5221
f 5145 5221 5220
f 5146 5147 5222
f 5146 5222 5221
f 5147 5148 5223
f 5147 5223 5222
f 5148 5149 5224
f 5148 5224 5223
f 5149 5150 5225
f 5149 5225 5224
f 5150 5151 5226
f 5150 5226 5225
f 5151 5152 5227
f 5151 5227 5226
f 5152 5153 5228
f 5152 5228 5227
f 5153 5154 5229
f 5153 5229 5228
f 5154 5155 5230
f 5154 5230 5229
f 5155 5156 5231
f 5155 5231 5230
f 5156 5157 5232
f 5156 5232 5231
f 5157 5158 5233
f 5157 5233 5232
f 5158 5159 5234
f 5158 5234 5233
f 5159 5160 5235
f 5159 5235 5234
f 5160 5161 5236
f 5160 5236 5235
f 5161 5162 5237
f 5161 5237 5236
f 5162 5163 5238
f 5162 5238 5237
f 5163 5164 5239
f 5163 5239 5238
f 5164 5165 5240
f 5164 5240 5239
f 5165 5166 5241
f 5165 5241 5240
f 5166 5167 5242
f 5166 5242 5241
f 5167 5168 5243
f 5167 5243 5242
f 5168 5169 5244
f 5168 5244 5243
f 5169 5170 5245
f 5169 5245 5244
f 5170 5171 5246
f 5170 5246 5245
f 5171 5172 5247
f 5171 5247 5246
f 5172 5173 5248
f 5172 5248 5247
f 5173 5174 5249
f 5173 5249 5248
f 5174 5175 5250
f 5174 5250 5249
f 5176 5177 5252
f 5176 5252 5251
f 5177 5178 5253
f 5177 5253 5252
f 5178 5179 5254
f 5178 5254 5253
f 5179 5180 5255
f 5179 5255 5254
f 5180 5181 5256
f 5180 5256 5255
f 5181 5182 5257
f 5181 5257 5256
f 5182 5183 5258
f 5182 5258 5257
f 5183 5184 5259
f 5183 5259 5258
f 5184 5185 5260
f 5184 5260 5259
f 5185 5186 5261
f 5185 5261 5260
f 5186 5187 5262
f 5186 5262 5261
f 5187 5188 5263
f 5187 5263 5262
f 5188 5189 5264
f 5188 5264 5263
f 5189 5190 5265
f 5189 5265 5264
f 5190 5191 5266
f 5190 5266 5265
f 5191 5192 5267
f 5191 5267 5266
f 5192 5193 5268
f 5192 5268 5267
f 5193 5194 5269
f 5193 5269 5268
f 5194 5195 5270
f 5194 5270 5269
f 5195 5196 5271
f 5195 5271 5270
f 5196 5197 5272
f 5196 5272 5271
f 5197 5198 5273
f 5197 5273 5272
f 5198 5199 5274
f 5198 5274 5273
f 5199 5200 5275
f 5199 5275 5274
f 5200 5201 5276
f 5200 5276 5275
f 5201 5202 5277
f 5201 5277 5276
f 5202 5203 5278
f 5202 5278 5277
f 5203 5204 5279
f 5203 5279 5278
f 5204 5205 5280
f 5204 5280 5279
f 5205 5206 5281
f 5205 5281 5280
f 5206 5207 5282
f 5206 5282 5281
f 5207 5208 5283
f 5207 5283 5282
f 5208 5209 5284
f 5208 5284 5283
f 5209 5210 5285
f 5209 5285 5284
f 5210 5211 5286
f 5210 5286 5285
f 5211 5212 5287
f 5211 5287 5286
f 5212 5213 5288
f 5212 5288 5287
f 5213 5214 5289
f 5213 5289 5288
f 5214 5215 5290
f 5214 5290 5289
f 5215 5216 5291
f 5215 5291 5290
f 5216 5217 5292
f 5216 5292 5291
f 5217 5218 5293
f 5217 5293 5292
f 5218 5219 5294
f 5218 5294 5293
f 5219 5220 5295
f 5219 5295 5294
f 5220 5221 5296
f 5220 5296 5295
f 5221 5222 5297
f 5221 5297 5296
f 5222 5223 5298
f 5222 5298 5297
f 5223 5224 5299
f 5223 5299 5298
f 5224 5225 5300
f 5224 5300 5299
f 5225 5226 5301
f 5225 5301 5300
f 5226 5227 5302
f 5226 5302 5301
f 5227 5228 5303
f 5227 5303 5302
f 5228 5229 5304
f 5228 5304 5303
f 5229 5230 5305
f 5229 5305 5304
f 5230 5231 5306
f 5230 5306 5305
f 5231 5232 5307
f 5231 5307 5306
f 5232 5233 5308
f 5232 5308 5307
f 5233 5234 5309
f 5233 5309 5308
f 5234 5235 5310
f 5234 5310 5309
f 5235 5236 5311
f 5235 5311 5310
f 5236 5237 5312
f 5236 5312 5311
f 5237 5238 5313
f 5237 5313 5312
f 5238 5239 5314
f 5238 5314 5313
f 5239 5240 5315
f 5239 5315 5314
f 5240 5241 5316
f 5240 5316 5315
f 5241 5242 5317
f 5241 5317 5316
f 5242 5243 5318
f 5242 5318 5317
f 5243 5244 5319
f 5243 5319 5318
f 5244 5245 5320
f 5244 5320 5319
f 5245 5246 5321
f 5245 5321 5320
f 5246 5247 5322
f 5246 5322 5321
f 5247 5248 5323
f 5247 5323 5322
f 5248 5249 5324
f 5248 5324 5323
f 5249 5250 5325
f 5249 5325 5324
f 5251 5252 5327
f 5251 5327 5326
f 5252 5253 5328
f 5252 5328 5327
f 5253 5254 5329
f 5253 5329 5328
f 5254 5255 5330
f 5254 5330 5329
f 5255 5256 5331
f 5255 5331 5330
f 5256 5257 5332
f 5256 5332 5331
f 5257 5258 5333
f 5257 5333 5332
f 5258 5259 5334
f 5258 5334 5333
f 5259 5260 5335
f 5259 5335 5334
f 5260 5261 5336
f 5260 5336 5335
f 5261 5262 5337
f 5261 5337 5336
f 5262 5263 5338
f 5262 5338 5337
f 5263 5264 5339
f 5263 5339 5338
f 5264 5265 5340
f 5264 5340 5339
f 5265 5266 5341
f 5265 5341 5340
f 5266 5267 5342
f 5266 5342 5341
f 5267 5268 5343
f 5267 5343 5342
f 5268 5269 5344
f 5268 5344 5343
f 5269 5270 5345
f 5269 5345 5344
f 5270 5271 5346
f 5270 5346 5345
f 5271 5272 5347
f 5271 5347 5346
f 5272 5273 5348
f 5272 5348 5347
f 5273 5274 5349
f 5273 5349 5348
f 5274 5275 5350
f 5274 5350 5349
f 5275 5276 5351
f 5275 5351 5350
f 5276 5277 5352
f 5276 5352 5351
f 5277 5278 5353
f 5277 5353 5352
f 5278 5279 5354
f 5278 5354 5353
f 5279 5280 5355
f 5279 5355 5354
f 5280 5281 5356
f 5280 5356 5355
f 5281 5282 5357
f 5281 5357 5356
f 5282 5283 5358
f 5282 5358 5357
f 5283 5284 5359
f 5283 5359 5358
f 5284 5285 5360
f 5284 5360 5359
f 5285 5286 5361
f 5285 5361 5360
f 5286 5287 5362
f 5286 5362 5361
f 5287 5288 5363
f 5287 5363 5362
f 5288 5289 5364
f 5288 5364 5363
f 5289 5290 5365
f 5289 5365 5364
f 5290 5291 5366
f 5290 5366 5365
f 5291 5292 5367
f 5291 5367 5366
f 5292 5293 5368
f 5292 5368 5367
f 5293 5294 5369
f 5293 5369 5368
f 5294 5295 5370
f 5294 5370 5369
f 5295 5296 5371
f 5295 5371 5370
f 5296 5297 5372
f 5296 5372 5371
f 5297 5298 5373
f 5297 5373 5372
f 5298 5299 5374
f 5298 5374 5373
f 5299 5300 5375
f 5299 5375 5374
f 5300 5301 5376
f 5300 5376 5375
f 5301 5302 5377
f 5301 5377 5376
f 5302 5303 5378
f 5302 5378 5377
f 5303 5304 5379
f 5303 5379 5378
f 5304 5305 5380
f 5304 5380 5379
f 5305 5306 5381
f 5305 5381 5380
f 5306 5307 5382
f 5306 5382 5381
f 5307 5308 5383
f 5307 5383 5382
f 5308 5309 5384
f 5308 5384 5383
f 5309 5310 5385
f 5309 5385 5384
f 5310 5311 5386
f 5310 5386 5385
f 5311 5312 5387
f 5311 5387 5386
f 5312 5313 5388
f 5312 5388 5387
f 5313 5314 5389
f 5313 5389 5388
f 5314 5315 5390
f 5314 5390 5389
f 5315 5316 5391
f 5315 5391 5390
f 5316 5317 5392
f 5316 5392 5391
f 5317 5318 5393
f 5317 5393 5392
f 5318 5319 5394
f 5318 5394 5393
f 5319 5320 5395
f 5319 5395 5394
f 5320 5321 5396
f 5320 5396 5395
f 5321 5322 5397
f 5321 5397 5396
f 5322 5323 5398
f 5322 5398 5397
f 5323 5324 5399
f 5323 5399 5398
f 5324 5325 5400
f 5324 5400 5399
f 5326 5327 5402
f 5326 5402 5401
f 5327 5328 5403
f 5327 5403 5402
f 5328 5329 5404
f 5328 5404 5403
f 5329 5330 5405
f 5329 5405 5404
f 5330 5331 5406
f 5330 5406 5405
f 5331 5332 5407
f 5331 5407 5406
f 5332 5333 5408
f 5332 5408 5407
f 5333 5334 5409
f 5333 5409 5408
f 5334 5335 5410
f 5334 5410 5409
f 5335 5336 5411
f 5335 5411 5410
f 5336 5337 5412
f 5336 5412 5411
f 5337 5338 5413
f 5337 5413 5412
f 5338 5339 5414
f 5338 5414 5413
f 5339 5340 5415
f 5339 5415 5414
f 5340 5341 5416
f 5340 5416 5415
f 5341 5342 5417
f 5341 5417 5416
f 5342 5343 5418
f 5342 5418 5417
f 5343 5344 5419
f 5343 5419 5418
f 5344 5345 5420
f 5344 5420 5419
f 5345 5346 5421
f 5345 5421 5420
f 5346 5347 5422
f 5346 5422 5421
f 5347 5348 5423
f 5347 5423 5422
f 5348 5349 5424
f 5348 5424 5423
f 5349 5350 5425
f 5349 5425 5424
f 5350 5351 5426
f 5350 5426 5425
f 5351 5352 5427
f 5351 5427 5426
f 5352 5353 5428
f 5352 5428 5427
f 5353 5354 5429
f 5353 5429 5428
f 5354 5355 5430
f 5354 5430 5429
f 5355 5356 5431
f 5355 5431 5430
f 5356 5357 5432
f 5356 5432 5431
f 5357 5358 5433
f 5357 5433 5432
f 5358 5359 5434
f 5358 5434 5433
f 5359 5360 5435
f 5359 5435 5434
f 5360 5361 5436
f 5360 5436 5435
f 5361 5362 5437
f 5361 5437 5436
f 5362 5363 5438
f 5362 5438 5437
f 5363 5364 5439
f 5363 5439 5438
f 5364 5365 5440
f 5364 5440 5439
f 5365 5366 5441
f 5365 5441 5440
f 5366 5367 5442
f 5366 5442 5441
f 5367 5368 5443
f 5367 5443 5442
f 5368 5369 5444
f 5368 5444 5443
f 5369 5370 5445
f 5369 5445 5444
f 5370 5371 5446
f 5370 5446 5445
f 5371 5372 5447
f 5371 5447 5446
f 5372 5373 5448
f 5372 5448 5447
f 5373 5374 5449
f 5373 5449 5448
f 5374 5375 5450
f 5374 5450 5449
f 5375 5376 5451
f 5375 5451 5450
f 5376 5377 5452
f 5376 5452 5451
f 5377 5378 5453
f 5377 5453 5452
f 5378 5379 5454
f 5378 5454 5453
f 5379 5380 5455
f 5379 5455 5454
f 5380 5381 5456
f 5380 5456 5455
f 5381 5382 5457
f 5381 5457 5456
f 5382 5383 5458
f 5382 5458 5457
f 5383 5384 5459
f 5383 5459 5458
f 5384 5385 5460
f 5384 5460 5459
f 5385 5386 5461
f 5385 5461 5460
f 5386 5387 5462
f 5386 5462 5461
f 5387 5388 5463
f 5387 5463 5462
f 5388 5389 5464
f 5388 5464 5463
f 5389 5390 5465
f 5389 5465 5464
f 5390 5391 5466
f 5390 5466 5465
f 5391 5392 5467
f 5391 5467 5466
f 5392 5393 5468
f 5392 5468 5467
f 5393 5394 5469
f 5393 5469 5468
f 5394 5395 5470
f 5394 5470 5469
f 5395 5396 5471
f 5395 5471 5470
f 5396 5397 5472
f 5396 5472 5471
f 5397 5398 5473
f 5397 5473 5472
f 5398 5399 5474
f 5398 5474 5473
f 5399 5400 5475
f 5399 5475 5474
f 5401 5402 5477
f 5401 5477 5476
f 5402 5403 5478
f 5402 5478 5477
f 5403 5404 5479
f 5403 5479 5478
f 5404 5405 5480
f 5404 5480 5479
f 5405 5406 5481
f 5405 5481 5480
f 5406 5407 5482
f 5406 5482 5481
f 5407 5408 5483
f 5407 5483 5482
f 5408 5409 5484
f 5408 5484 5483
f 5409 5410 5485
f 5409 5485 5484
f 5410 5411 5486
f 5410 5486 5485
f 5411 5412 5487
f 5411 5487 5486
f 5412 5413 5488
f 5412 5488 5487
f 5413 5414 5489
f 5413 5489 5488
f 5414 5415 5490
f 5414 5490 5489
f 5415 5416 5491
f 5415 5491 5490
f 5416 5417 5492
f 5416 5492 5491
f 5417 5418 5493
f 5417 5493 5492
f 5418 5419 5494
f 5418 5494 5493
f 5419 5420 5495
f 5419 5495 5494
f 5420 5421 5496
f 5420 5496 5495
f 5421 5422 5497
f 5421 5497 5496
f 5422 5423 5498
f 5422 5498 5497
f 5423 5424 5499
f 5423 5499 5498
f 5424 5425 5500
f 5424 5500 5499
f 5425 5426 5501
f 5425 5501 5500
f 5426 5427 5502
f 5426 5502 5501
f 5427 5428 5503
f 5427 5503 5502
f 5428 5429 5504
f 5428 5504 5503
f 5429 5430 5505
f 5429 5505 5504
f 5430 5431 5506
f 5430 5506 5505
f 5431 5432 5507
f 5431 5507 5506
f 5432 5433 5508
f 5432 5508 5507
f 5433 5434 5509
f 5433 5509 5508
f 5434 5435 5510
f 5434 5510 5509
f 5435 5436 5511
f 5435 5511 5510
f 5436 5437 5512
f 5436 5512 5511
f 5437 5438 5513
f 5437 5513 5512
f 5438 5439 5514
f 5438 5514 5513
f 5439 5440 5515
f 5439 5515 5514
f 5440 5441 5516
f 5440 5516 5515
f 5441 5442 5517
f 5441 5517 5516
f 5442 5443 5518
f 5442 5518 5517
f 5443 5444 5519
f 5443 5519 5518
f 5444 5445 5520
f 5444 5520 5519
f 5445 5446 5521
f 5445 5521 5520
f 5446 5447 5522
f 5446 5522 5521
f 5447 5448 5523
f 5447 5523 5522
f 5448 5449 5524
f 5448 5524 5523
f 5449 5450 5525
f 5449 5525 5524
f 5450 5451 5526
f 5450 5526 5525
f 5451 5452 5527
f 5451 5527 5526
f 5452 5453 5528
f 5452 5528 5527
f 5453 5454 5529
f 5453 5529 5528
f 5454 5455 5530
f 5454 5530 5529
f 5455 5456 5531
f 5455 5531 5530
f 5456 5457 5532
f 5456 5532 5531
f 5457 5458 5533
f 5457 5533 5532
f 5458 5459 5534
f 5458 5534 5533
f 5459 5460 5535
f 5459 5535 5534
f 5460 5461 5536
f 5460 5536 5535
f 5461 5462 5537
f 5461 5537 5536
f 5462 5463 5538
f 5462 5538 5537
f 5463 5464 5539
f 5463 5539 5538
f 5464 5465 5540
f 5464 5540 5539
f 5465 5466 5541
f 5465 5541 5540
f 5466 5467 5542
f 5466 5542 5541
f 5467 5468 5543
f 5467 5543 5542
f 5468 5469 5544
f 5468 5544 5543
f 5469 5470 5545
f 5469 5545 5544
f 5470 5471 5546
f 5470 5546 5545
f 5471 5472 5547
f 5471 5547 5546
f 5472 5473 5548
f 5472 5548 5547
f 5473 5474 5549
f 5473 5549 5548
f 5474 5475 5550
f 5474 5550 5549
f 5476 5477 5552
f 5476 5552 5551
f 5477 5478 5553
f 5477 5553 5552
f 5478 5479 5554
f 5478 5554 5553
f 5479 5480 5555
f 5479 5555 5554
f 5480 5481 5556
f 5480 5556 5555
f 5481 5482 5557
f 5481 5557 5556
f 5482 5483 5558
f 5482 5558 5557
f 5483 5484 5559
f 5483 5559 5558
f 5484 5485 5560
f 5484 5560 5559
f 5485 5486 5561
f 5485 5561 5560
f 5486 5487 5562
f 5486 5562 5561
f 5487 5488 5563
f 5487 5563 5562
f 5488 5489 5564
f 5488 5564 5563
f 5489 5490 5565
f 5489 5565 5564
f 5490 5491 5566
f 5490 5566 5565
f 5491 5492 5567
f 5491 5567 5566
f 5492 5493 5568
f 5492 5568 5567
f 5493 5494 5569
f 5493 5569 5568
f 5494 5495 5570
f 5494 5570 5569
f 5495 5496 5571
f 5495 5571 5570
f 5496 5497 5572
f 5496 5572 5571
f 5497 5498 5573
f 5497 5573 5572
f 5498 5499 5574
f 5498 5574 5573
f 5499 5500 5575
f 5499 5575 5574
f 5500 5501 5576
f 5500 5576 5575
f 5501 5502 5577
f 5501 5577 5576
f 5502 5503 5578
f 5502 5578 5577
f 5503 5504 5579
f 5503 5579 5578
f 5504 5505 5580
f 5504 5580 5579
f 5505 5506 5581
f 5505 5581 5580
f 5506 5507 5582
f 5506 5582 5581
f 5507 5508 5583
f 5507 5583 5582
f 5508 5509 5584
f 5508 5584 5583
f 5509 5510 5585
f 5509 5585 5584
f 5510 5511 5586
f 5510 5586 5585
f 5511 5512 5587
f 5511 5587 5586
f 5512 5513 5588
f 5512 5588 5587
f 5513 5514 5589
f 5513 5589 5588
f 5514 5515 5590
f 5514 5590 5589
f 5515 5516 5591
f 5515 5591 5590
f 5516 5517 5592
f 5516 5592 5591
f 5517 5518 5593
f 5517 5593 5592
f 5518 5519 5594
f 5518 5594 5593
f 5519 5520 5595
f 5519 5595 5594
f 5520 5521 5596
f 5520 5596 5595
f 5521 5522 5597
f 5521 5597 5596
f 5522 5523 5598
f 5522 5598 5597
f 5523 5524 5599
f 5523 5599 5598
f 5524 5525 5600
f 5524 5600 5599
f 5525 5526 5601
f 5525 5601 5600
f 5526 5527 5602
f 5526 5602 5601
f 5527 5528 5603
f 5527 5603 5602
f 5528 5529 5604
f 5528 5604 5603
f 5529 5530 5605
f 5529 5605 5604
f 5530 5531 5606
f 5530 5606 5605
f 5531 5532 5607
f 5531 5607 5606
f 5532 5533 5608
f 5532 5608 5607
f 5533 5534 5609
f 5533 5609 5608
f 5534 5535 5610
f 5534 5610 5609
f 5535 5536 5611
f 5535 5611 5610
f 5536 5537 5612
f 5536 5612 5611
f 5537 5538 5613
f 5537 5613 5612
f 5538 5539 5614
f 5538 5614 5613
f 5539 5540 5615
f 5539 5615 5614
f 5540 5541 5616
f 5540 5616 5615
f 5541 5542 5617
f 5541 5617 5616
f 5542 5543 5618
f 5542 5618 5617
f 5543 5544 5619
f 5543 5619 5618
f 5544 5545 5620
f 5544 5620 5619
f 5545 5546 5621
f 5545 5621 5620
f 5546 5547 5622
f 5546 5622 5621
f 5547 5548 5623
f 5547 5623 5622
f 5548 5549 5624
f 5548 5624 5623
f 5549 5550 5625
f 5549 5625 5624